canonical_node_id,label,category_large,category_small,category_name,all_category_smalls,current_question_ids,strong_available,exam_importance,safety_importance,clinical_reasoning,single_question_risk,strong_creation_feasibility,memorization_risk,balance_adjustment,source_quality_risk,priority_score,final_rank,recommended_pattern,reason,notes
KN0028,無痛性皮膚障害の自己管理,B,11,小児学,11,Q28,False,5,5,5,5,5,5,5,1,56,S,TYPE_J Clinical case → Intervention choice,小児学のsafety_priority。重要度5、Safety5、臨床推論5。別経路での確認価値を評価。,
KN0091,Uhthoff現象への冷却・休息,B,9,神経医学,9,Q91,False,5,5,5,5,5,5,5,1,56,S,TYPE_J Clinical case → Intervention choice,神経医学のintervention_selection。重要度5、Safety5、臨床推論5。別経路での確認価値を評価。,
KN0135,Pavlik harness装着中の皮膚圧迫・ずれを確認し自己調整を避ける,B,11,小児学,11,Q135,False,5,5,5,5,5,5,5,1,56,S,TYPE_J Clinical case → Intervention choice,小児学のsafety_priority。重要度5、Safety5、臨床推論5。別経路での確認価値を評価。,
KN0333,Down症候群児の頸部痛・歩容変化から環軸椎不安定性を疑う運動中止,B,11,小児学,11,Q336,False,5,5,5,5,5,5,5,1,56,S,TYPE_J Clinical case → Intervention choice,小児学のsafety_priority。重要度5、Safety5、臨床推論5。別経路での確認価値を評価。,
KN0473,離断性骨軟骨炎疑いで競技負荷を中止し専門評価へつなぐ判断,B,11,小児学,11,Q481,False,5,5,5,5,5,5,5,1,56,S,TYPE_J Clinical case → Intervention choice,小児学のsafety_priority。重要度5、Safety5、臨床推論5。別経路での確認価値を評価。,
KN0010,急な低酸素・呼吸困難への初期対応,C,16,運動器,16,Q10,False,5,5,5,5,5,5,4,1,55,S,TYPE_J Clinical case → Intervention choice,運動器のsafety_priority。重要度5、Safety5、臨床推論5。別経路での確認価値を評価。,
KN0011,自律神経過反射への初期対応,C,18,理学療法治療各論,18,Q11,False,5,5,5,5,5,5,4,1,55,S,TYPE_J Clinical case → Intervention choice,理学療法治療各論のsafety_priority。重要度5、Safety5、臨床推論5。別経路での確認価値を評価。,
KN0017,バイタルサインと人工呼吸器条件を監視しながら、端座位から立位へ段階的に離床を進めるへの介入選択,B,8,内科学,8,Q17,False,5,5,5,5,5,5,4,1,55,S,TYPE_J Clinical case → Intervention choice,内科学のintervention_selection。重要度5、Safety5、臨床推論5。別経路での確認価値を評価。,
KN0022,瘢痕拘縮予防のROM・伸張,C,16,運動器,16,Q22,False,5,5,5,5,5,5,4,1,55,S,TYPE_J Clinical case → Intervention choice,運動器のintervention_selection。重要度5、Safety5、臨床推論5。別経路での確認価値を評価。,
KN0043,本症例は6分間歩行後にSpO₂91％、Borg指数5まで変化しているため、運動中は酸素飽和度、呼吸困難などの自覚症状、心拍数や血圧を含む循環動態を継続的に監視し、安全な運動強度へ調,C,17,理学療法評価各論,17,Q43,False,5,5,5,5,5,5,4,1,55,S,TYPE_J Clinical case → Intervention choice,理学療法評価各論のsafety_priority。重要度5、Safety5、臨床推論5。別経路での確認価値を評価。,
KN0054,有酸素＋筋力運動の段階的実施,C,18,理学療法治療各論,18,Q54,False,5,5,5,5,5,5,4,1,55,S,TYPE_J Clinical case → Intervention choice,理学療法治療各論のintervention_selection。重要度5、Safety5、臨床推論5。別経路での確認価値を評価。,
KN0058,携帯酸素の安全な生活使用,B,8,内科学,8,Q58,False,5,5,5,5,5,5,4,1,55,S,TYPE_J Clinical case → Intervention choice,内科学のintervention_selection。重要度5、Safety5、臨床推論5。別経路での確認価値を評価。,
KN0073,末梢動脈疾患の歩行療法では、軽度から中等度の跛行が出現するまで歩き、疼痛が消失するまで休息して再開する方法を反復することで、歩行耐容能の改善を図る,C,18,理学療法治療各論,18,Q73,False,5,5,5,5,5,5,4,1,55,S,TYPE_J Clinical case → Intervention choice,理学療法治療各論のintervention_selection。重要度5、Safety5、臨床推論5。別経路での確認価値を評価。,
KN0083,運動時低酸素のモニタリング,C,17,理学療法評価各論,17,Q83,False,5,5,5,5,5,5,4,1,55,S,TYPE_J Clinical case → Intervention choice,理学療法評価各論のsafety_priority。重要度5、Safety5、臨床推論5。別経路での確認価値を評価。,
KN0093,退院後はバッテリー残量の確認・交換、ケーブルの引っ掛かり防止、機器携行などを自ら安全に行う必要があるため、実際の外出場面を想定して自己管理能力を確認する,B,8,内科学,8,Q93,False,5,5,5,5,5,5,4,1,55,S,TYPE_J Clinical case → Intervention choice,内科学のsafety_priority。重要度5、Safety5、臨床推論5。別経路での確認価値を評価。,
KN0102,立位時血圧低下への初期対応,C,18,理学療法治療各論,18,Q102,False,5,5,5,5,5,5,4,1,55,S,TYPE_J Clinical case → Intervention choice,理学療法治療各論のsafety_priority。重要度5、Safety5、臨床推論5。別経路での確認価値を評価。,
KN0103,段階的競技復帰では、症状が出た場合は無症状で実施できていた前段階へ戻し、十分な無症状期間を確認してから再び負荷を段階的に上げる時の優先対応,C,16,運動器,16,Q103,False,5,5,5,5,5,5,4,1,55,S,TYPE_J Clinical case → Intervention choice,運動器のsafety_priority。重要度5、Safety5、臨床推論5。別経路での確認価値を評価。,
KN0105,疼痛を皮膚損傷の警告として利用できないため、毎日の足部観察、靴内の異物や縫い目の確認、足幅や圧迫部位に配慮した靴選びを習慣化し、潰瘍への進行を防ぐことが重要である時の優先対応,B,8,内科学,8,Q105,False,5,5,5,5,5,5,4,1,55,S,TYPE_J Clinical case → Intervention choice,内科学のsafety_priority。重要度5、Safety5、臨床推論5。別経路での確認価値を評価。,
KN0132,足部痛の原因と皮膚・循環・運動機能を評価し、安全な運動療法を検討する,C,18,理学療法治療各論,18,Q132,False,5,5,5,5,5,5,4,1,55,S,TYPE_J Clinical case → Intervention choice,理学療法治療各論のsafety_priority。重要度5、Safety5、臨床推論5。別経路での確認価値を評価。,
KN0151,肩甲帯・腱板の動的安定性,C,16,運動器,16,Q152,False,5,5,5,5,5,5,4,1,55,S,TYPE_J Clinical case → Intervention choice,運動器のintervention_selection。重要度5、Safety5、臨床推論5。別経路での確認価値を評価。,
KN0163,シャント肢を避けた血圧測定,B,8,内科学,8,Q164,False,5,5,5,5,5,5,4,1,55,S,TYPE_J Clinical case → Intervention choice,内科学のsafety_priority。重要度5、Safety5、臨床推論5。別経路での確認価値を評価。,
KN0176,脊柱過屈曲を避けた生活動作,C,18,理学療法治療各論,18,Q177,False,5,5,5,5,5,5,4,1,55,S,TYPE_J Clinical case → Intervention choice,理学療法治療各論のsafety_priority。重要度5、Safety5、臨床推論5。別経路での確認価値を評価。,
KN0177,運動中低血糖への糖質摂取,C,17,理学療法評価各論,17,Q178,False,5,5,5,5,5,5,4,1,55,S,TYPE_J Clinical case → Intervention choice,理学療法評価各論のsafety_priority。重要度5、Safety5、臨床推論5。別経路での確認価値を評価。,
KN0197,運動中血圧低下・めまいで中止,C,17,理学療法評価各論,17,Q198,False,5,5,5,5,5,5,4,1,55,S,TYPE_J Clinical case → Intervention choice,理学療法評価各論のsafety_priority。重要度5、Safety5、臨床推論5。別経路での確認価値を評価。,
KN0281,胸痛・ST低下・運動時血圧低下に対する運動負荷中止,C,17,理学療法評価各論,17,Q283,False,5,5,5,5,5,5,4,1,55,S,TYPE_J Clinical case → Intervention choice,理学療法評価各論のsafety_priority。重要度5、Safety5、臨床推論5。別経路での確認価値を評価。,
KN0286,重度高カリウム血症時の運動中止と医師報告,C,17,理学療法評価各論,17,Q288,False,5,5,5,5,5,5,4,1,55,S,TYPE_J Clinical case → Intervention choice,理学療法評価各論のsafety_priority。重要度5、Safety5、臨床推論5。別経路での確認価値を評価。,
KN0287,安定した踵部黒色痂皮の除圧・保護と感染観察,C,18,理学療法治療各論,18,Q289,False,5,5,5,5,5,5,4,1,55,S,TYPE_J Clinical case → Intervention choice,理学療法治療各論のintervention_selection。重要度5、Safety5、臨床推論5。別経路での確認価値を評価。,
KN0301,症候性重度低ナトリウム血症の緊急対応,C,18,理学療法治療各論,18,Q303,False,5,5,5,5,5,5,4,1,55,S,TYPE_J Clinical case → Intervention choice,理学療法治療各論のsafety_priority。重要度5、Safety5、臨床推論5。別経路での確認価値を評価。,
KN0319,内シャントのスリル消失時の運動中止と速やかな報告,C,17,理学療法評価各論,17,Q321,False,5,5,5,5,5,5,4,1,55,S,TYPE_J Clinical case → Intervention choice,理学療法評価各論のsafety_priority。重要度5、Safety5、臨床推論5。別経路での確認価値を評価。,
KN0320,運動中低血糖に対する即時の糖質補給と運動中止,C,18,理学療法治療各論,18,Q322,False,5,5,5,5,5,5,4,1,55,S,TYPE_J Clinical case → Intervention choice,理学療法治療各論のsafety_priority。重要度5、Safety5、臨床推論5。別経路での確認価値を評価。,
KN0322,リンパ浮腫患者の発熱・発赤・熱感から蜂窩織炎を疑う緊急対応,C,18,理学療法治療各論,18,Q324,False,5,5,5,5,5,5,4,1,55,S,TYPE_J Clinical case → Intervention choice,理学療法治療各論のsafety_priority。重要度5、Safety5、臨床推論5。別経路での確認価値を評価。,
KN0331,尿閉・会陰部感覚低下を伴う馬尾症候群red flagへの緊急対応,C,17,理学療法評価各論,17,Q334,False,5,5,5,5,5,5,4,1,55,S,TYPE_J Clinical case → Intervention choice,理学療法評価各論のsafety_priority。重要度5、Safety5、臨床推論5。別経路での確認価値を評価。,
KN0458,上腕骨顆上骨折後の循環障害・コンパートメント症候群徴候の優先確認,C,16,運動器,16,Q466,False,5,5,5,5,5,5,4,1,55,S,TYPE_J Clinical case → Intervention choice,運動器のsafety_priority。重要度5、Safety5、臨床推論5。別経路での確認価値を評価。,
KN0463,VA-ECMO離床前のカニューレ固定・血行動態・回路安全確認,B,8,内科学,8,Q471,False,5,5,5,5,5,5,4,1,55,S,TYPE_J Clinical case → Intervention choice,内科学のsafety_priority。重要度5、Safety5、臨床推論5。別経路での確認価値を評価。,
KN1278,大腿骨近位部骨折術後の下腿腫脹・圧痛からDVTを疑いD-dimerを優先確認する,C,16,運動器,16,Q1294,False,5,5,5,5,5,5,4,1,55,S,TYPE_J Clinical case → Intervention choice,運動器のsafety_priority。重要度5、Safety5、臨床推論5。別経路での確認価値を評価。,
KN0013,易疲労性を踏まえた運動配慮,B,9,神経医学,9,Q13,False,5,4,5,5,5,5,5,1,54,S,TYPE_J Clinical case → Intervention choice,神経医学のintervention_selection。重要度5、Safety4、臨床推論5。別経路での確認価値を評価。,
KN0021,過剰収縮を避けた運動指導,B,9,神経医学,9,Q21,False,5,4,5,5,5,5,5,1,54,S,TYPE_J Clinical case → Intervention choice,神経医学のintervention_selection。重要度5、Safety4、臨床推論5。別経路での確認価値を評価。,
KN0026,過用を避けた中等度運動,B,9,神経医学,9,Q26,False,5,4,5,5,5,5,5,1,54,S,TYPE_J Clinical case → Intervention choice,神経医学のintervention_selection。重要度5、Safety4、臨床推論5。別経路での確認価値を評価。,
KN0175,視覚キューによるすくみ足対策,B,9,神経医学,9,Q176,False,5,4,5,5,5,5,5,1,54,S,TYPE_J Clinical case → Intervention choice,神経医学のintervention_selection。重要度5、Safety4、臨床推論5。別経路での確認価値を評価。,
KN0213,深部感覚低下に対する視覚代償を利用したバランス練習,B,9,神経医学,9,Q214,False,5,4,5,5,5,5,5,1,54,S,TYPE_J Clinical case → Intervention choice,神経医学のintervention_selection。重要度5、Safety4、臨床推論5。別経路での確認価値を評価。,
KN0388,骨転移患者の新規荷重時痛から病的骨折リスクを疑い運動を中止する,C,13,基礎運動学,13,Q393,False,5,5,5,5,5,5,3,1,54,S,TYPE_J Clinical case → Intervention choice,基礎運動学のsafety_priority。重要度5、Safety5、臨床推論5。別経路での確認価値を評価。,
KN0785,神経筋再教育の目的と適切な実施方法,A,5,教育学,5,Q793,False,5,4,5,5,5,5,5,1,54,S,TYPE_J Clinical case → Intervention choice,教育学のintervention_selection。重要度5、Safety4、臨床推論5。別経路での確認価値を評価。,
KN0029,休息を組み合わせた歩行訓練,C,15,動作分析学,15,Q29,False,5,5,5,5,5,5,2,1,53,S,TYPE_J Clinical case → Intervention choice,動作分析学のintervention_selection。重要度5、Safety5、臨床推論5。別経路での確認価値を評価。,
KN0048,運動時低酸素への条件再検討,C,15,動作分析学,15,Q48,False,5,5,5,5,5,5,2,1,53,S,TYPE_J Clinical case → Intervention choice,動作分析学のsafety_priority。重要度5、Safety5、臨床推論5。別経路での確認価値を評価。,
KN0100,模擬作業で緊急停止反応と安全確認能力を評価する,A,6,医学概論,6,Q100,False,5,5,5,5,5,5,2,1,53,S,TYPE_J Clinical case → Intervention choice,医学概論のsafety_priority。重要度5、Safety5、臨床推論5。別経路での確認価値を評価。,
KN0114,疼痛消失と機能確認後の段階復帰,C,15,動作分析学,15,Q114,False,5,5,5,5,5,5,2,1,53,S,TYPE_J Clinical case → Intervention choice,動作分析学のsafety_priority。重要度5、Safety5、臨床推論5。別経路での確認価値を評価。,
KN0182,SpO2＋呼吸困難モニタリング,C,15,動作分析学,15,Q183,False,5,5,5,5,5,5,2,1,53,S,TYPE_J Clinical case → Intervention choice,動作分析学のsafety_priority。重要度5、Safety5、臨床推論5。別経路での確認価値を評価。,
KN0187,安静時痛・蒼白・冷感で運動中止,C,15,動作分析学,15,Q188,False,5,5,5,5,5,5,2,1,53,S,TYPE_J Clinical case → Intervention choice,動作分析学のsafety_priority。重要度5、Safety5、臨床推論5。別経路での確認価値を評価。,
KN0192,運動中胸部圧迫感への中止・報告,C,15,動作分析学,15,Q193,False,5,5,5,5,5,5,2,1,53,S,TYPE_J Clinical case → Intervention choice,動作分析学のsafety_priority。重要度5、Safety5、臨床推論5。別経路での確認価値を評価。,
KN0237,感染性肺結核に対する空気感染予防策とN95使用,A,6,医学概論,6,Q238,False,5,5,5,5,5,5,2,1,53,S,TYPE_J Clinical case → Intervention choice,医学概論のsafety_priority。重要度5、Safety5、臨床推論5。別経路での確認価値を評価。,
KN0327,他動手指伸展痛を伴う急性コンパートメント症候群の識別,C,16,運動器,16,Q329,False,5,5,4,5,5,5,4,1,53,S,TYPE_F Result → Cause,運動器のfinding_interpretation。重要度5、Safety5、臨床推論4。別経路での確認価値を評価。,
KN0155,視覚FBを使った協調・バランス練習,C,13,基礎運動学,13,Q156,False,5,4,5,5,5,5,3,1,52,S,TYPE_J Clinical case → Intervention choice,基礎運動学のintervention_selection。重要度5、Safety4、臨床推論5。別経路での確認価値を評価。,
KN0676,神経原性ショックにおける低血圧・徐脈などの特徴,B,7,病理学,7,Q684,False,5,4,4,5,5,5,5,1,52,S,TYPE_F Result → Cause,病理学のfinding_interpretation。重要度5、Safety4、臨床推論4。別経路での確認価値を評価。,
KN0679,自分の感情を他者のものとして捉える投影の識別,B,12,臨床心理学,12,Q687,False,5,4,4,5,5,5,5,1,52,S,TYPE_F Result → Cause,臨床心理学のfinding_interpretation。重要度5、Safety4、臨床推論4。別経路での確認価値を評価。,
KN1288,大腿切断後の股関節屈曲拘縮を予防する肢位管理,A,6,医学概論,6,Q1305,False,5,4,5,5,5,5,2,1,51,S,TYPE_J Clinical case → Intervention choice,医学概論のintervention_selection。重要度5、Safety4、臨床推論5。別経路での確認価値を評価。,
KN0755,急性灰白髄炎（ポリオ）はポリオウイルス感染で脊髄前角細胞を障害する,B,7,病理学,7,Q763,False,5,5,2,5,4,5,5,1,49,S,TYPE_A Definition → Case,病理学のfact_recall。重要度5、Safety5、臨床推論2。別経路での確認価値を評価。,
KN0818,妊娠中の風疹感染は先天性風疹症候群を起こし、心疾患・白内障・難聴などの先天異常を生じうる,B,7,病理学,7,Q827,False,5,5,2,5,4,5,5,1,49,S,TYPE_A Definition → Case,病理学のfact_recall。重要度5、Safety5、臨床推論2。別経路での確認価値を評価。,
KN0908,うつ病の復職支援プログラムの内容として最も適切なのはどれかに対して適切な理学療法・介入を選択する,B,10,精神医学,10,Q917,False,5,1,5,5,5,5,5,1,48,S,TYPE_J Clinical case → Intervention choice,精神医学のintervention_selection。重要度5、Safety1、臨床推論5。別経路での確認価値を評価。,
KN1085,リエゾン精神医学で具体的・支持的に関わるベッドサイド対応,A,3,心理学,3,Q1096,False,5,1,5,5,5,5,5,1,48,S,TYPE_J Clinical case → Intervention choice,心理学のintervention_selection。重要度5、Safety1、臨床推論5。別経路での確認価値を評価。,
KN1316,うつ病の入眠困難に対する睡眠衛生指導,B,10,精神医学,10,Q1336,False,5,1,5,5,5,5,5,1,48,S,TYPE_J Clinical case → Intervention choice,精神医学のintervention_selection。重要度5、Safety1、臨床推論5。別経路での確認価値を評価。,
KN1008,腱板を構成する筋はどれかに対して適切な理学療法・介入を選択する,A,1,解剖学,1,Q1018,False,5,1,5,5,5,5,4,1,47,S,TYPE_J Clinical case → Intervention choice,解剖学のintervention_selection。重要度5、Safety1、臨床推論5。別経路での確認価値を評価。,
KN0014,視覚的に物品の変形や動きを確認しながら、物体の硬さや重さに応じた把持力調節を反復するへの介入選択,C,13,基礎運動学,13,Q14,False,5,1,5,5,5,5,3,1,46,S,TYPE_J Clinical case → Intervention choice,基礎運動学のintervention_selection。重要度5、Safety1、臨床推論5。別経路での確認価値を評価。,
KN0030,深頸屈筋の運動制御,C,13,基礎運動学,13,Q30,False,5,1,5,5,5,5,3,1,46,S,TYPE_J Clinical case → Intervention choice,基礎運動学のintervention_selection。重要度5、Safety1、臨床推論5。別経路での確認価値を評価。,
KN0505,医療面接における自由質問法はどれかから病態・機能障害を解釈,B,12,臨床心理学,12,Q513,False,5,1,4,5,5,5,5,1,46,S,TYPE_F Result → Cause,臨床心理学のfinding_interpretation。重要度5、Safety1、臨床推論4。別経路での確認価値を評価。,
KN0554,運動障害と評価方法の組合せの基本事項,C,14,臨床運動学,14,Q562,False,5,1,4,5,5,5,5,1,46,S,TYPE_K Static knowledge → Applied judgment,臨床運動学のassessment_selection。重要度5、Safety1、臨床推論4。別経路での確認価値を評価。,
KN1149,下肢深部静脈血栓が遊離すると下大静脈から右心系を経て肺動脈へ到達し、肺塞栓症を起こす,A,1,解剖学,1,Q1162,False,4,5,2,5,4,5,4,1,46,S,TYPE_A Definition → Case,解剖学のfact_recall。重要度4、Safety5、臨床推論2。別経路での確認価値を評価。,
KN1009,第3腓骨筋腱は足関節前外側を通り外果の前方を走行するに対する機器選択,A,1,解剖学,1,Q1019,False,4,1,5,5,5,5,4,1,45,S,TYPE_J Clinical case → Intervention choice,解剖学のdevice_selection。重要度4、Safety1、臨床推論5。別経路での確認価値を評価。,
KN1187,外側皮質脊髄路は大脳皮質から脊髄前角へ下行する主要な随意運動路,A,1,解剖学,1,Q1201,False,4,4,2,5,4,5,4,2,45,S,TYPE_A Definition → Case,解剖学のfact_recall。重要度4、Safety4、臨床推論2。別経路での確認価値を評価。,short_question_context
KN1470,BDI-IIはうつ症状について本人が回答する自己記入式質問紙を評価する,A,3,心理学,3,Q1495,False,4,1,4,5,5,5,5,2,45,S,TYPE_K Static knowledge → Applied judgment,心理学のassessment_selection。重要度4、Safety1、臨床推論4。別経路での確認価値を評価。,short_question_context
KN0236,ATNRの姿勢反応の識別,A,4,人間発達学,4,Q237,False,4,1,4,5,5,5,5,1,44,S,TYPE_F Result → Cause,人間発達学のfinding_interpretation。重要度4、Safety1、臨床推論4。別経路での確認価値を評価。,
KN0332,9か月時点の粗大運動発達遅延を示す精査対象所見,A,4,人間発達学,4,Q335,False,4,1,4,5,5,5,5,1,44,S,TYPE_F Result → Cause,人間発達学のfinding_interpretation。重要度4、Safety1、臨床推論4。別経路での確認価値を評価。,
KN0536,腱を叩いて筋が急速に伸張されると筋紡錘のIa求心性線維が興奮し、脊髄でα運動ニューロンを介して同じ筋を収縮させる伸張反射が起こる,A,2,生理学,2,Q544,False,4,4,2,5,4,5,4,1,44,S,TYPE_A Definition → Case,生理学のfact_recall。重要度4、Safety4、臨床推論2。別経路での確認価値を評価。,
KN0537,健常者の安静時呼吸の特徴,A,2,生理学,2,Q545,False,4,4,2,5,4,5,4,1,44,S,TYPE_A Definition → Case,生理学のfact_recall。重要度4、Safety4、臨床推論2。別経路での確認価値を評価。,
KN0663,痛覚は脊髄後角で二次ニューロンに交代し、対側へ交叉して脊髄側索の外側脊髄視床路を上行する,A,2,生理学,2,Q671,False,4,4,2,5,4,5,4,1,44,S,TYPE_A Definition → Case,生理学のfact_recall。重要度4、Safety4、臨床推論2。別経路での確認価値を評価。,
KN1138,過換気ではCO2が過剰に排出されPaCO2が低下し、呼吸性アルカローシスとなる,A,2,生理学,2,Q1150,False,4,4,2,5,4,5,4,1,44,S,TYPE_A Definition → Case,生理学のfact_recall。重要度4、Safety4、臨床推論2。別経路での確認価値を評価。,
KN0348,THA術後の急性呼吸困難・胸痛・低酸素から肺塞栓を疑う緊急対応,C,17,理学療法評価各論,17,Q351,False,5,5,5,5,5,5,4,1,55,A,TYPE_J Clinical case → Intervention choice,理学療法評価各論のsafety_priority。重要度5、Safety5、臨床推論5。別経路での確認価値を評価。,
KN0367,関節リウマチの頸椎不安定性red flagと徒手療法回避,C,18,理学療法治療各論,18,Q372,False,5,5,5,5,5,5,4,1,55,A,TYPE_J Clinical case → Intervention choice,理学療法治療各論のsafety_priority。重要度5、Safety5、臨床推論5。別経路での確認価値を評価。,
KN0371,自律神経過反射の誘因除去と緊急対応,C,18,理学療法治療各論,18,Q376,False,5,5,5,5,5,5,4,1,55,A,TYPE_J Clinical case → Intervention choice,理学療法治療各論のsafety_priority。重要度5、Safety5、臨床推論5。別経路での確認価値を評価。,
KN0379,TKA術後の発熱・発赤・排液から感染を疑う緊急対応,C,18,理学療法治療各論,18,Q384,False,5,5,5,5,5,5,4,1,55,A,TYPE_J Clinical case → Intervention choice,理学療法治療各論のsafety_priority。重要度5、Safety5、臨床推論5。別経路での確認価値を評価。,
KN0386,急性下肢動脈閉塞の6P徴候と緊急対応,C,18,理学療法治療各論,18,Q391,False,5,5,5,5,5,5,4,1,55,A,TYPE_J Clinical case → Intervention choice,理学療法治療各論のsafety_priority。重要度5、Safety5、臨床推論5。別経路での確認価値を評価。,
KN0390,重度血小板減少と出血徴候がある化学療法患者の運動中止,C,18,理学療法治療各論,18,Q395,False,5,5,5,5,5,5,4,1,55,A,TYPE_J Clinical case → Intervention choice,理学療法治療各論のsafety_priority。重要度5、Safety5、臨床推論5。別経路での確認価値を評価。,
KN0396,増悪する鮮血喀出時の排痰練習中止と医療対応,C,18,理学療法治療各論,18,Q401,False,5,5,5,5,5,5,4,1,55,A,TYPE_J Clinical case → Intervention choice,理学療法治療各論のsafety_priority。重要度5、Safety5、臨床推論5。別経路での確認価値を評価。,
KN0424,胸腔ドレーンの連続気泡からエアリークを疑い離床前に安全確認する判断,C,18,理学療法治療各論,18,Q432,False,5,5,5,5,5,5,4,1,55,A,TYPE_J Clinical case → Intervention choice,理学療法治療各論のsafety_priority。重要度5、Safety5、臨床推論5。別経路での確認価値を評価。,
KN0425,一方向性発声弁装着前の上気道開存・カフ脱気確認,C,18,理学療法治療各論,18,Q433,False,5,5,5,5,5,5,4,1,55,A,TYPE_J Clinical case → Intervention choice,理学療法治療各論のsafety_priority。重要度5、Safety5、臨床推論5。別経路での確認価値を評価。,
KN0428,湿性嗄声を不顕性誤嚥徴候として扱う嚥下安全判断,C,18,理学療法治療各論,18,Q436,False,5,5,5,5,5,5,4,1,55,A,TYPE_J Clinical case → Intervention choice,理学療法治療各論のsafety_priority。重要度5、Safety5、臨床推論5。別経路での確認価値を評価。,
KN0431,GBS急性期の自律神経障害を踏まえた離床時循環監視,C,17,理学療法評価各論,17,Q439,False,5,5,5,5,5,5,4,1,55,A,TYPE_J Clinical case → Intervention choice,理学療法評価各論のsafety_priority。重要度5、Safety5、臨床推論5。別経路での確認価値を評価。,
KN0441,脛骨疲労骨折を疑う限局圧痛・跳躍痛と負荷中止判断,C,18,理学療法治療各論,18,Q449,False,5,5,5,5,5,5,4,1,55,A,TYPE_J Clinical case → Intervention choice,理学療法治療各論のsafety_priority。重要度5、Safety5、臨床推論5。別経路での確認価値を評価。,
KN0464,大腿静脈CRRTカテーテルを保護した端座位離床,B,8,内科学,8,Q472,False,5,5,5,5,5,5,4,1,55,A,TYPE_J Clinical case → Intervention choice,内科学のsafety_priority。重要度5、Safety5、臨床推論5。別経路での確認価値を評価。,
KN0488,高血糖かつケトン陽性時の運動中止判断,C,18,理学療法治療各論,18,Q496,False,5,5,5,5,5,5,4,1,55,A,TYPE_J Clinical case → Intervention choice,理学療法治療各論のsafety_priority。重要度5、Safety5、臨床推論5。別経路での確認価値を評価。,
KN0489,副腎クリーゼを疑う低血圧・消化器症状への緊急対応,C,18,理学療法治療各論,18,Q497,False,5,5,5,5,5,5,4,1,55,A,TYPE_J Clinical case → Intervention choice,理学療法治療各論のsafety_priority。重要度5、Safety5、臨床推論5。別経路での確認価値を評価。,
KN0490,巨細胞性動脈炎を疑う頭痛・視覚症状への緊急医療連携,C,18,理学療法治療各論,18,Q498,False,5,5,5,5,5,5,4,1,55,A,TYPE_J Clinical case → Intervention choice,理学療法治療各論のsafety_priority。重要度5、Safety5、臨床推論5。別経路での確認価値を評価。,
KN0767,Guillain-Barré症候群急性進行期の呼吸・自律神経リスクを優先する判断,C,17,理学療法評価各論,17,Q775,False,5,5,5,5,5,5,4,1,55,A,TYPE_J Clinical case → Intervention choice,理学療法評価各論のsafety_priority。重要度5、Safety5、臨床推論5。別経路での確認価値を評価。,
KN1122,温熱で症状悪化を招く疾患を識別し禁忌を判断する,C,18,理学療法治療各論,18,Q1133,False,5,5,5,5,5,5,4,1,55,A,TYPE_J Clinical case → Intervention choice,理学療法治療各論のintervention_selection。重要度5、Safety5、臨床推論5。別経路での確認価値を評価。,
KN1333,歩行練習中の転倒後に患者の状態確認を最優先する,C,18,理学療法治療各論,18,Q1353,False,5,5,5,5,5,5,4,1,55,A,TYPE_J Clinical case → Intervention choice,理学療法治療各論のsafety_priority。重要度5、Safety5、臨床推論5。別経路での確認価値を評価。,
KN1426,C6完全脊髄損傷の頭痛・顔面紅潮・著明高血圧から自律神経過反射を疑い誘因を確認する,C,18,理学療法治療各論,18,Q1451,False,5,5,5,5,5,5,4,1,55,A,TYPE_J Clinical case → Intervention choice,理学療法治療各論のsafety_priority。重要度5、Safety5、臨床推論5。別経路での確認価値を評価。,
KN0039,デュシェンヌ型筋ジストロフィーでは下腿三頭筋短縮による尖足や拘縮が歩行能力低下を促進するため、歩行能力維持には関節拘縮予防と継続的な可動域管理を優先する,B,11,小児学,11,Q39,False,5,4,5,5,5,5,5,1,54,A,TYPE_J Clinical case → Intervention choice,小児学のintervention_selection。重要度5、Safety4、臨床推論5。別経路での確認価値を評価。,
KN0113,同時に廃用を防ぐため、医師、看護師、言語聴覚士などと連携し、安全な摂食条件を確認しながら離床と身体活動を進める,C,18,理学療法治療各論,18,Q113,False,5,5,5,5,4,5,4,1,54,A,TYPE_K Static knowledge → Applied judgment,理学療法治療各論のfunctional_goal_decision。重要度5、Safety5、臨床推論5。別経路での確認価値を評価。,
KN0172,援助要請と夜間環境の共同調整,C,18,理学療法治療各論,18,Q173,False,5,5,5,5,4,5,4,1,54,A,TYPE_K Static knowledge → Applied judgment,理学療法治療各論のfunctional_goal_decision。重要度5、Safety5、臨床推論5。別経路での確認価値を評価。,
KN0350,Duchenne型筋ジストロフィーで歩行維持のための拘縮予防,B,11,小児学,11,Q353,False,5,4,5,5,5,5,5,1,54,A,TYPE_J Clinical case → Intervention choice,小児学のintervention_selection。重要度5、Safety4、臨床推論5。別経路での確認価値を評価。,
KN0413,反射性腸管に対する規則的な排便プログラムと直腸刺激,B,9,神経医学,9,Q421,False,5,4,5,5,5,5,5,1,54,A,TYPE_J Clinical case → Intervention choice,神経医学のintervention_selection。重要度5、Safety4、臨床推論5。別経路での確認価値を評価。,
KN0438,成長期腰椎分離症疑いで伸展負荷を避ける初期対応,B,11,小児学,11,Q446,False,5,4,5,5,5,5,5,1,54,A,TYPE_J Clinical case → Intervention choice,小児学のintervention_selection。重要度5、Safety4、臨床推論5。別経路での確認価値を評価。,
KN0486,炎症安定期JIAで関節負担を抑えた運動療法,B,11,小児学,11,Q494,False,5,4,5,5,5,5,5,1,54,A,TYPE_J Clinical case → Intervention choice,小児学のintervention_selection。重要度5、Safety4、臨床推論5。別経路での確認価値を評価。,
KN0487,Osgood-Schlatter病で疼痛誘発負荷を調整する初期指導,B,11,小児学,11,Q495,False,5,4,5,5,5,5,5,1,54,A,TYPE_J Clinical case → Intervention choice,小児学のintervention_selection。重要度5、Safety4、臨床推論5。別経路での確認価値を評価。,
KN0518,脳卒中片麻痺者の応用歩行練習について麻痺側から行う場合が多いのはどれに対する適切な介入・支援選択,B,9,神経医学,9,Q526,False,5,4,5,5,5,5,5,1,54,A,TYPE_J Clinical case → Intervention choice,神経医学のintervention_selection。重要度5、Safety4、臨床推論5。別経路での確認価値を評価。,
KN0763,Broca失語患者とのコミュニケーション方法を選択する,B,9,神経医学,9,Q771,False,5,4,5,5,5,5,5,1,54,A,TYPE_J Clinical case → Intervention choice,神経医学のintervention_selection。重要度5、Safety4、臨床推論5。別経路での確認価値を評価。,
KN0791,脳卒中左片麻痺患者のADL練習における安全な自立支援,B,9,神経医学,9,Q799,False,5,4,5,5,5,5,5,1,54,A,TYPE_J Clinical case → Intervention choice,神経医学のintervention_selection。重要度5、Safety4、臨床推論5。別経路での確認価値を評価。,
KN0837,GMFCS III脳性麻痺児の自立駆動に合う車椅子設定,B,11,小児学,11,Q846,False,5,4,5,5,5,5,5,1,54,A,TYPE_J Clinical case → Intervention choice,小児学のdevice_selection。重要度5、Safety4、臨床推論5。別経路での確認価値を評価。,
KN0973,内反尖足・膝ロッキングに対するダブルクレンザックAFO設定,B,9,神経医学,9,Q983,False,5,4,5,5,5,5,5,1,54,A,TYPE_J Clinical case → Intervention choice,神経医学のdevice_selection。重要度5、Safety4、臨床推論5。別経路での確認価値を評価。,
KN1039,複雑部分発作で歩き回る患者を刺激せず安全確保しながら付き添う対応,B,9,神経医学,9,Q1049,False,5,4,5,5,5,5,5,1,54,A,TYPE_J Clinical case → Intervention choice,神経医学のsafety_priority。重要度5、Safety4、臨床推論5。別経路での確認価値を評価。,
KN1308,脳卒中回復期の嚥下障害に対する安全な栄養経路選択,B,9,神経医学,9,Q1328,False,5,4,5,5,5,5,5,1,54,A,TYPE_J Clinical case → Intervention choice,神経医学のintervention_selection。重要度5、Safety4、臨床推論5。別経路での確認価値を評価。,
KN1373,COPDなどに用いる口すぼめ呼吸を適切に指導する,A,5,教育学,5,Q1397,False,5,4,5,5,5,5,5,1,54,A,TYPE_J Clinical case → Intervention choice,教育学のintervention_selection。重要度5、Safety4、臨床推論5。別経路での確認価値を評価。,
KN1418,焦点意識減損発作で徘徊する患者の周囲から危険物を除去して安全確保する,B,9,神経医学,9,Q1443,False,5,4,5,5,5,5,5,1,54,A,TYPE_J Clinical case → Intervention choice,神経医学のsafety_priority。重要度5、Safety4、臨床推論5。別経路での確認価値を評価。,
KN0004,AT/Borgによる運動強度設定,C,17,理学療法評価各論,17,Q4,False,5,4,5,5,5,5,4,1,53,A,TYPE_J Clinical case → Intervention choice,理学療法評価各論のintervention_selection。重要度5、Safety4、臨床推論5。別経路での確認価値を評価。,
KN0015,創部を支持して疼痛を軽減しながら深呼吸と有効な咳嗽を練習し、病棟内歩行などの離床を継続して肺合併症を予防する,C,18,理学療法治療各論,18,Q15,False,5,4,5,5,5,5,4,1,53,A,TYPE_J Clinical case → Intervention choice,理学療法治療各論のintervention_selection。重要度5、Safety4、臨床推論5。別経路での確認価値を評価。,
KN0018,関節へ過度な負担をかけない把持方法や道具の使用を指導し、変形を助長しない範囲で手指機能練習を行うことで、家事を含む生活機能の維持を図る,C,16,運動器,16,Q18,False,5,4,5,5,5,5,4,1,53,A,TYPE_J Clinical case → Intervention choice,運動器のintervention_selection。重要度5、Safety4、臨床推論5。別経路での確認価値を評価。,
KN0044,母指MP関節の軽度過伸展もあるため、関節へ集中する負荷を減らす把持方法を指導し、必要に応じて装具でCM関節を支持して日常生活動作を改善する,C,18,理学療法治療各論,18,Q44,False,5,4,5,5,5,5,4,1,53,A,TYPE_J Clinical case → Intervention choice,理学療法治療各論のintervention_selection。重要度5、Safety4、臨床推論5。別経路での確認価値を評価。,
KN0063,症状と足部状態を確認しながら反復し、歩行耐容能の改善を図る,B,8,内科学,8,Q63,False,5,4,5,5,5,5,4,1,53,A,TYPE_J Clinical case → Intervention choice,内科学のintervention_selection。重要度5、Safety4、臨床推論5。別経路での確認価値を評価。,
KN0095,自己モニタリングによる再入院予防,C,18,理学療法治療各論,18,Q95,False,5,4,5,5,5,5,4,1,53,A,TYPE_J Clinical case → Intervention choice,理学療法治療各論のintervention_selection。重要度5、Safety4、臨床推論5。別経路での確認価値を評価。,
KN0110,運動＋住環境調整,C,18,理学療法治療各論,18,Q110,False,5,4,5,5,5,5,4,1,53,A,TYPE_J Clinical case → Intervention choice,理学療法治療各論のintervention_selection。重要度5、Safety4、臨床推論5。別経路での確認価値を評価。,
KN0115,歩行とADLは自立しているが、複数課題を同時に行うと反応が遅れるを評価する,C,17,理学療法評価各論,17,Q115,False,5,5,4,5,5,5,4,1,53,A,TYPE_K Static knowledge → Applied judgment,理学療法評価各論のassessment_selection。重要度5、Safety5、臨床推論4。別経路での確認価値を評価。,
KN0118,現在の主な機能障害は骨折後の肩関節拘縮であるため、組織の反応と疼痛を確認しながら関節運動と伸張を行い、屈曲・外旋可動域の改善を優先する,C,16,運動器,16,Q118,False,5,4,5,5,5,5,4,1,53,A,TYPE_J Clinical case → Intervention choice,運動器のintervention_selection。重要度5、Safety4、臨床推論5。別経路での確認価値を評価。,
KN0120,家事でのエネルギー節約,C,18,理学療法治療各論,18,Q120,False,5,4,5,5,5,5,4,1,53,A,TYPE_J Clinical case → Intervention choice,理学療法治療各論のintervention_selection。重要度5、Safety4、臨床推論5。別経路での確認価値を評価。,
KN0125,荷重運動＋筋力＋転倒予防,C,18,理学療法治療各論,18,Q125,False,5,4,5,5,5,5,4,1,53,A,TYPE_J Clinical case → Intervention choice,理学療法治療各論のintervention_selection。重要度5、Safety4、臨床推論5。別経路での確認価値を評価。,
KN0127,中等度有酸素＋筋力訓練,C,18,理学療法治療各論,18,Q127,False,5,4,5,5,5,5,4,1,53,A,TYPE_J Clinical case → Intervention choice,理学療法治療各論のintervention_selection。重要度5、Safety4、臨床推論5。別経路での確認価値を評価。,
KN0129,外的目印と簡潔指示による転倒予防,C,18,理学療法治療各論,18,Q129,False,5,4,5,5,5,5,4,1,53,A,TYPE_J Clinical case → Intervention choice,理学療法治療各論のintervention_selection。重要度5、Safety4、臨床推論5。別経路での確認価値を評価。,
KN0136,涼しい時間帯＋休息で運動調整,C,18,理学療法治療各論,18,Q136,False,5,4,5,5,5,5,4,1,53,A,TYPE_J Clinical case → Intervention choice,理学療法治療各論のintervention_selection。重要度5、Safety4、臨床推論5。別経路での確認価値を評価。,
KN0138,軽中等度跛行までの間欠歩行,C,18,理学療法治療各論,18,Q138,False,5,4,5,5,5,5,4,1,53,A,TYPE_J Clinical case → Intervention choice,理学療法治療各論のintervention_selection。重要度5、Safety4、臨床推論5。別経路での確認価値を評価。,
KN0143,ウォームアップ後の中等度運動,C,18,理学療法治療各論,18,Q143,False,5,4,5,5,5,5,4,1,53,A,TYPE_J Clinical case → Intervention choice,理学療法治療各論のintervention_selection。重要度5、Safety4、臨床推論5。別経路での確認価値を評価。,
KN0152,歩行＋休息で総運動時間確保,C,17,理学療法評価各論,17,Q153,False,5,4,5,5,5,5,4,1,53,A,TYPE_J Clinical case → Intervention choice,理学療法評価各論のintervention_selection。重要度5、Safety4、臨床推論5。別経路での確認価値を評価。,
KN0154,段差視認性＋履物＋段差練習,C,18,理学療法治療各論,18,Q155,False,5,4,5,5,5,5,4,1,53,A,TYPE_J Clinical case → Intervention choice,理学療法治療各論のintervention_selection。重要度5、Safety4、臨床推論5。別経路での確認価値を評価。,
KN0157,症状監視下の中等度運動開始,B,8,内科学,8,Q158,False,5,4,5,5,5,5,4,1,53,A,TYPE_J Clinical case → Intervention choice,内科学のintervention_selection。重要度5、Safety4、臨床推論5。別経路での確認価値を評価。,
KN0158,意思選択を活用した安全な遊び,B,11,小児学,11,Q159,False,5,4,5,5,4,5,5,1,53,A,TYPE_K Static knowledge → Applied judgment,小児学のfunctional_goal_decision。重要度5、Safety4、臨床推論5。別経路での確認価値を評価。,
KN0164,tenodesis grasp,C,18,理学療法治療各論,18,Q165,False,5,4,5,5,5,5,4,1,53,A,TYPE_J Clinical case → Intervention choice,理学療法治療各論のintervention_selection。重要度5、Safety4、臨床推論5。別経路での確認価値を評価。,
KN0173,保護下の早期荷重・運動,C,16,運動器,16,Q174,False,5,4,5,5,5,5,4,1,53,A,TYPE_J Clinical case → Intervention choice,運動器のintervention_selection。重要度5、Safety4、臨床推論5。別経路での確認価値を評価。,
KN0185,方向転換練習＋住環境調整,C,17,理学療法評価各論,17,Q186,False,5,4,5,5,5,5,4,1,53,A,TYPE_J Clinical case → Intervention choice,理学療法評価各論のintervention_selection。重要度5、Safety4、臨床推論5。別経路での確認価値を評価。,
KN0199,日中はつまずかず、下肢筋力、TUG、認知機能も大きく低下していない一方、夜間の消灯した廊下で3回つまずき、床には延長コードと敷物があるに対する機器選択,C,18,理学療法治療各論,18,Q200,False,5,4,5,5,5,5,4,1,53,A,TYPE_J Clinical case → Intervention choice,理学療法治療各論のdevice_selection。重要度5、Safety4、臨床推論5。別経路での確認価値を評価。,
KN0217,安定期心不全に対する低〜中等度負荷レジスタンストレーニング,C,18,理学療法治療各論,18,Q218,False,5,4,5,5,5,5,4,1,53,A,TYPE_J Clinical case → Intervention choice,理学療法治療各論のintervention_selection。重要度5、Safety4、臨床推論5。別経路での確認価値を評価。,
KN0218,GBS回復期における過用を避けた段階的運動量調整,C,18,理学療法治療各論,18,Q219,False,5,4,5,5,5,5,4,1,53,A,TYPE_J Clinical case → Intervention choice,理学療法治療各論のintervention_selection。重要度5、Safety4、臨床推論5。別経路での確認価値を評価。,
KN0219,自宅環境を想定した退院前の段差昇降練習,C,18,理学療法治療各論,18,Q220,False,5,4,5,5,5,5,4,1,53,A,TYPE_J Clinical case → Intervention choice,理学療法治療各論のintervention_selection。重要度5、Safety4、臨床推論5。別経路での確認価値を評価。,
KN0229,社会参加再開に向けた公共交通・人混みを想定した実環境移動練習,C,18,理学療法治療各論,18,Q230,False,5,4,5,5,5,5,4,1,53,A,TYPE_J Clinical case → Intervention choice,理学療法治療各論のintervention_selection。重要度5、Safety4、臨床推論5。別経路での確認価値を評価。,
KN0321,安定した間欠性跛行に対する症状を許容した反復歩行訓練,B,8,内科学,8,Q323,False,5,4,5,5,5,5,4,1,53,A,TYPE_J Clinical case → Intervention choice,内科学のintervention_selection。重要度5、Safety4、臨床推論5。別経路での確認価値を評価。,
KN0329,前頸部熱傷瘢痕拘縮を予防する頸部伸展位,C,16,運動器,16,Q331,False,5,4,5,5,5,5,4,1,53,A,TYPE_J Clinical case → Intervention choice,運動器のintervention_selection。重要度5、Safety4、臨床推論5。別経路での確認価値を評価。,
KN0337,皮膚所見と安静時症状の組合せを重視する時の優先対応,C,18,理学療法治療各論,18,Q340,False,5,4,5,5,5,5,4,1,53,A,TYPE_J Clinical case → Intervention choice,理学療法治療各論のsafety_priority。重要度5、Safety4、臨床推論5。別経路での確認価値を評価。,
KN0355,体重増加・浮腫・夜間呼吸困難を伴う心不全増悪時の運動見合わせ,B,8,内科学,8,Q358,False,5,4,5,5,5,5,4,1,53,A,TYPE_J Clinical case → Intervention choice,内科学のsafety_priority。重要度5、Safety4、臨床推論5。別経路での確認価値を評価。,
KN0356,呼吸音消失・気管偏位・循環不安定から緊張性気胸を識別する,B,8,内科学,8,Q359,False,5,5,4,5,5,5,4,1,53,A,TYPE_F Result → Cause,内科学のfinding_interpretation。重要度5、Safety5、臨床推論4。別経路での確認価値を評価。,
KN0365,運動中の著明なSpO₂低下と症状出現時に運動を中止する,C,15,動作分析学,15,Q370,False,5,5,5,5,5,5,2,1,53,A,TYPE_J Clinical case → Intervention choice,動作分析学のsafety_priority。重要度5、Safety5、臨床推論5。別経路での確認価値を評価。,
KN0374,高CO2血症リスクCOPD急性増悪時の目標SpO2 88〜92％,B,8,内科学,8,Q379,False,5,4,5,5,5,5,4,1,53,A,TYPE_J Clinical case → Intervention choice,内科学のintervention_selection。重要度5、Safety4、臨床推論5。別経路での確認価値を評価。,
KN0380,糖尿病性神経障害患者の熱感・腫脹からCharcot足を疑い荷重を止める,C,18,理学療法治療各論,18,Q385,False,5,4,5,5,5,5,4,1,53,A,TYPE_J Clinical case → Intervention choice,理学療法治療各論のsafety_priority。重要度5、Safety4、臨床推論5。別経路での確認価値を評価。,
KN0382,椎体骨折リスクがある骨粗鬆症で体幹屈曲運動を避ける,C,18,理学療法治療各論,18,Q387,False,5,4,5,5,5,5,4,1,53,A,TYPE_J Clinical case → Intervention choice,理学療法治療各論のsafety_priority。重要度5、Safety4、臨床推論5。別経路での確認価値を評価。,
KN0384,NMESで避けるべき頸動脈洞など高リスク電極配置,C,18,理学療法治療各論,18,Q389,False,5,4,5,5,5,5,4,1,53,A,TYPE_J Clinical case → Intervention choice,理学療法治療各論のsafety_priority。重要度5、Safety4、臨床推論5。別経路での確認価値を評価。,
KN0387,透析内シャント側上肢の圧迫・血圧測定・高負荷回避,C,17,理学療法評価各論,17,Q392,False,5,4,5,5,5,5,4,1,53,A,TYPE_J Clinical case → Intervention choice,理学療法評価各論のintervention_selection。重要度5、Safety4、臨床推論5。別経路での確認価値を評価。,
KN0389,脊髄損傷の起立性低血圧に対する段階的起立・圧迫・循環適応,C,18,理学療法治療各論,18,Q394,False,5,4,5,5,5,5,4,1,53,A,TYPE_J Clinical case → Intervention choice,理学療法治療各論のintervention_selection。重要度5、Safety4、臨床推論5。別経路での確認価値を評価。,
KN0397,半月板縫合術後早期に深屈曲・回旋を制限して剪断を避ける,C,18,理学療法治療各論,18,Q402,False,5,4,5,5,5,5,4,1,53,A,TYPE_J Clinical case → Intervention choice,理学療法治療各論のsafety_priority。重要度5、Safety4、臨床推論5。別経路での確認価値を評価。,
KN0398,脊髄損傷後の異所性骨化を疑う熱感・腫脹・急速なROM低下への対応,C,18,理学療法治療各論,18,Q404,False,5,4,5,5,5,5,4,1,53,A,TYPE_J Clinical case → Intervention choice,理学療法治療各論のsafety_priority。重要度5、Safety4、臨床推論5。別経路での確認価値を評価。,
KN0401,ABI正常の静脈性潰瘍に対する圧迫療法,C,17,理学療法評価各論,17,Q407,False,5,4,5,5,5,5,4,1,53,A,TYPE_J Clinical case → Intervention choice,理学療法評価各論のintervention_selection。重要度5、Safety4、臨床推論5。別経路での確認価値を評価。,
KN0409,心臓移植後の除神経心に配慮した長めのウォームアップ・クールダウン,B,8,内科学,8,Q416,False,5,4,5,5,5,5,4,1,53,A,TYPE_J Clinical case → Intervention choice,内科学のintervention_selection。重要度5、Safety4、臨床推論5。別経路での確認価値を評価。,
KN0418,ポリオ後症候群で過用を避けた低〜中等度運動,C,18,理学療法治療各論,18,Q426,False,5,4,5,5,5,5,4,1,53,A,TYPE_J Clinical case → Intervention choice,理学療法治療各論のintervention_selection。重要度5、Safety4、臨床推論5。別経路での確認価値を評価。,
KN0421,手背熱傷の変形予防に用いるintrinsic-plus位,C,16,運動器,16,Q429,False,5,4,5,5,5,5,4,1,53,A,TYPE_J Clinical case → Intervention choice,運動器のintervention_selection。重要度5、Safety4、臨床推論5。別経路での確認価値を評価。,
KN0426,片側肺炎で換気血流比を改善する健側下側臥位,B,8,内科学,8,Q434,False,5,4,5,5,5,5,4,1,53,A,TYPE_J Clinical case → Intervention choice,内科学のintervention_selection。重要度5、Safety4、臨床推論5。別経路での確認価値を評価。,
KN0432,Huntington病の不随意運動と姿勢不安定性に対する安全な反復練習,C,18,理学療法治療各論,18,Q440,False,5,4,5,5,5,5,4,1,53,A,TYPE_J Clinical case → Intervention choice,理学療法治療各論のintervention_selection。重要度5、Safety4、臨床推論5。別経路での確認価値を評価。,
KN0433,けいれん後の肩内転内旋固定から後方肩関節脱臼を識別,C,16,運動器,16,Q441,False,5,5,4,5,5,5,4,1,53,A,TYPE_F Result → Cause,運動器のfinding_interpretation。重要度5、Safety5、臨床推論4。別経路での確認価値を評価。,
KN0440,膝蓋腱症に対する段階的腱負荷運動,C,18,理学療法治療各論,18,Q448,False,5,4,5,5,5,5,4,1,53,A,TYPE_J Clinical case → Intervention choice,理学療法治療各論のintervention_selection。重要度5、Safety4、臨床推論5。別経路での確認価値を評価。,
KN0442,血友病性関節内出血急性期の保護・止血を優先する判断,B,8,内科学,8,Q450,False,5,4,5,5,5,5,4,1,53,A,TYPE_J Clinical case → Intervention choice,内科学のsafety_priority。重要度5、Safety4、臨床推論5。別経路での確認価値を評価。,
KN0459,舟状骨骨折疑いでは初回X線陰性でも固定し再評価する,C,18,理学療法治療各論,18,Q467,False,5,4,5,5,5,5,4,1,53,A,TYPE_J Clinical case → Intervention choice,理学療法治療各論のsafety_priority。重要度5、Safety4、臨床推論5。別経路での確認価値を評価。,
KN0460,槌指に対するDIP伸展位連続固定,C,18,理学療法治療各論,18,Q468,False,5,4,5,5,5,5,4,1,53,A,TYPE_J Clinical case → Intervention choice,理学療法治療各論のintervention_selection。重要度5、Safety4、臨床推論5。別経路での確認価値を評価。,
KN0462,大腿四頭筋打撲後の骨化性筋炎予防で強いマッサージ・過度伸張を避ける判断,C,16,運動器,16,Q470,False,5,4,5,5,5,5,4,1,53,A,TYPE_J Clinical case → Intervention choice,運動器のsafety_priority。重要度5、Safety4、臨床推論5。別経路での確認価値を評価。,
KN0472,食後低血圧に対する少量頻回食などの生活指導,C,18,理学療法治療各論,18,Q480,False,5,4,5,5,5,5,4,1,53,A,TYPE_J Clinical case → Intervention choice,理学療法治療各論のintervention_selection。重要度5、Safety4、臨床推論5。別経路での確認価値を評価。,
KN0499,52 歳の女性に対する適切な介入・支援選択,C,18,理学療法治療各論,18,Q507,False,5,4,5,5,5,5,4,1,53,A,TYPE_J Clinical case → Intervention choice,理学療法治療各論のintervention_selection。重要度5、Safety4、臨床推論5。別経路での確認価値を評価。,
KN0516,工場生産労働者の腰痛対策として、産業理学療法の観点から優先度が低いのに対する適切な介入・支援選択,C,18,理学療法治療各論,18,Q524,False,5,4,5,5,5,5,4,1,53,A,TYPE_J Clinical case → Intervention choice,理学療法治療各論のintervention_selection。重要度5、Safety4、臨床推論5。別経路での確認価値を評価。,
KN0517,超音波治療が可能なのはどれかに対する適切な介入・支援選択,C,18,理学療法治療各論,18,Q525,False,5,4,5,5,5,5,4,1,53,A,TYPE_J Clinical case → Intervention choice,理学療法治療各論のintervention_selection。重要度5、Safety4、臨床推論5。別経路での確認価値を評価。,
KN0519,部分損傷をきたした靱帯と強化すべき筋の組合せで適切なのはどれかに対する適切な介入・支援選択,C,18,理学療法治療各論,18,Q527,False,5,4,5,5,5,5,4,1,53,A,TYPE_J Clinical case → Intervention choice,理学療法治療各論のintervention_selection。重要度5、Safety4、臨床推論5。別経路での確認価値を評価。,
KN0520,エネルギー蓄積機能によって大きな推進力を得る目的で使われる義足の足部に対する適切な介入・支援選択,C,18,理学療法治療各論,18,Q528,False,5,4,5,5,5,5,4,1,53,A,TYPE_J Clinical case → Intervention choice,理学療法治療各論のdevice_selection。重要度5、Safety4、臨床推論5。別経路での確認価値を評価。,
KN0578,転位のない大腿骨転子部骨折に対する観血的整復固定術後の理学療法としてに対する適切な介入・支援選択,C,18,理学療法治療各論,18,Q586,False,5,4,5,5,5,5,4,1,53,A,TYPE_J Clinical case → Intervention choice,理学療法治療各論のintervention_selection。重要度5、Safety4、臨床推論5。別経路での確認価値を評価。,
KN0580,白杖を使用している視覚障害者の介助の特徴,C,18,理学療法治療各論,18,Q588,False,5,4,5,5,5,5,4,1,53,A,TYPE_J Clinical case → Intervention choice,理学療法治療各論のintervention_selection。重要度5、Safety4、臨床推論5。別経路での確認価値を評価。,
KN0615,摂食嚥下障害への対応の基本事項,B,8,内科学,8,Q623,False,5,4,5,5,5,5,4,1,53,A,TYPE_J Clinical case → Intervention choice,内科学のintervention_selection。重要度5、Safety4、臨床推論5。別経路での確認価値を評価。,
KN0633,内反足に対する靴補正の選択,C,18,理学療法治療各論,18,Q641,False,5,4,5,5,5,5,4,1,53,A,TYPE_J Clinical case → Intervention choice,理学療法治療各論のdevice_selection。重要度5、Safety4、臨床推論5。別経路での確認価値を評価。,
KN0645,腹圧性尿失禁に対する骨盤底筋群の筋力強化,C,18,理学療法治療各論,18,Q653,False,5,4,5,5,5,5,4,1,53,A,TYPE_J Clinical case → Intervention choice,理学療法治療各論のintervention_selection。重要度5、Safety4、臨床推論5。別経路での確認価値を評価。,
KN0648,脊髄損傷による対麻痺患者に対して立位・歩行練習を行う目的として誤っているのはどれかに対する適切な介入・装具・支援を選択する,C,18,理学療法治療各論,18,Q656,False,5,4,5,5,5,5,4,1,53,A,TYPE_J Clinical case → Intervention choice,理学療法治療各論のintervention_selection。重要度5、Safety4、臨床推論5。別経路での確認価値を評価。,
KN0697,重症COPDに対する有酸素運動強度の設定,C,17,理学療法評価各論,17,Q705,False,5,4,5,5,5,5,4,1,53,A,TYPE_J Clinical case → Intervention choice,理学療法評価各論のintervention_selection。重要度5、Safety4、臨床推論5。別経路での確認価値を評価。,
KN0707,下腿義足のつま先浮き上がり・膝折れ傾向に対するソケットアライメント調整,C,18,理学療法治療各論,18,Q715,False,5,4,5,5,5,5,4,1,53,A,TYPE_J Clinical case → Intervention choice,理学療法治療各論のdevice_selection。重要度5、Safety4、臨床推論5。別経路での確認価値を評価。,
KN0715,運動療法の適応・目的・負荷設定の基本原則,C,18,理学療法治療各論,18,Q723,False,5,4,5,5,5,5,4,1,53,A,TYPE_J Clinical case → Intervention choice,理学療法治療各論のintervention_selection。重要度5、Safety4、臨床推論5。別経路での確認価値を評価。,
KN0765,Parkinson病の小刻み・突進・すくみ足に対する歩行練習,C,18,理学療法治療各論,18,Q773,False,5,4,5,5,5,5,4,1,53,A,TYPE_J Clinical case → Intervention choice,理学療法治療各論のintervention_selection。重要度5、Safety4、臨床推論5。別経路での確認価値を評価。,
KN0768,Sharrard分類に応じた二分脊椎児の歩行練習・装具選択,C,18,理学療法治療各論,18,Q776,False,5,4,5,5,5,5,4,1,53,A,TYPE_J Clinical case → Intervention choice,理学療法治療各論のintervention_selection。重要度5、Safety4、臨床推論5。別経路での確認価値を評価。,
KN0769,広範囲熱傷・植皮術後早期の拘縮予防と創部保護を両立する理学療法,C,18,理学療法治療各論,18,Q777,False,5,4,5,5,5,5,4,1,53,A,TYPE_J Clinical case → Intervention choice,理学療法治療各論のintervention_selection。重要度5、Safety4、臨床推論5。別経路での確認価値を評価。,
KN0776,大腿義足遊脚期の振り出し速度を制御する膝継手機構,C,18,理学療法治療各論,18,Q784,False,5,4,5,5,5,5,4,1,53,A,TYPE_J Clinical case → Intervention choice,理学療法治療各論のdevice_selection。重要度5、Safety4、臨床推論5。別経路での確認価値を評価。,
KN0783,関節可動域運動の適応と実施原則,C,18,理学療法治療各論,18,Q791,False,5,4,5,5,5,5,4,1,53,A,TYPE_J Clinical case → Intervention choice,理学療法治療各論のintervention_selection。重要度5、Safety4、臨床推論5。別経路での確認価値を評価。,
KN0784,対象筋の作用方向に沿った求心性抵抗運動の選択,C,18,理学療法治療各論,18,Q792,False,5,4,5,5,5,5,4,1,53,A,TYPE_J Clinical case → Intervention choice,理学療法治療各論のintervention_selection。重要度5、Safety4、臨床推論5。別経路での確認価値を評価。,
KN0787,外側ストラップ付き金属支柱AFOの適応選択,C,18,理学療法治療各論,18,Q795,False,5,4,5,5,5,5,4,1,53,A,TYPE_J Clinical case → Intervention choice,理学療法治療各論のdevice_selection。重要度5、Safety4、臨床推論5。別経路での確認価値を評価。,
KN0789,慢性腰痛に対する認知行動療法の適切な介入原則,C,18,理学療法治療各論,18,Q797,False,5,4,5,5,5,5,4,1,53,A,TYPE_J Clinical case → Intervention choice,理学療法治療各論のintervention_selection。重要度5、Safety4、臨床推論5。別経路での確認価値を評価。,
KN0792,多発性筋炎回復初期の過用を避けた段階的運動療法,C,18,理学療法治療各論,18,Q800,False,5,4,5,5,5,5,4,1,53,A,TYPE_J Clinical case → Intervention choice,理学療法治療各論のintervention_selection。重要度5、Safety4、臨床推論5。別経路での確認価値を評価。,
KN0793,Down症候群乳児期の低緊張・関節弛緩を踏まえた運動発達支援,C,18,理学療法治療各論,18,Q801,False,5,4,5,5,5,5,4,1,53,A,TYPE_J Clinical case → Intervention choice,理学療法治療各論のintervention_selection。重要度5、Safety4、臨床推論5。別経路での確認価値を評価。,
KN0838,変形性股関節症の疼痛・肥満・筋力低下を踏まえた低負荷運動選択,C,18,理学療法治療各論,18,Q847,False,5,4,5,5,5,5,4,1,53,A,TYPE_J Clinical case → Intervention choice,理学療法治療各論のintervention_selection。重要度5、Safety4、臨床推論5。別経路での確認価値を評価。,
KN0853,他筋への影響を抑えた選択的筋伸張肢位の決定,C,18,理学療法治療各論,18,Q862,False,5,4,5,5,5,5,4,1,53,A,TYPE_J Clinical case → Intervention choice,理学療法治療各論のintervention_selection。重要度5、Safety4、臨床推論5。別経路での確認価値を評価。,
KN0855,PTB式装具は膝蓋腱部など耐圧性の高い部位で荷重し、脛骨粗面や腓骨頭など骨突出部は除圧する,C,18,理学療法治療各論,18,Q864,False,5,4,5,5,5,5,4,1,53,A,TYPE_J Clinical case → Intervention choice,理学療法治療各論のdevice_selection。重要度5、Safety4、臨床推論5。別経路での確認価値を評価。,
KN0859,急性期脳血管障害の離床可否を安全基準から判断する,C,18,理学療法治療各論,18,Q868,False,5,4,5,5,5,5,4,1,53,A,TYPE_J Clinical case → Intervention choice,理学療法治療各論のsafety_priority。重要度5、Safety4、臨床推論5。別経路での確認価値を評価。,
KN0862,『ベッドアップ60°まで』と上限を固定する1が不適切時の優先対応,C,18,理学療法治療各論,18,Q871,False,5,4,5,5,5,5,4,1,53,A,TYPE_J Clinical case → Intervention choice,理学療法治療各論のsafety_priority。重要度5、Safety4、臨床推論5。別経路での確認価値を評価。,
KN0912,立位重心移動獲得後に行う段階的バランス練習の選択,C,18,理学療法治療各論,18,Q921,False,5,4,5,5,5,5,4,1,53,A,TYPE_J Clinical case → Intervention choice,理学療法治療各論のintervention_selection。重要度5、Safety4、臨床推論5。別経路での確認価値を評価。,
KN0914,亜急性腰椎椎間板ヘルニアに対する理学療法選択,C,18,理学療法治療各論,18,Q923,False,5,4,5,5,5,5,4,1,53,A,TYPE_J Clinical case → Intervention choice,理学療法治療各論のintervention_selection。重要度5、Safety4、臨床推論5。別経路での確認価値を評価。,
KN0974,橈骨遠位端骨折固定除去後のROM制限・筋力低下に対する物理療法選択,C,16,運動器,16,Q984,False,5,4,5,5,5,5,4,1,53,A,TYPE_J Clinical case → Intervention choice,運動器のintervention_selection。重要度5、Safety4、臨床推論5。別経路での確認価値を評価。,
KN0977,筋強直性ジストロフィーの重度筋力低下に対する過用を避けた理学療法,C,17,理学療法評価各論,17,Q987,False,5,4,5,5,5,5,4,1,53,A,TYPE_J Clinical case → Intervention choice,理学療法評価各論のintervention_selection。重要度5、Safety4、臨床推論5。別経路での確認価値を評価。,
KN0999,脊髄完全損傷者の機能残存レベルと実用可能な能力の組合せで正しいのはどれかに対して適切な理学療法・介入を選択する,C,18,理学療法治療各論,18,Q1009,False,5,4,5,5,5,5,4,1,53,A,TYPE_J Clinical case → Intervention choice,理学療法治療各論のintervention_selection。重要度5、Safety4、臨床推論5。別経路での確認価値を評価。,
KN1003,呼吸障害に対する理学療法として、口すぼめ呼吸が有効なのはどれかに対して適切な理学療法・介入を選択する,C,18,理学療法治療各論,18,Q1013,False,5,4,5,5,5,5,4,1,53,A,TYPE_J Clinical case → Intervention choice,理学療法治療各論のintervention_selection。重要度5、Safety4、臨床推論5。別経路での確認価値を評価。,
KN1043,Parkinson病のすくみ足・移動不安定に対応した住環境整備と外的キュー,C,17,理学療法評価各論,17,Q1053,False,5,4,5,5,5,5,4,1,53,A,TYPE_J Clinical case → Intervention choice,理学療法評価各論のdevice_selection。重要度5、Safety4、臨床推論5。別経路での確認価値を評価。,
KN1050,下垂足に対するAFO背屈補助機能の適応,C,18,理学療法治療各論,18,Q1060,False,5,4,5,5,5,5,4,1,53,A,TYPE_J Clinical case → Intervention choice,理学療法治療各論のdevice_selection。重要度5、Safety4、臨床推論5。別経路での確認価値を評価。,
KN1055,SOMI装具は頸椎を固定する装具で、環軸椎など上位頸椎の不安定性・骨折に用いられる,C,18,理学療法治療各論,18,Q1065,False,5,4,5,5,5,5,4,1,53,A,TYPE_J Clinical case → Intervention choice,理学療法治療各論のdevice_selection。重要度5、Safety4、臨床推論5。別経路での確認価値を評価。,
KN1060,認知症患者の運動療法で拒否を尊重し慣れた動作を用いる対応,C,18,理学療法治療各論,18,Q1070,False,5,4,5,5,5,5,4,1,53,A,TYPE_J Clinical case → Intervention choice,理学療法治療各論のintervention_selection。重要度5、Safety4、臨床推論5。別経路での確認価値を評価。,
KN1101,L4機能残存二分脊椎児の歩行に適した装具・杖選択,C,18,理学療法治療各論,18,Q1112,False,5,4,5,5,5,5,4,1,53,A,TYPE_J Clinical case → Intervention choice,理学療法治療各論のdevice_selection。重要度5、Safety4、臨床推論5。別経路での確認価値を評価。,
KN1103,安定期関節リウマチの関節保護・装具・運動に関する生活指導,C,16,運動器,16,Q1114,False,5,4,5,5,5,5,4,1,53,A,TYPE_J Clinical case → Intervention choice,運動器のintervention_selection。重要度5、Safety4、臨床推論5。別経路での確認価値を評価。,
KN1123,重症筋無力症で過用を避けた漸増負荷運動を選択する,C,18,理学療法治療各論,18,Q1134,False,5,4,5,5,5,5,4,1,53,A,TYPE_J Clinical case → Intervention choice,理学療法治療各論のintervention_selection。重要度5、Safety4、臨床推論5。別経路での確認価値を評価。,
KN1167,78歳の男性に対する適切な介入・練習・指導を選択する,C,18,理学療法治療各論,18,Q1180,False,5,4,5,5,5,5,4,1,53,A,TYPE_J Clinical case → Intervention choice,理学療法治療各論のintervention_selection。重要度5、Safety4、臨床推論5。別経路での確認価値を評価。,
KN1222,足関節外側靱帯損傷急性期の保護・冷却・圧迫・挙上を選択する,C,16,運動器,16,Q1237,False,5,4,5,5,5,5,4,1,53,A,TYPE_J Clinical case → Intervention choice,運動器のintervention_selection。重要度5、Safety4、臨床推論5。別経路での確認価値を評価。,
KN1233,装具と疾患の組合せで正しいのはどれかに対する適切な装具・義足・機器を選択する,C,18,理学療法治療各論,18,Q1248,False,5,4,5,5,5,5,4,1,53,A,TYPE_J Clinical case → Intervention choice,理学療法治療各論のdevice_selection。重要度5、Safety4、臨床推論5。別経路での確認価値を評価。,
KN1237,小脳性運動失調に対する四つ這いバランス練習の難易度調整,C,18,理学療法治療各論,18,Q1252,False,5,4,5,5,5,5,4,1,53,A,TYPE_J Clinical case → Intervention choice,理学療法治療各論のintervention_selection。重要度5、Safety4、臨床推論5。別経路での確認価値を評価。,
KN1282,関節リウマチの槌趾・中足骨頭痛に対する足底装具選択,C,18,理学療法治療各論,18,Q1298,False,5,4,5,5,5,5,4,1,53,A,TYPE_J Clinical case → Intervention choice,理学療法治療各論のdevice_selection。重要度5、Safety4、臨床推論5。別経路での確認価値を評価。,
KN1291,間質性肺疾患の呼吸困難・低酸素に配慮した理学療法選択,C,18,理学療法治療各論,18,Q1311,False,5,4,5,5,5,5,4,1,53,A,TYPE_J Clinical case → Intervention choice,理学療法治療各論のintervention_selection。重要度5、Safety4、臨床推論5。別経路での確認価値を評価。,
KN1317,内側型変形性膝関節症の内側荷重を軽減する装具療法,C,18,理学療法治療各論,18,Q1337,False,5,4,5,5,5,5,4,1,53,A,TYPE_J Clinical case → Intervention choice,理学療法治療各論のdevice_selection。重要度5、Safety4、臨床推論5。別経路での確認価値を評価。,
KN1319,痙直型両麻痺児のPCW歩行に対する適切な動作指導,C,18,理学療法治療各論,18,Q1339,False,5,4,5,5,5,5,4,1,53,A,TYPE_J Clinical case → Intervention choice,理学療法治療各論のintervention_selection。重要度5、Safety4、臨床推論5。別経路での確認価値を評価。,
KN1322,片麻痺患者の車椅子から床への移乗手順を安全性から判断する,C,18,理学療法治療各論,18,Q1342,False,5,4,5,5,5,5,4,1,53,A,TYPE_J Clinical case → Intervention choice,理学療法治療各論のintervention_selection。重要度5、Safety4、臨床推論5。別経路での確認価値を評価。,
KN1353,装具療法の主たる目的でないのはどれかに対する適切な装具・義足・機器を選択する,C,18,理学療法治療各論,18,Q1376,False,5,4,5,5,5,5,4,1,53,A,TYPE_J Clinical case → Intervention choice,理学療法治療各論のdevice_selection。重要度5、Safety4、臨床推論5。別経路での確認価値を評価。,
KN1362,足関節離断後に適した義足を選択する,C,18,理学療法治療各論,18,Q1385,False,5,4,5,5,5,5,4,1,53,A,TYPE_J Clinical case → Intervention choice,理学療法治療各論のdevice_selection。重要度5、Safety4、臨床推論5。別経路での確認価値を評価。,
KN1365,大腿四頭筋広範囲切除後の膝伸展機能低下に対する補装具選択,C,18,理学療法治療各論,18,Q1388,False,5,4,5,5,5,5,4,1,53,A,TYPE_J Clinical case → Intervention choice,理学療法治療各論のdevice_selection。重要度5、Safety4、臨床推論5。別経路での確認価値を評価。,
KN1372,酸素療法機器で正しいのはどれかに対する適切な装具・義足・機器を選択する,C,18,理学療法治療各論,18,Q1396,False,5,4,5,5,5,5,4,1,53,A,TYPE_J Clinical case → Intervention choice,理学療法治療各論のdevice_selection。重要度5、Safety4、臨床推論5。別経路での確認価値を評価。,
KN1420,ICU術後患者の意識・疼痛・循環動態から積極的離床の可否を判断する,C,18,理学療法治療各論,18,Q1445,False,5,4,5,5,5,5,4,1,53,A,TYPE_J Clinical case → Intervention choice,理学療法治療各論のsafety_priority。重要度5、Safety4、臨床推論5。別経路での確認価値を評価。,
KN1422,間質性肺疾患の呼吸仕事量増大に対し胸郭可動性を改善する理学療法を選択する,C,18,理学療法治療各論,18,Q1447,False,5,4,5,5,5,5,4,1,53,A,TYPE_J Clinical case → Intervention choice,理学療法治療各論のintervention_selection。重要度5、Safety4、臨床推論5。別経路での確認価値を評価。,
KN1425,高用量昇圧剤投与中の術翌日患者で離床負荷を避け安全なベッド上介入を選択する,C,18,理学療法治療各論,18,Q1450,False,5,4,5,5,5,5,4,1,53,A,TYPE_J Clinical case → Intervention choice,理学療法治療各論のsafety_priority。重要度5、Safety4、臨床推論5。別経路での確認価値を評価。,
KN1427,BPPVに対して耳石置換法〈Epley法〉を選択する,C,18,理学療法治療各論,18,Q1452,False,5,4,5,5,5,5,4,1,53,A,TYPE_J Clinical case → Intervention choice,理学療法治療各論のintervention_selection。重要度5、Safety4、臨床推論5。別経路での確認価値を評価。,
KN1429,ALSの下垂足・鶏歩に対して軽量AFOを用いた歩行を選択する,C,18,理学療法治療各論,18,Q1454,False,5,4,5,5,5,5,4,1,53,A,TYPE_J Clinical case → Intervention choice,理学療法治療各論のdevice_selection。重要度5、Safety4、臨床推論5。別経路での確認価値を評価。,
KN1430,肥満・高血圧を伴うメタボリックシンドロームに適した有酸素運動形式を選択する,B,8,内科学,8,Q1455,False,5,4,5,5,5,5,4,1,53,A,TYPE_J Clinical case → Intervention choice,内科学のintervention_selection。重要度5、Safety4、臨床推論5。別経路での確認価値を評価。,
KN1434,両側支柱付き長下肢装具の継手・半月・支柱位置の適合判定,C,18,理学療法治療各論,18,Q1459,False,5,4,5,5,5,5,4,1,53,A,TYPE_J Clinical case → Intervention choice,理学療法治療各論のdevice_selection。重要度5、Safety4、臨床推論5。別経路での確認価値を評価。,
KN1440,脳卒中片麻痺で下肢Brunnstrom stage Vでも、立脚初期の急激な底屈や遊脚期の下垂足が残れば、足関節底屈制動式短下肢装具が適応となる,C,18,理学療法治療各論,18,Q1465,False,5,4,5,5,5,5,4,1,53,A,TYPE_J Clinical case → Intervention choice,理学療法治療各論のdevice_selection。重要度5、Safety4、臨床推論5。別経路での確認価値を評価。,
KN1449,関節リウマチの病期・炎症活動性を踏まえ安全な理学療法を選択する,C,18,理学療法治療各論,18,Q1474,False,5,4,5,5,5,5,4,1,53,A,TYPE_J Clinical case → Intervention choice,理学療法治療各論のintervention_selection。重要度5、Safety4、臨床推論5。別経路での確認価値を評価。,
KN1479,ベンゾジアゼピン睡眠薬の自己中断を避け不安を聴取し主治医連携を促す,B,8,内科学,8,Q1504,False,5,4,5,5,5,5,4,1,53,A,TYPE_J Clinical case → Intervention choice,内科学のsafety_priority。重要度5、Safety4、臨床推論5。別経路での確認価値を評価。,
KN1481,開腹術後の呼吸器合併症を予防する早期呼吸理学療法を選択する,C,18,理学療法治療各論,18,Q1506,False,5,4,5,5,5,5,4,1,53,A,TYPE_J Clinical case → Intervention choice,理学療法治療各論のintervention_selection。重要度5、Safety4、臨床推論5。別経路での確認価値を評価。,
KN1482,糖尿病性末梢神経障害と足部色調変化を踏まえ前足部を免荷する,C,18,理学療法治療各論,18,Q1507,False,5,4,5,5,5,5,4,1,53,A,TYPE_J Clinical case → Intervention choice,理学療法治療各論のintervention_selection。重要度5、Safety4、臨床推論5。別経路での確認価値を評価。,
KN1486,L5レベル二分脊椎児の歩行安定性向上に必要な筋力強化対象を選択する,C,18,理学療法治療各論,18,Q1511,False,5,4,5,5,5,5,4,1,53,A,TYPE_J Clinical case → Intervention choice,理学療法治療各論のintervention_selection。重要度5、Safety4、臨床推論5。別経路での確認価値を評価。,
KN1488,松葉杖の腋窩・握り位置などの適切な設定,C,18,理学療法治療各論,18,Q1513,False,5,4,5,5,5,5,4,1,53,A,TYPE_J Clinical case → Intervention choice,理学療法治療各論のdevice_selection。重要度5、Safety4、臨床推論5。別経路での確認価値を評価。,
KN1491,転倒リスクを踏まえ静的から動的へ段階づけたバランス練習を選択する,C,18,理学療法治療各論,18,Q1516,False,5,4,5,5,5,5,4,1,53,A,TYPE_J Clinical case → Intervention choice,理学療法治療各論のintervention_selection。重要度5、Safety4、臨床推論5。別経路での確認価値を評価。,
KN0005,参加制約への段階的支援,C,18,理学療法治療各論,18,Q5,False,5,4,5,5,4,5,4,1,52,A,TYPE_K Static knowledge → Applied judgment,理学療法治療各論のfunctional_goal_decision。重要度5、Safety4、臨床推論5。別経路での確認価値を評価。,
KN0019,安全対策下での散歩継続,C,18,理学療法治療各論,18,Q19,False,5,4,5,5,4,5,4,1,52,A,TYPE_K Static knowledge → Applied judgment,理学療法治療各論のfunctional_goal_decision。重要度5、Safety4、臨床推論5。別経路での確認価値を評価。,
KN0045,本人希望に沿う目標設定,C,18,理学療法治療各論,18,Q45,False,5,4,5,5,4,5,4,1,52,A,TYPE_K Static knowledge → Applied judgment,理学療法治療各論のfunctional_goal_decision。重要度5、Safety4、臨床推論5。別経路での確認価値を評価。,
KN0060,運動継続のセルフマネジメント,C,17,理学療法評価各論,17,Q60,False,5,4,5,5,4,5,4,1,52,A,TYPE_K Static knowledge → Applied judgment,理学療法評価各論のfunctional_goal_decision。重要度5、Safety4、臨床推論5。別経路での確認価値を評価。,
KN0090,実務能力評価＋段階的復職,C,18,理学療法治療各論,18,Q90,False,5,4,5,5,4,5,4,1,52,A,TYPE_K Static knowledge → Applied judgment,理学療法治療各論のfunctional_goal_decision。重要度5、Safety4、臨床推論5。別経路での確認価値を評価。,
KN0202,心リハ中の胸部症状と血圧低下に対する運動中止判断,C,17,理学療法評価各論,15|17,Q203|Q228|Q320,False,5,5,5,4,5,3,4,2,52,A,TYPE_J Clinical case → Intervention choice,理学療法評価各論のsafety_priority。重要度5、Safety5、臨床推論5。別経路での確認価値を評価。,multiple_node_descriptions
KN0261,crouch gaitに対する床反力制御型AFOの適応,B,11,小児学,11,Q262,False,4,4,5,5,5,5,5,1,52,A,TYPE_J Clinical case → Intervention choice,小児学のdevice_selection。重要度4、Safety4、臨床推論5。別経路での確認価値を評価。,
KN0304,閉眼で増悪する感覚性失調と脊髄後索障害,B,9,神経医学,9,Q306,False,5,4,4,5,5,5,5,1,52,A,TYPE_F Result → Cause,神経医学のfinding_interpretation。重要度5、Safety4、臨床推論4。別経路での確認価値を評価。,
KN0309,脊髄後索障害による同側振動覚・位置覚低下,B,9,神経医学,9,Q311,False,5,4,4,5,5,5,5,1,52,A,TYPE_F Result → Cause,神経医学のfinding_interpretation。重要度5、Safety4、臨床推論4。別経路での確認価値を評価。,
KN0400,Guillain-Barré症候群で筋力低下が上行し、咳が弱くなっているため呼吸筋麻痺の進行に注意するを評価する,B,9,神経医学,9,Q406,False,4,5,4,5,5,5,5,1,52,A,TYPE_K Static knowledge → Applied judgment,神経医学のassessment_selection。重要度4、Safety5、臨床推論4。別経路での確認価値を評価。,
KN0430,頸髄過伸展後の上肢優位麻痺から中心性脊髄損傷を識別,B,9,神経医学,9,Q438,False,5,4,4,5,5,5,5,1,52,A,TYPE_F Result → Cause,神経医学のfinding_interpretation。重要度5、Safety4、臨床推論4。別経路での確認価値を評価。,
KN0468,前脊髄動脈症候群の運動・温痛覚障害と後索温存,B,9,神経医学,9,Q476,False,5,4,4,5,5,5,5,1,52,A,TYPE_F Result → Cause,神経医学のfinding_interpretation。重要度5、Safety4、臨床推論4。別経路での確認価値を評価。,
KN0469,球海綿体反射再出現による脊髄ショック離脱判断,B,9,神経医学,9,Q477,False,5,4,4,5,5,5,5,1,52,A,TYPE_F Result → Cause,神経医学のfinding_interpretation。重要度5、Safety4、臨床推論4。別経路での確認価値を評価。,
KN0566,Duchenne型筋ジストロフィーで独歩不能となる時期は呼吸筋力低下や拘束性換気障害が進行しやすく、呼吸不全予防のため呼吸機能評価の優先度が高い,B,11,小児学,11,Q574,False,5,4,4,5,5,5,5,1,52,A,TYPE_K Static knowledge → Applied judgment,小児学のassessment_selection。重要度5、Safety4、臨床推論4。別経路での確認価値を評価。,
KN0696,歩行補助具・食具使用状況からFIM自立度を判定する,B,9,神経医学,9,Q704,False,5,4,4,5,5,5,5,1,52,A,TYPE_F Result → Cause,神経医学のfinding_interpretation。重要度5、Safety4、臨床推論4。別経路での確認価値を評価。,
KN1059,C7機能残存脊髄損傷で自立困難となる移動動作の判断,B,9,神経医学,9,Q1069,False,5,4,4,5,5,5,5,1,52,A,TYPE_F Result → Cause,神経医学のfinding_interpretation。重要度5、Safety4、臨床推論4。別経路での確認価値を評価。,
KN1424,片麻痺患者のADL情報からBarthel Index総得点を算出する,B,9,神経医学,9,Q1449,False,5,4,4,5,5,5,5,1,52,A,TYPE_K Static knowledge → Applied judgment,神経医学のassessment_selection。重要度5、Safety4、臨床推論4。別経路での確認価値を評価。,
KN0036,すくみ足への外的キュー,C,15,動作分析学,15,Q36,False,5,4,5,5,5,5,2,1,51,A,TYPE_J Clinical case → Intervention choice,動作分析学のintervention_selection。重要度5、Safety4、臨床推論5。別経路での確認価値を評価。,
KN0040,生活機能低下を防ぐには運動療法のみでは不十分であり、栄養管理や社会参加支援を含め、多職種と連携した包括的介入を行うことが重要である,C,15,動作分析学,15,Q40,False,5,4,5,5,5,5,2,1,51,A,TYPE_J Clinical case → Intervention choice,動作分析学のintervention_selection。重要度5、Safety4、臨床推論5。別経路での確認価値を評価。,
KN0053,疲労・体温上昇を考慮した運動,C,15,動作分析学,15,Q53,False,5,4,5,5,5,5,2,1,51,A,TYPE_J Clinical case → Intervention choice,動作分析学のintervention_selection。重要度5、Safety4、臨床推論5。別経路での確認価値を評価。,
KN0077,閉鎖性運動連鎖での動的安定性,C,17,理学療法評価各論,17,Q77,False,4,5,4,5,5,5,4,1,51,A,TYPE_K Static knowledge → Applied judgment,理学療法評価各論のassessment_selection。重要度4、Safety5、臨床推論4。別経路での確認価値を評価。,
KN0087,肩関節ROMと腱板筋力は保たれ、Apprehension testも陰性だが、タックル姿勢や接触場面では不安感が残っているを評価する,C,16,運動器,16,Q87,False,4,5,4,5,5,5,4,1,51,A,TYPE_K Static knowledge → Applied judgment,運動器のassessment_selection。重要度4、Safety5、臨床推論4。別経路での確認価値を評価。,
KN0109,疲労下の二重課題歩行訓練,C,15,動作分析学,15,Q109,False,5,4,5,5,5,5,2,1,51,A,TYPE_J Clinical case → Intervention choice,動作分析学のintervention_selection。重要度5、Safety4、臨床推論5。別経路での確認価値を評価。,
KN0123,息切れや酸素化を確認しながら日常生活での身体活動を段階的に増やし、活動回避による廃用を防ぐことが退院後の身体活動維持に適切であるへの介入選択,C,15,動作分析学,15,Q123,False,5,4,5,5,5,5,2,1,51,A,TYPE_J Clinical case → Intervention choice,動作分析学のintervention_selection。重要度5、Safety4、臨床推論5。別経路での確認価値を評価。,
KN0140,方向転換・障害物回避練習,C,15,動作分析学,15,Q140,False,5,4,5,5,5,5,2,1,51,A,TYPE_J Clinical case → Intervention choice,動作分析学のintervention_selection。重要度5、Safety4、臨床推論5。別経路での確認価値を評価。,
KN0150,筋力/バランス＋日常歩行機会,C,15,動作分析学,15,Q150,False,5,4,5,5,5,5,2,1,51,A,TYPE_J Clinical case → Intervention choice,動作分析学のintervention_selection。重要度5、Safety4、臨床推論5。別経路での確認価値を評価。,
KN0159,周囲確認＋速度調整＋停止練習,C,15,動作分析学,15,Q160,False,5,4,5,5,5,5,2,1,51,A,TYPE_J Clinical case → Intervention choice,動作分析学のintervention_selection。重要度5、Safety4、臨床推論5。別経路での確認価値を評価。,
KN0167,動作と呼気を合わせる口すぼめ呼吸,C,15,動作分析学,15,Q168,False,5,4,5,5,5,5,2,1,51,A,TYPE_J Clinical case → Intervention choice,動作分析学のintervention_selection。重要度5、Safety4、臨床推論5。別経路での確認価値を評価。,
KN0168,まず平行棒内で義足側への側方荷重移動と立脚保持を練習し、義足側で安全に身体を支持する感覚と能力を獲得する,C,15,動作分析学,15,Q169,False,5,4,5,5,5,5,2,1,51,A,TYPE_J Clinical case → Intervention choice,動作分析学のintervention_selection。重要度5、Safety4、臨床推論5。別経路での確認価値を評価。,
KN0178,屋内はT字杖で自立しているが、浴槽縁をまたぐ片脚支持でふらつきがある,C,18,理学療法治療各論,18,Q179,False,4,4,5,5,5,5,4,1,51,A,TYPE_J Clinical case → Intervention choice,理学療法治療各論のdevice_selection。重要度4、Safety4、臨床推論5。別経路での確認価値を評価。,
KN0193,膝折れを含むKAFO適応,C,18,理学療法治療各論,18,Q194,False,4,4,5,5,5,5,4,1,51,A,TYPE_J Clinical case → Intervention choice,理学療法治療各論のdevice_selection。重要度4、Safety4、臨床推論5。別経路での確認価値を評価。,
KN0206,COPDの呼吸困難に対する呼吸ペーシングを用いた歩行指導,C,15,動作分析学,15,Q207,False,5,4,5,5,5,5,2,1,51,A,TYPE_J Clinical case → Intervention choice,動作分析学のintervention_selection。重要度5、Safety4、臨床推論5。別経路での確認価値を評価。,
KN0216,後方アプローチTHAの脱臼危険肢位,C,16,運動器,16,Q217|Q365,False,5,5,5,4,5,3,4,1,51,A,TYPE_J Clinical case → Intervention choice,運動器のsafety_priority。重要度5、Safety5、臨床推論5。別経路での確認価値を評価。,
KN0224,転倒恐怖による活動制限に対する段階的な屋外活動再開支援,C,15,動作分析学,15,Q225,False,5,4,5,5,5,5,2,1,51,A,TYPE_J Clinical case → Intervention choice,動作分析学のintervention_selection。重要度5、Safety4、臨床推論5。別経路での確認価値を評価。,
KN0240,RER 0.70から脂質優位のエネルギー代謝を判断する,B,8,内科学,8,Q241,False,5,4,4,5,5,5,4,1,51,A,TYPE_F Result → Cause,内科学のfinding_interpretation。重要度5、Safety4、臨床推論4。別経路での確認価値を評価。,
KN0276,低PaCO2を伴う急性呼吸性アルカローシスの判定,B,8,内科学,8,Q277,False,5,4,4,5,5,5,4,1,51,A,TYPE_F Result → Cause,内科学のfinding_interpretation。重要度5、Safety4、臨床推論4。別経路での確認価値を評価。,
KN0363,骨折後の疼痛・浮腫・発汗・温度差からCRPSを識別する,C,16,運動器,16,Q368,False,5,4,4,5,5,5,4,1,51,A,TYPE_F Result → Cause,運動器のfinding_interpretation。重要度5、Safety4、臨床推論4。別経路での確認価値を評価。,
KN0419,軽度手根管症候群に対する夜間手関節中間位スプリント,C,18,理学療法治療各論,18,Q427,False,4,4,5,5,5,5,4,1,51,A,TYPE_J Clinical case → Intervention choice,理学療法治療各論のdevice_selection。重要度4、Safety4、臨床推論5。別経路での確認価値を評価。,
KN0427,COPD運動時の動的肺過膨張と吸気容量低下の解釈,B,8,内科学,8,Q435,False,5,4,4,5,5,5,4,1,51,A,TYPE_F Result → Cause,内科学のfinding_interpretation。重要度5、Safety4、臨床推論4。別経路での確認価値を評価。,
KN0465,呼気流がゼロに戻らない波形からauto-PEEPを識別,C,17,理学療法評価各論,17,Q473,False,5,4,4,5,5,5,4,1,51,A,TYPE_F Result → Cause,理学療法評価各論のfinding_interpretation。重要度5、Safety4、臨床推論4。別経路での確認価値を評価。,
KN0466,カフリークテストではカフ脱気後に気管チューブ周囲を通る空気漏れを確認するを識別する,B,8,内科学,8,Q474,False,5,4,4,5,5,5,4,1,51,A,TYPE_F Result → Cause,内科学のfinding_interpretation。重要度5、Safety4、臨床推論4。別経路での確認価値を評価。,
KN0497,35歳の女性から病態・機能障害を解釈,C,16,運動器,16,Q505,False,5,4,4,5,5,5,4,1,51,A,TYPE_F Result → Cause,運動器のfinding_interpretation。重要度5、Safety4、臨床推論4。別経路での確認価値を評価。,
KN0703,胸囲は安静呼吸の呼気終末に測定するのが基本である,C,18,理学療法治療各論,18,Q711,False,5,4,4,5,5,5,4,1,51,A,TYPE_K Static knowledge → Applied judgment,理学療法治療各論のassessment_selection。重要度5、Safety4、臨床推論4。別経路での確認価値を評価。,
KN0721,人工呼吸器管理中に起こりやすい呼吸器合併症の識別,B,8,内科学,8,Q729,False,5,4,4,5,5,5,4,1,51,A,TYPE_F Result → Cause,内科学のfinding_interpretation。重要度5、Safety4、臨床推論4。別経路での確認価値を評価。,
KN0748,ASIA感覚検査における髄節とkey sensory pointの対応,C,17,理学療法評価各論,17,Q756,False,5,4,4,5,5,5,4,1,51,A,TYPE_K Static knowledge → Applied judgment,理学療法評価各論のassessment_selection。重要度5、Safety4、臨床推論4。別経路での確認価値を評価。,
KN0766,多発性硬化症のUhthoff現象を踏まえた運動・環境調整,C,18,理学療法治療各論,18,Q774,False,5,4,4,5,5,5,4,1,51,A,TYPE_F Result → Cause,理学療法治療各論のfinding_interpretation。重要度5、Safety4、臨床推論4。別経路での確認価値を評価。,
KN0858,腰椎変性すべり症の神経性間欠跛行に対する屈曲位休息,C,15,動作分析学,15,Q867,False,5,4,5,5,5,5,2,1,51,A,TYPE_J Clinical case → Intervention choice,動作分析学のintervention_selection。重要度5、Safety4、臨床推論5。別経路での確認価値を評価。,
KN1001,発症初期から易転倒性がみられるのはどれかから病態・機能・原因を解釈する,C,18,理学療法治療各論,18,Q1011,False,5,4,4,5,5,5,4,1,51,A,TYPE_F Result → Cause,理学療法治療各論のfinding_interpretation。重要度5、Safety4、臨床推論4。別経路での確認価値を評価。,
KN1032,ASIAの感覚キーポイントではT4は乳頭部に相当するを評価する,C,17,理学療法評価各論,17,Q1042,False,5,4,4,5,5,5,4,1,51,A,TYPE_K Static knowledge → Applied judgment,理学療法評価各論のassessment_selection。重要度5、Safety4、臨床推論4。別経路での確認価値を評価。,
KN1042,下腿義足歩行時の膝折れを生むソケット位置・膝伸展筋力などの原因推定,C,18,理学療法治療各論,18,Q1052,False,5,4,4,5,5,5,4,1,51,A,TYPE_F Result → Cause,理学療法治療各論のfinding_interpretation。重要度5、Safety4、臨床推論4。別経路での確認価値を評価。,
KN1087,ASIA key muscleと髄節の対応,C,17,理学療法評価各論,17,Q1098,False,5,4,4,5,5,5,4,1,51,A,TYPE_K Static knowledge → Applied judgment,理学療法評価各論のassessment_selection。重要度5、Safety4、臨床推論4。別経路での確認価値を評価。,
KN1108,徒手筋力テストを安全かつ標準的条件で実施する,C,17,理学療法評価各論,17,Q1119,False,5,4,4,5,5,5,4,1,51,A,TYPE_K Static knowledge → Applied judgment,理学療法評価各論のassessment_selection。重要度5、Safety4、臨床推論4。別経路での確認価値を評価。,
KN1118,1秒量は5.00L×0.80＝4.00Lを評価する,B,8,内科学,8,Q1129,False,5,4,4,5,5,5,4,1,51,A,TYPE_K Static knowledge → Applied judgment,内科学のassessment_selection。重要度5、Safety4、臨床推論4。別経路での確認価値を評価。,
KN1227,完全脊髄損傷で短下肢装具と杖による屋外歩行が可能な機能残存レベルを判断する,C,18,理学療法治療各論,18,Q1242,False,5,4,4,5,5,5,4,1,51,A,TYPE_F Result → Cause,理学療法治療各論のfinding_interpretation。重要度5、Safety4、臨床推論4。別経路での確認価値を評価。,
KN1364,通所リハビリでの転倒リスクを適切な尺度で評価する,C,18,理学療法治療各論,18,Q1387,False,5,4,4,5,5,5,4,1,51,A,TYPE_K Static knowledge → Applied judgment,理学療法治療各論のassessment_selection。重要度5、Safety4、臨床推論4。別経路での確認価値を評価。,
KN1485,高強度と低強度を交互に行う負荷様式をインターバルトレーニングとして識別する,C,18,理学療法治療各論,18,Q1510,False,5,4,4,5,5,5,4,1,51,A,TYPE_F Result → Cause,理学療法治療各論のfinding_interpretation。重要度5、Safety4、臨床推論4。別経路での確認価値を評価。,
KN1501,VDT作業で足台・画面位置・休憩を調整し筋骨格系障害を予防する,A,6,医学概論,6,Q1527,False,5,4,5,5,5,5,2,1,51,A,TYPE_J Clinical case → Intervention choice,医学概論のintervention_selection。重要度5、Safety4、臨床推論5。別経路での確認価値を評価。,
KN0006,立脚中期の足関節背屈角度は正常範囲内である一方、遊脚期に背屈不足とつま先接触を認めているを評価する,B,11,小児学,11,Q6,False,4,4,4,5,5,5,5,1,50,A,TYPE_K Static knowledge → Applied judgment,小児学のassessment_selection。重要度4、Safety4、臨床推論4。別経路での確認価値を評価。,
KN0046,左深部感覚が著しく低下し、座位・立位で左側へ能動的に押し返しながら、本人は正中位と認識しているを評価する,B,9,神経医学,9,Q46,False,4,4,4,5,5,5,5,1,50,A,TYPE_K Static knowledge → Applied judgment,神経医学のassessment_selection。重要度4、Safety4、臨床推論4。別経路での確認価値を評価。,
KN0065,身体活動＋社会参加支援,C,15,動作分析学,15,Q65,False,5,4,5,5,4,5,2,1,50,A,TYPE_K Static knowledge → Applied judgment,動作分析学のfunctional_goal_decision。重要度5、Safety4、臨床推論5。別経路での確認価値を評価。,
KN0071,視覚的垂直を用いた正中学習,C,18,理学療法治療各論,9|18,Q71|Q126|Q196|Q212|Q403,False,5,4,5,4,5,3,4,2,50,A,TYPE_J Clinical case → Intervention choice,理学療法治療各論のintervention_selection。重要度5、Safety4、臨床推論5。別経路での確認価値を評価。,multiple_node_descriptions
KN0098,方向転換・二重課題の動的バランス,B,9,神経医学,9,Q98,False,4,4,4,5,5,5,5,1,50,A,TYPE_K Static knowledge → Applied judgment,神経医学のassessment_selection。重要度4、Safety4、臨床推論4。別経路での確認価値を評価。,
KN0145,不安・移動手段を踏まえた参加再開,C,15,動作分析学,15,Q145,False,5,4,5,5,4,5,2,1,50,A,TYPE_K Static knowledge → Applied judgment,動作分析学のfunctional_goal_decision。重要度5、Safety4、臨床推論5。別経路での確認価値を評価。,
KN0001,左立脚後期では下腿三頭筋による底屈モーメントが前方推進力を生み、反対側下肢の歩幅確保に重要な役割を果たすを識別する,C,15,動作分析学,15,Q1,False,5,4,4,5,5,5,2,1,49,A,TYPE_F Result → Cause,動作分析学のfinding_interpretation。重要度5、Safety4、臨床推論4。別経路での確認価値を評価。,
KN0008,透析患者の運動耐容能評価時期,C,17,理学療法評価各論,17,Q8,False,4,4,4,5,5,5,4,1,49,A,TYPE_K Static knowledge → Applied judgment,理学療法評価各論のassessment_selection。重要度4、Safety4、臨床推論4。別経路での確認価値を評価。,
KN0031,病棟では左側のブレーキのかけ忘れや左側の副菜の食べ残しがみられ、日常生活場面で左側への注意低下が認められるを評価する,C,18,理学療法治療各論,18,Q31,False,4,4,4,5,5,5,4,1,49,A,TYPE_K Static knowledge → Applied judgment,理学療法治療各論のassessment_selection。重要度4、Safety4、臨床推論4。別経路での確認価値を評価。,
KN0037,日常生活ではドアノブ操作や瓶のふた開けが困難であり、回外55°と可動域制限を認めるを評価する,C,16,運動器,16,Q37,False,4,4,4,5,5,5,4,1,49,A,TYPE_K Static knowledge → Applied judgment,運動器のassessment_selection。重要度4、Safety4、臨床推論4。別経路での確認価値を評価。,
KN0038,足底感覚低下があり、「つまずきやすい」と訴えている一方で、筋力や足関節ROMは保たれているを評価する,C,18,理学療法治療各論,18,Q38,False,4,4,4,5,5,5,4,1,49,A,TYPE_K Static knowledge → Applied judgment,理学療法治療各論のassessment_selection。重要度4、Safety4、臨床推論4。別経路での確認価値を評価。,
KN0041,術後8か月で直線走行は可能だが、カッティング時に不安感があり、Single Leg Hop Testは健側比89％、着地時に軽度膝外反を認めるを評価する,C,17,理学療法評価各論,17,Q41,False,4,4,4,5,5,5,4,1,49,A,TYPE_K Static knowledge → Applied judgment,理学療法評価各論のassessment_selection。重要度4、Safety4、臨床推論4。別経路での確認価値を評価。,
KN0066,生活活動強度と運動耐容能の対応,C,17,理学療法評価各論,17,Q66,False,4,4,4,5,5,5,4,1,49,A,TYPE_K Static knowledge → Applied judgment,理学療法評価各論のassessment_selection。重要度4、Safety4、臨床推論4。別経路での確認価値を評価。,
KN0076,大腿四頭筋と手指深指屈筋がMMT3まで低下し、立ち上がりでは上肢支持を要し、蓋を開ける動作も困難であるを評価する,C,17,理学療法評価各論,17,Q76,False,4,4,4,5,5,5,4,1,49,A,TYPE_K Static knowledge → Applied judgment,理学療法評価各論のassessment_selection。重要度4、Safety4、臨床推論4。別経路での確認価値を評価。,
KN0078,安静時の意識やアンモニア値は安定しているが、買い物中に注意が散り、立ち止まることが増えているを評価する,B,8,内科学,8,Q78,False,4,4,4,5,5,5,4,1,49,A,TYPE_K Static knowledge → Applied judgment,内科学のassessment_selection。重要度4、Safety4、臨床推論4。別経路での確認価値を評価。,
KN0101,末梢循環・皮膚/創傷リスク,B,8,内科学,8,Q101,False,4,4,4,5,5,5,4,1,49,A,TYPE_K Static knowledge → Applied judgment,内科学のassessment_selection。重要度4、Safety4、臨床推論4。別経路での確認価値を評価。,
KN0104,静かな廊下では障害物を避けられるが、話しかけられながら歩くと物品を見落とし、方向転換も遅れているを評価する,C,17,理学療法評価各論,17,Q104,False,4,4,4,5,5,5,4,1,49,A,TYPE_K Static knowledge → Applied judgment,理学療法評価各論のassessment_selection。重要度4、Safety4、臨床推論4。別経路での確認価値を評価。,
KN0121,頸椎症性脊髄症では後索障害による深部感覚低下を伴うことがあり、視覚情報が減る暗所でふらつきが増えるを評価する,C,17,理学療法評価各論,17,Q121,False,4,4,4,5,5,5,4,1,49,A,TYPE_K Static knowledge → Applied judgment,理学療法評価各論のassessment_selection。重要度4、Safety4、臨床推論4。別経路での確認価値を評価。,
KN0171,術後8か月で疼痛・腫脹・可動域制限はなくジョギング可能だが、方向転換時に患側への不安感が残るを評価する,C,16,運動器,16,Q172,False,4,4,4,5,5,5,4,1,49,A,TYPE_K Static knowledge → Applied judgment,運動器のassessment_selection。重要度4、Safety4、臨床推論4。別経路での確認価値を評価。,
KN0186,片脚ホップの距離・着地制御,C,17,理学療法評価各論,17,Q187,False,4,4,4,5,5,5,4,1,49,A,TYPE_K Static knowledge → Applied judgment,理学療法評価各論のassessment_selection。重要度4、Safety4、臨床推論4。別経路での確認価値を評価。,
KN0188,遊脚期の足尖接触は改善しているが、初期接地後に足関節が急速に底屈し、足底全体が強く接地しているに対する機器選択,C,15,動作分析学,15,Q189,False,4,4,5,5,5,5,2,1,49,A,TYPE_J Clinical case → Intervention choice,動作分析学のdevice_selection。重要度4、Safety4、臨床推論5。別経路での確認価値を評価。,
KN0194,玄関上がり框への手すり,C,15,動作分析学,15,Q195,False,4,4,5,5,5,5,2,1,49,A,TYPE_J Clinical case → Intervention choice,動作分析学のdevice_selection。重要度4、Safety4、臨床推論5。別経路での確認価値を評価。,
KN0198,第2・3中足骨頭部に胼胝があり、長時間歩行で同部の前足部痛が増強していることから、中足骨頭へ荷重が集中しているに対する機器選択,C,15,動作分析学,15,Q199,False,4,4,5,5,5,5,2,1,49,A,TYPE_J Clinical case → Intervention choice,動作分析学のdevice_selection。重要度4、Safety4、臨床推論5。別経路での確認価値を評価。,
KN0203,大腿四頭筋低下による膝折れに対するKAFO適応,C,15,動作分析学,15,Q204,False,4,4,5,5,5,5,2,1,49,A,TYPE_J Clinical case → Intervention choice,動作分析学のdevice_selection。重要度4、Safety4、臨床推論5。別経路での確認価値を評価。,
KN0207,保存療法開始8週で通常歩行は可能だが、片脚着地時に足関節の不安定感が残っているを評価する,C,16,運動器,16,Q208,False,4,4,4,5,5,5,4,1,49,A,TYPE_K Static knowledge → Applied judgment,運動器のassessment_selection。重要度4、Safety4、臨床推論4。別経路での確認価値を評価。,
KN0214,通常歩行や筋力には大きな問題がないにもかかわらず、後方から軽く肩へ触れられるという予期しない外乱でバランスを崩して転倒しているを評価する,C,18,理学療法治療各論,18,Q215,False,4,4,4,5,5,5,4,1,49,A,TYPE_K Static knowledge → Applied judgment,理学療法治療各論のassessment_selection。重要度4、Safety4、臨床推論4。別経路での確認価値を評価。,
KN0228,CMTによる下垂足・足尖クリアランス低下に対するAFO適応,C,15,動作分析学,15,Q229,False,4,4,5,5,5,5,2,1,49,A,TYPE_J Clinical case → Intervention choice,動作分析学のdevice_selection。重要度4、Safety4、臨床推論5。別経路での確認価値を評価。,
KN0423,連続流型LVADでは拍動が弱く、末梢動脈の触診や通常の自動血圧計だけでは循環状態を正確に把握しにくいを評価する,C,17,理学療法評価各論,17,Q431,False,4,4,4,5,5,5,4,1,49,A,TYPE_K Static knowledge → Applied judgment,理学療法評価各論のassessment_selection。重要度4、Safety4、臨床推論4。別経路での確認価値を評価。,
KN0478,底屈急増と膝過伸展に対するAFO底屈制動調整,C,15,動作分析学,15,Q486,False,4,4,5,5,5,5,2,1,49,A,TYPE_J Clinical case → Intervention choice,動作分析学のdevice_selection。重要度4、Safety4、臨床推論5。別経路での確認価値を評価。,
KN0479,強剛母趾でMTP背屈要求を減らすロッカーソール,C,15,動作分析学,15,Q487,False,4,4,5,5,5,5,2,1,49,A,TYPE_J Clinical case → Intervention choice,動作分析学のdevice_selection。重要度4、Safety4、臨床推論5。別経路での確認価値を評価。,
KN0496,62 歳の男性から病態・機能障害を解釈,C,15,動作分析学,15,Q504,False,5,4,4,5,5,5,2,1,49,A,TYPE_F Result → Cause,動作分析学のfinding_interpretation。重要度5、Safety4、臨床推論4。別経路での確認価値を評価。,
KN0500,85 歳の女性から病態・機能障害を解釈,C,15,動作分析学,15,Q508,False,5,4,4,5,5,5,2,1,49,A,TYPE_F Result → Cause,動作分析学のfinding_interpretation。重要度5、Safety4、臨床推論4。別経路での確認価値を評価。,
KN0613,脊髄損傷の自律神経過反射の典型所見,B,9,神経医学,9,Q621,False,5,5,2,5,4,5,5,1,49,A,TYPE_A Definition → Case,神経医学のfact_recall。重要度5、Safety5、臨床推論2。別経路での確認価値を評価。,
KN0823,MRSAは患者・医療者の手や環境表面を介する接触感染が中心,B,7,病理学,7,Q832,False,5,5,2,5,4,5,5,1,49,A,TYPE_A Definition → Case,病理学のfact_recall。重要度5、Safety5、臨床推論2。別経路での確認価値を評価。,
KN0836,小脳・脳幹萎縮と協調運動障害から脊髄小脳変性症などを想定するを評価する,C,15,動作分析学,15,Q845,False,5,4,4,5,5,5,2,1,49,A,TYPE_K Static knowledge → Applied judgment,動作分析学のassessment_selection。重要度5、Safety4、臨床推論4。別経路での確認価値を評価。,
KN0846,下肢異常に応じた金属支柱付きAFO足継手機能の設定,C,18,理学療法治療各論,18,Q855|Q1306,False,5,4,5,4,5,3,4,1,49,A,TYPE_J Clinical case → Intervention choice,理学療法治療各論のdevice_selection。重要度5、Safety4、臨床推論5。別経路での確認価値を評価。,
KN1096,感染性心内膜炎では弁上の疣贅が剝離して動脈塞栓を起こし、脳塞栓症を生じることがある,B,7,病理学,7,Q1107,False,5,5,2,5,4,5,5,1,49,A,TYPE_A Definition → Case,病理学のfact_recall。重要度5、Safety5、臨床推論2。別経路での確認価値を評価。,
KN1152,自律神経過反射では損傷高位以下の刺激を契機に交感神経活動が暴走し、著明な高血圧と損傷高位より上の発汗などを生じる,B,9,神経医学,9,Q1165,False,5,5,2,5,4,5,5,1,49,A,TYPE_A Definition → Case,神経医学のfact_recall。重要度5、Safety5、臨床推論2。別経路での確認価値を評価。,
KN1287,熱傷創に感染があると植皮床の血行や組織状態が悪化し、移植皮膚の生着を妨げる,B,7,病理学,7,Q1304,False,5,5,2,5,4,5,5,1,49,A,TYPE_A Definition → Case,病理学のfact_recall。重要度5、Safety5、臨床推論2。別経路での確認価値を評価。,
KN1521,ノロウイルスは汚染食品・水や接触を介して経口感染する,B,7,病理学,7,Q1547,False,5,5,2,5,4,5,5,1,49,A,TYPE_A Definition → Case,病理学のfact_recall。重要度5、Safety5、臨床推論2。別経路での確認価値を評価。,
KN0119,理学療法では実際に困っている運動課題を段階的に反復し、学校や家庭と方法を共有して、体育・学習・日常生活への参加を支援することが適切である,B,11,小児学,11,Q119,False,5,1,5,5,5,5,5,1,48,A,TYPE_J Clinical case → Intervention choice,小児学のintervention_selection。重要度5、Safety1、臨床推論5。別経路での確認価値を評価。,
KN0139,課題を構成要素に分け、成功可能な難易度から段階的に練習することで運動学習を促し、失敗経験を減らして体育参加への自信を高める,B,11,小児学,11,Q139,False,5,1,5,5,5,5,5,1,48,A,TYPE_J Clinical case → Intervention choice,小児学のintervention_selection。重要度5、Safety1、臨床推論5。別経路での確認価値を評価。,
KN0141,短く具体的な指示と非言語情報,B,9,神経医学,9,Q141,False,5,1,5,5,5,5,5,1,48,A,TYPE_J Clinical case → Intervention choice,神経医学のintervention_selection。重要度5、Safety1、臨床推論5。別経路での確認価値を評価。,
KN0153,遊びを使った片脚支持・重心移動,B,11,小児学,11,Q154,False,5,1,5,5,5,5,5,1,48,A,TYPE_J Clinical case → Intervention choice,小児学のintervention_selection。重要度5、Safety1、臨床推論5。別経路での確認価値を評価。,
KN0232,Brown-Séquard症候群の同側運動・深部感覚障害と対側温痛覚障害,B,9,神経医学,9,Q233|Q314,False,5,4,4,4,5,3,5,1,48,A,TYPE_F Result → Cause,神経医学のfinding_interpretation。重要度5、Safety4、臨床推論4。別経路での確認価値を評価。,
KN0280,仙髄温存による不全脊髄損傷の判定,B,9,神経医学,9,Q282|Q333,False,5,4,4,4,5,3,5,1,48,A,TYPE_F Result → Cause,神経医学のfinding_interpretation。重要度5、Safety4、臨床推論4。別経路での確認価値を評価。,
KN0391,Parkinson病のON時間帯に新規歩行課題を練習する,B,9,神経医学,9,Q396,False,5,1,5,5,5,5,5,1,48,A,TYPE_J Clinical case → Intervention choice,神経医学のintervention_selection。重要度5、Safety1、臨床推論5。別経路での確認価値を評価。,
KN0560,高齢者では嚥下反射・咳反射の低下や口腔機能低下により誤嚥性肺炎が多い,B,8,内科学,8,Q568,False,5,5,2,5,4,5,4,1,48,A,TYPE_A Definition → Case,内科学のfact_recall。重要度5、Safety5、臨床推論2。別経路での確認価値を評価。,
KN0572,肘関節脱臼は転倒時に伸展位で手をつく機転などで生じ、尺骨・橈骨が上腕骨に対して後方へ脱臼する後方脱臼が最も多い,C,16,運動器,16,Q580,False,5,5,2,5,4,5,4,1,48,A,TYPE_A Definition → Case,運動器のfact_recall。重要度5、Safety5、臨床推論2。別経路での確認価値を評価。,
KN0635,Monteggia骨折は尺骨近位〜骨幹部骨折に橈骨頭脱臼を合併する損傷である,C,16,運動器,16,Q643,False,5,5,2,5,4,5,4,1,48,A,TYPE_A Definition → Case,運動器のfact_recall。重要度5、Safety5、臨床推論2。別経路での確認価値を評価。,
KN0826,脳血管障害と治療の組合せで正しいのはどれかに対して適切な理学療法・介入を選択する,B,9,神経医学,9,Q835,False,5,1,5,5,5,5,5,1,48,A,TYPE_J Clinical case → Intervention choice,神経医学のintervention_selection。重要度5、Safety1、臨床推論5。別経路での確認価値を評価。,
KN0835,脳卒中屈曲共同運動を抑え肘伸展を促す筋促通の選択,B,9,神経医学,9,Q844,False,5,1,5,5,5,5,5,1,48,A,TYPE_J Clinical case → Intervention choice,神経医学のintervention_selection。重要度5、Safety1、臨床推論5。別経路での確認価値を評価。,
KN0841,除細動適応となりうる心室頻拍の識別,C,18,理学療法治療各論,18,Q850,False,5,5,2,5,4,5,4,1,48,A,TYPE_A Definition → Case,理学療法治療各論のfact_recall。重要度5、Safety5、臨床推論2。別経路での確認価値を評価。,
KN0847,Bennett骨折は第1中手骨基部の関節内骨折で、母指CM関節の脱臼・亜脱臼を伴う,C,16,運動器,16,Q856,False,5,5,2,5,4,5,4,1,48,A,TYPE_A Definition → Case,運動器のfact_recall。重要度5、Safety5、臨床推論2。別経路での確認価値を評価。,
KN0910,MRSA検出患者の接触予防策とPPE脱衣・廃棄手順,C,18,理学療法治療各論,18,Q919,False,5,5,2,5,4,5,4,1,48,A,TYPE_A Definition → Case,理学療法治療各論のfact_recall。重要度5、Safety5、臨床推論2。別経路での確認価値を評価。,
KN1102,非流暢性失語に対するYes/No質問などのコミュニケーション支援,B,9,神経医学,9,Q1113,False,5,1,5,5,5,5,5,1,48,A,TYPE_J Clinical case → Intervention choice,神経医学のintervention_selection。重要度5、Safety1、臨床推論5。別経路での確認価値を評価。,
KN1119,肘関節脱臼は後方脱臼が最も多い,C,16,運動器,16,Q1130,False,5,5,2,5,4,5,4,1,48,A,TYPE_A Definition → Case,運動器のfact_recall。重要度5、Safety5、臨床推論2。別経路での確認価値を評価。,
KN1121,脳卒中片麻痺に対する早期立位・歩行・トレッドミル練習,B,9,神経医学,9,Q1132,False,5,1,5,5,5,5,5,1,48,A,TYPE_J Clinical case → Intervention choice,神経医学のintervention_selection。重要度5、Safety1、臨床推論5。別経路での確認価値を評価。,
KN1218,肺塞栓症は下肢深部静脈血栓由来が多く、下肢・骨盤手術後や長期臥床で多い,B,8,内科学,8,Q1233,False,5,5,2,5,4,5,4,1,48,A,TYPE_A Definition → Case,内科学のfact_recall。重要度5、Safety5、臨床推論2。別経路での確認価値を評価。,
KN1350,静脈うっ滞と凝固亢進により深部静脈血栓症を生じやすい,B,8,内科学,8,Q1373,False,5,5,2,5,4,5,4,1,48,A,TYPE_A Definition → Case,内科学のfact_recall。重要度5、Safety5、臨床推論2。別経路での確認価値を評価。,
KN1414,GBSは感染後に遠位から上行する対称性筋力低下で発症することが多い,B,8,内科学,8,Q1439,False,5,5,2,5,4,5,4,1,48,A,TYPE_A Definition → Case,内科学のfact_recall。重要度5、Safety5、臨床推論2。別経路での確認価値を評価。,
KN1490,GBSは上気道感染や消化器感染後に発症することが多い,C,18,理学療法治療各論,18,Q1515,False,5,5,2,5,4,5,4,1,48,A,TYPE_A Definition → Case,理学療法治療各論のfact_recall。重要度5、Safety5、臨床推論2。別経路での確認価値を評価。,
KN1531,ICUは易感染患者を守る目的などから区域により陽圧管理される,B,8,内科学,8,Q1557,False,5,5,2,5,4,5,4,1,48,A,TYPE_A Definition → Case,内科学のfact_recall。重要度5、Safety5、臨床推論2。別経路での確認価値を評価。,
KN0012,歩行時痛は消失し、ジョギングも可能であるが、切り返し動作で不安感を認めているを評価する,C,15,動作分析学,15,Q12,False,4,4,4,5,5,5,2,1,47,B,TYPE_K Static knowledge → Applied judgment,動作分析学のassessment_selection。重要度4、Safety4、臨床推論4。別経路での確認価値を評価。,
KN0020,骨盤底筋訓練の段階的応用,C,17,理学療法評価各論,17,Q20,False,5,1,5,5,5,5,4,1,47,B,TYPE_J Clinical case → Intervention choice,理学療法評価各論のintervention_selection。重要度5、Safety1、臨床推論5。別経路での確認価値を評価。,
KN0023,視覚や体性感覚を利用して動きを確認しながら、反復的な協調運動と歩行練習を行う,C,18,理学療法治療各論,18,Q23,False,5,1,5,5,5,5,4,1,47,B,TYPE_J Clinical case → Intervention choice,理学療法治療各論のintervention_selection。重要度5、Safety1、臨床推論5。別経路での確認価値を評価。,
KN0024,足底のしびれ、振動覚低下、モノフィラメントでの感覚低下があり、暗所歩行に不安を訴えているを評価する,C,15,動作分析学,15,Q24,False,4,4,4,5,5,5,2,1,47,B,TYPE_K Static knowledge → Applied judgment,動作分析学のassessment_selection。重要度4、Safety4、臨床推論4。別経路での確認価値を評価。,
KN0025,箸操作の不器用さ、階段での手すり使用、上下肢腱反射亢進、両側Babinski反射陽性から、頸髄症による上肢巧緻運動と歩行機能の障害がみられるを評価する,C,15,動作分析学,15,Q25,False,4,4,4,5,5,5,2,1,47,B,TYPE_K Static knowledge → Applied judgment,動作分析学のassessment_selection。重要度4、Safety4、臨床推論4。別経路での確認価値を評価。,
KN0050,通常歩行速度、立ち上がり能力、Functional Reach Testは概ね保たれているが、過去1年間に屋外段差で2回転倒し、外出時に足元へ注意が集中しているを評価する,C,15,動作分析学,15,Q50,False,4,4,4,5,5,5,2,1,47,B,TYPE_K Static knowledge → Applied judgment,動作分析学のassessment_selection。重要度4、Safety4、臨床推論4。別経路での確認価値を評価。,
KN0057,負荷前後の筋力・歩行変化,C,15,動作分析学,15,Q57,False,4,4,4,5,5,5,2,1,47,B,TYPE_K Static knowledge → Applied judgment,動作分析学のassessment_selection。重要度4、Safety4、臨床推論4。別経路での確認価値を評価。,
KN0059,立脚期下腿前傾と装具設定,C,15,動作分析学,15,Q59,False,4,4,4,5,5,5,2,1,47,B,TYPE_K Static knowledge → Applied judgment,動作分析学のassessment_selection。重要度4、Safety4、臨床推論4。別経路での確認価値を評価。,
KN0080,慢性腰痛では完全な疼痛消失を待つのではなく、痛みに関する適切な理解を促し、達成可能な活動から段階的に拡大して、自己管理能力と生活機能を改善する,C,18,理学療法治療各論,18,Q80,False,5,1,5,5,5,5,4,1,47,B,TYPE_J Clinical case → Intervention choice,理学療法治療各論のintervention_selection。重要度5、Safety1、臨床推論5。別経路での確認価値を評価。,
KN0081,脊髄小脳変性症では筋力が保たれていても、失調により歩行速度の変化、方向転換、人混みなど複雑な歩行場面で不安定性が増すを評価する,C,15,動作分析学,15,Q81,False,4,4,4,5,5,5,2,1,47,B,TYPE_K Static knowledge → Applied judgment,動作分析学のassessment_selection。重要度4、Safety4、臨床推論4。別経路での確認価値を評価。,
KN0086,四肢筋力は正常だが、体幹失調と左側への歩行偏倚があり、特に方向転換時にふらつきが増強しているを評価する,C,15,動作分析学,15,Q86,False,4,4,4,5,5,5,2,1,47,B,TYPE_K Static knowledge → Applied judgment,動作分析学のassessment_selection。重要度4、Safety4、臨床推論4。別経路での確認価値を評価。,
KN0096,方向転換時の感覚運動制御,C,15,動作分析学,15,Q96,False,4,4,4,5,5,5,2,1,47,B,TYPE_K Static knowledge → Applied judgment,動作分析学のassessment_selection。重要度4、Safety4、臨床推論4。別経路での確認価値を評価。,
KN0107,安定したBorg13での継続判断,C,15,動作分析学,15|17,Q107|Q148,False,5,4,5,4,5,3,2,1,47,B,TYPE_J Clinical case → Intervention choice,動作分析学のsafety_priority。重要度5、Safety4、臨床推論5。別経路での確認価値を評価。,
KN0111,翌日疲労に基づく運動量調整,C,15,動作分析学,15|18,Q111|Q151,False,5,4,5,4,5,3,2,1,47,B,TYPE_J Clinical case → Intervention choice,動作分析学のintervention_selection。重要度5、Safety4、臨床推論5。別経路での確認価値を評価。,
KN0122,股関節外転・外旋筋を含む近位部の制御と下肢アライメントを改善する練習が、膝への内側ストレス低減と機能改善に最もつながる,C,16,運動器,16,Q122,False,5,1,5,5,5,5,4,1,47,B,TYPE_J Clinical case → Intervention choice,運動器のintervention_selection。重要度5、Safety1、臨床推論5。別経路での確認価値を評価。,
KN0134,母指・手関節負荷を減らすADL指導,C,18,理学療法治療各論,18,Q134,False,5,1,5,5,5,5,4,1,47,B,TYPE_J Clinical case → Intervention choice,理学療法治療各論のintervention_selection。重要度5、Safety1、臨床推論5。別経路での確認価値を評価。,
KN0147,疼痛許容内ROM＋ADL練習,C,16,運動器,16,Q147,False,5,1,5,5,5,5,4,1,47,B,TYPE_J Clinical case → Intervention choice,運動器のintervention_selection。重要度5、Safety1、臨床推論5。別経路での確認価値を評価。,
KN0149,成功しやすい遊び環境調整,B,11,小児学,11,Q149,False,5,1,5,5,4,5,5,1,47,B,TYPE_K Static knowledge → Applied judgment,小児学のfunctional_goal_decision。重要度5、Safety1、臨床推論5。別経路での確認価値を評価。,
KN0166,結帯動作の内旋と肩甲骨協調,C,16,運動器,16,Q167,False,5,1,5,5,5,5,4,1,47,B,TYPE_J Clinical case → Intervention choice,運動器のintervention_selection。重要度5、Safety1、臨床推論5。別経路での確認価値を評価。,
KN0170,友人とのボール遊び参加,B,11,小児学,11,Q171,False,5,1,5,5,4,5,5,1,47,B,TYPE_K Static knowledge → Applied judgment,小児学のfunctional_goal_decision。重要度5、Safety1、臨床推論5。別経路での確認価値を評価。,
KN0180,写真・実演・指差しで意思確認,B,9,神経医学,9,Q181,False,5,1,5,5,4,5,5,1,47,B,TYPE_K Static knowledge → Applied judgment,神経医学のfunctional_goal_decision。重要度5、Safety1、臨床推論5。別経路での確認価値を評価。,
KN0183,漸増的レジスタンス運動,C,18,理学療法治療各論,18,Q184,False,5,1,5,5,5,5,4,1,47,B,TYPE_J Clinical case → Intervention choice,理学療法治療各論のintervention_selection。重要度5、Safety1、臨床推論5。別経路での確認価値を評価。,
KN0222,気管支拡張症の排痰困難に対するACBT,C,18,理学療法治療各論,18,Q223,False,5,1,5,5,5,5,4,1,47,B,TYPE_J Clinical case → Intervention choice,理学療法治療各論のintervention_selection。重要度5、Safety1、臨床推論5。別経路での確認価値を評価。,
KN0225,失行に対する実物品と視覚的手掛かりを用いた課題練習,C,18,理学療法治療各論,18,Q226,False,5,1,5,5,5,5,4,1,47,B,TYPE_J Clinical case → Intervention choice,理学療法治療各論のintervention_selection。重要度5、Safety1、臨床推論5。別経路での確認価値を評価。,
KN0231,従来型TENSの高周波・感覚閾値刺激条件,C,18,理学療法治療各論,18,Q232,False,5,1,5,5,5,5,4,1,47,B,TYPE_J Clinical case → Intervention choice,理学療法治療各論のintervention_selection。重要度5、Safety1、臨床推論5。別経路での確認価値を評価。,
KN0253,急性期に温熱作用を抑えるパルス超音波設定,C,18,理学療法治療各論,18,Q254,False,5,1,5,5,5,5,4,1,47,B,TYPE_J Clinical case → Intervention choice,理学療法治療各論のintervention_selection。重要度5、Safety1、臨床推論5。別経路での確認価値を評価。,
KN0326,強直性脊椎炎に対する伸展・姿勢・胸郭可動性を重視した運動療法,C,16,運動器,16,Q328,False,5,1,5,5,5,5,4,1,47,B,TYPE_J Clinical case → Intervention choice,運動器のintervention_selection。重要度5、Safety1、臨床推論5。別経路での確認価値を評価。,
KN0361,腋窩熱傷瘢痕拘縮を予防する肩外転位ポジショニング,C,18,理学療法治療各論,18,Q366,False,5,1,5,5,5,5,4,1,47,B,TYPE_J Clinical case → Intervention choice,理学療法治療各論のintervention_selection。重要度5、Safety1、臨床推論5。別経路での確認価値を評価。,
KN0364,呼気筋力低下時の機械的咳介助による排痰支援,C,18,理学療法治療各論,18,Q369,False,5,1,5,5,5,5,4,1,47,B,TYPE_J Clinical case → Intervention choice,理学療法治療各論のintervention_selection。重要度5、Safety1、臨床推論5。別経路での確認価値を評価。,
KN0366,VOR適応を促すgaze stabilization exercise,C,18,理学療法治療各論,18,Q371,False,5,1,5,5,5,5,4,1,47,B,TYPE_J Clinical case → Intervention choice,理学療法治療各論のintervention_selection。重要度5、Safety1、臨床推論5。別経路での確認価値を評価。,
KN0372,慢性アキレス腱障害に対する段階的腱負荷エクササイズ,C,18,理学療法治療各論,18,Q377,False,5,1,5,5,5,5,4,1,47,B,TYPE_J Clinical case → Intervention choice,理学療法治療各論のintervention_selection。重要度5、Safety1、臨床推論5。別経路での確認価値を評価。,
KN0373,発育性股関節形成不全の初期装具での屈曲・外転位保持,B,11,小児学,11,Q378,False,4,5,2,5,4,5,5,1,47,B,TYPE_A Definition → Case,小児学のfact_recall。重要度4、Safety5、臨床推論2。別経路での確認価値を評価。,
KN0381,MIPの30％を用いた吸気筋トレーニング初期負荷計算,B,8,内科学,8,Q386,False,5,1,5,5,5,5,4,1,47,B,TYPE_J Clinical case → Intervention choice,内科学のintervention_selection。重要度5、Safety1、臨床推論5。別経路での確認価値を評価。,
KN0402,後半規管BPPVに対するEpley法,C,17,理学療法評価各論,17,Q408,False,5,1,5,5,5,5,4,1,47,B,TYPE_J Clinical case → Intervention choice,理学療法評価各論のintervention_selection。重要度5、Safety1、臨床推論5。別経路での確認価値を評価。,
KN0420,幻肢痛に対するミラーセラピー,C,18,理学療法治療各論,18,Q428,False,5,1,5,5,5,5,4,1,47,B,TYPE_J Clinical case → Intervention choice,理学療法治療各論のintervention_selection。重要度5、Safety1、臨床推論5。別経路での確認価値を評価。,
KN0429,Locked-in syndromeで保たれやすい垂直眼球運動を用いた意思伝達,C,17,理学療法評価各論,17,Q437,False,5,1,5,5,5,5,4,1,47,B,TYPE_J Clinical case → Intervention choice,理学療法評価各論のintervention_selection。重要度5、Safety1、臨床推論5。別経路での確認価値を評価。,
KN0448,骨盤臓器脱で息こらえを避け呼気しながら持ち上げる動作指導,C,17,理学療法評価各論,17,Q456,False,5,1,5,5,5,5,4,1,47,B,TYPE_J Clinical case → Intervention choice,理学療法評価各論のintervention_selection。重要度5、Safety1、臨床推論5。別経路での確認価値を評価。,
KN0523,疾患と自助具の組合せの基本事項,C,18,理学療法治療各論,18,Q531,False,5,1,5,5,5,5,4,1,47,B,TYPE_J Clinical case → Intervention choice,理学療法治療各論のdevice_selection。重要度5、Safety1、臨床推論5。別経路での確認価値を評価。,
KN0553,中心性脊髄損傷は高齢者の頸椎過伸展外傷などで生じやすく、脊髄中心部の障害により下肢より上肢の麻痺が強いことが特徴である,B,9,神経医学,9,Q561,False,5,4,2,5,4,5,5,1,47,B,TYPE_A Definition → Case,神経医学のfact_recall。重要度5、Safety4、臨床推論2。別経路での確認価値を評価。,
KN0646,小児の上腕骨顆上骨折では上腕動脈障害により前腕虚血を生じ、Volkmann虚血性拘縮へ進む危険がある,B,11,小児学,11,Q654,False,5,4,2,5,4,5,5,1,47,B,TYPE_A Definition → Case,小児学のfact_recall。重要度5、Safety4、臨床推論2。別経路での確認価値を評価。,
KN0742,多発性硬化症は中枢神経系の炎症性脱髄疾患で、脳・脊髄・視神経などに時間的・空間的に多発する脱髄病変を形成する,B,7,病理学,7,Q750,False,5,4,2,5,4,5,5,1,47,B,TYPE_A Definition → Case,病理学のfact_recall。重要度5、Safety4、臨床推論2。別経路での確認価値を評価。,
KN0856,筋力増強運動について正しいのはどれかに対して適切な理学療法・介入を選択する,C,18,理学療法治療各論,18,Q865,False,5,1,5,5,5,5,4,1,47,B,TYPE_J Clinical case → Intervention choice,理学療法治療各論のintervention_selection。重要度5、Safety1、臨床推論5。別経路での確認価値を評価。,
KN0898,核上型神経因性膀胱では反射性排尿を利用できることがあり、恥骨上部などトリガーポイント刺激を試みる,B,9,神経医学,9,Q907,False,5,4,2,5,4,5,5,1,47,B,TYPE_A Definition → Case,神経医学のfact_recall。重要度5、Safety4、臨床推論2。別経路での確認価値を評価。,
KN0907,統合失調症において予後が良いのはどれかから今後の経過・予後を予測する,B,10,精神医学,10,Q916,False,5,1,5,5,4,5,5,1,47,B,TYPE_E Cause → Result,精神医学のprognosis_prediction。重要度5、Safety1、臨床推論5。別経路での確認価値を評価。,
KN0932,訪問理学療法で正しいのはどれかに対して適切な理学療法・介入を選択する,C,18,理学療法治療各論,18,Q941,False,5,1,5,5,5,5,4,1,47,B,TYPE_J Clinical case → Intervention choice,理学療法治療各論のintervention_selection。重要度5、Safety1、臨床推論5。別経路での確認価値を評価。,
KN0997,栄養管理について正しいのはどれかに対して適切な理学療法・介入を選択する,C,18,理学療法治療各論,18,Q1007,False,5,1,5,5,5,5,4,1,47,B,TYPE_J Clinical case → Intervention choice,理学療法治療各論のintervention_selection。重要度5、Safety1、臨床推論5。別経路での確認価値を評価。,
KN1000,ACL再建術後3日では疼痛・腫脹管理、ROM、自動介助運動、筋賦活が中心で、荷重を伴うハーフスクワットは通常この時期の最優先ではないに対する機器選択,C,18,理学療法治療各論,18,Q1010,False,5,1,5,5,5,5,4,1,47,B,TYPE_J Clinical case → Intervention choice,理学療法治療各論のdevice_selection。重要度5、Safety1、臨床推論5。別経路での確認価値を評価。,
KN1004,廃用症候群について正しいのはどれかに対して適切な理学療法・介入を選択する,C,18,理学療法治療各論,18,Q1014,False,5,1,5,5,5,5,4,1,47,B,TYPE_J Clinical case → Intervention choice,理学療法治療各論のintervention_selection。重要度5、Safety1、臨床推論5。別経路での確認価値を評価。,
KN1037,理学療法士法及び作業療法士法で正しいのはどれかに対する適切な介入・練習・指導を選択する,C,18,理学療法治療各論,18,Q1047,False,5,1,5,5,5,5,4,1,47,B,TYPE_J Clinical case → Intervention choice,理学療法治療各論のintervention_selection。重要度5、Safety1、臨床推論5。別経路での確認価値を評価。,
KN1061,疾患・機能障害に応じた支援機器の適応選択,C,18,理学療法治療各論,18,Q1071,False,5,1,5,5,5,5,4,1,47,B,TYPE_J Clinical case → Intervention choice,理学療法治療各論のdevice_selection。重要度5、Safety1、臨床推論5。別経路での確認価値を評価。,
KN1084,成人期中期に発症しやすいのはどれかから経過・予後・合併症を予測する,B,10,精神医学,10,Q1095,False,5,1,5,5,4,5,5,1,47,B,TYPE_E Cause → Result,精神医学のprognosis_prediction。重要度5、Safety1、臨床推論5。別経路での確認価値を評価。,
KN1106,支持基底面・視覚・二重課題を操作してバランス練習難度を上げる,C,18,理学療法治療各論,18,Q1117,False,5,1,5,5,5,5,4,1,47,B,TYPE_J Clinical case → Intervention choice,理学療法治療各論のintervention_selection。重要度5、Safety1、臨床推論5。別経路での確認価値を評価。,
KN1116,全身持久力トレーニングの効果で正しいのはどれかに対する適切な介入・練習・指導を選択する,C,18,理学療法治療各論,18,Q1127,False,5,1,5,5,5,5,4,1,47,B,TYPE_J Clinical case → Intervention choice,理学療法治療各論のintervention_selection。重要度5、Safety1、臨床推論5。別経路での確認価値を評価。,
KN1120,腰椎椎間板ヘルニア保存療法後の症状に応じた運動・姿勢指導,C,18,理学療法治療各論,18,Q1131,False,5,1,5,5,5,5,4,1,47,B,TYPE_J Clinical case → Intervention choice,理学療法治療各論のintervention_selection。重要度5、Safety1、臨床推論5。別経路での確認価値を評価。,
KN1125,心臓リハビリテーションにおいて有酸素運動が勧められる理由として正しいのはどれかに対する適切な介入・練習・指導を選択する,C,18,理学療法治療各論,18,Q1136,False,5,1,5,5,5,5,4,1,47,B,TYPE_J Clinical case → Intervention choice,理学療法治療各論のintervention_selection。重要度5、Safety1、臨床推論5。別経路での確認価値を評価。,
KN1126,地域リハビリテーションについて正しいのはどれかに対する適切な介入・練習・指導を選択する,C,18,理学療法治療各論,18,Q1137,False,5,1,5,5,5,5,4,1,47,B,TYPE_J Clinical case → Intervention choice,理学療法治療各論のintervention_selection。重要度5、Safety1、臨床推論5。別経路での確認価値を評価。,
KN1148,呼吸筋力が低下すると最大吸気・呼気が不十分となり、肺活量は低下する,B,7,病理学,7,Q1161,False,5,4,2,5,4,5,5,1,47,B,TYPE_A Definition → Case,病理学のfact_recall。重要度5、Safety4、臨床推論2。別経路での確認価値を評価。,
KN1156,脊髄髄膜瘤ではChiariⅡ型奇形や水頭症を高頻度に合併する,B,11,小児学,11,Q1169,False,5,4,2,5,4,5,5,1,47,B,TYPE_A Definition → Case,小児学のfact_recall。重要度5、Safety4、臨床推論2。別経路での確認価値を評価。,
KN1170,理学療法実施時のインフォームドコンセントで適切なのはどれかに対する適切な介入・練習・指導を選択する,C,18,理学療法治療各論,18,Q1183,False,5,1,5,5,5,5,4,1,47,B,TYPE_J Clinical case → Intervention choice,理学療法治療各論のintervention_selection。重要度5、Safety1、臨床推論5。別経路での確認価値を評価。,
KN1176,足関節内反捻挫後に筋力増強運動を行う下肢の筋で、再発予防に最も有効なのはどれかに対する適切な介入・練習・指導を選択する,C,16,運動器,16,Q1189,False,5,1,5,5,5,5,4,1,47,B,TYPE_J Clinical case → Intervention choice,運動器のintervention_selection。重要度5、Safety1、臨床推論5。別経路での確認価値を評価。,
KN1178,下腿義足で足部外側が浮くのは、ソケットの初期内転角が大きすぎて義足全体が内反方向に傾く場合に起こる,C,18,理学療法治療各論,18,Q1192,False,5,1,5,5,5,5,4,1,47,B,TYPE_J Clinical case → Intervention choice,理学療法治療各論のdevice_selection。重要度5、Safety1、臨床推論5。別経路での確認価値を評価。,
KN1179,脊髄損傷後の異所性骨化は股関節周囲に最も多く、次いで膝など大関節周囲に生じやすい,B,9,神経医学,9,Q1193,False,5,4,2,5,4,5,5,1,47,B,TYPE_A Definition → Case,神経医学のfact_recall。重要度5、Safety4、臨床推論2。別経路での確認価値を評価。,
KN1182,筋力増強運動で正しいのはどれかに対する適切な介入・練習・指導を選択する,C,18,理学療法治療各論,18,Q1196,False,5,1,5,5,5,5,4,1,47,B,TYPE_J Clinical case → Intervention choice,理学療法治療各論のintervention_selection。重要度5、Safety1、臨床推論5。別経路での確認価値を評価。,
KN1208,積極的な全身持久力トレーニングを開始してよい状態はどれかに対する適切な介入・練習・指導を選択する,B,8,内科学,8,Q1223,False,5,1,5,5,5,5,4,1,47,B,TYPE_J Clinical case → Intervention choice,内科学のintervention_selection。重要度5、Safety1、臨床推論5。別経路での確認価値を評価。,
KN1277,神経性無食欲症では徐脈・低血圧・低血糖などが多い一方、飢餓に伴う脂質代謝異常から高コレステロール血症を示すことがある,B,10,精神医学,10,Q1293,False,5,4,2,5,4,5,5,1,47,B,TYPE_A Definition → Case,精神医学のfact_recall。重要度5、Safety4、臨床推論2。別経路での確認価値を評価。,
KN1310,頸髄損傷が胸腰髄損傷より多い,B,9,神経医学,9,Q1330,False,5,4,2,5,4,5,5,1,47,B,TYPE_A Definition → Case,神経医学のfact_recall。重要度5、Safety4、臨床推論2。別経路での確認価値を評価。,
KN1356,先天性心疾患で最も頻度が高いものの一つが心室中隔欠損症,B,11,小児学,11,Q1379,False,5,4,2,5,4,5,5,1,47,B,TYPE_A Definition → Case,小児学のfact_recall。重要度5、Safety4、臨床推論2。別経路での確認価値を評価。,
KN1379,錐体交叉は皮質脊髄路の構造で、錐体外路系には含まれない,B,9,神経医学,9,Q1403,False,5,4,2,5,4,5,5,1,47,B,TYPE_A Definition → Case,神経医学のfact_recall。重要度5、Safety4、臨床推論2。別経路での確認価値を評価。,
KN1423,Pusher現象を想定し非麻痺側への能動的重心移動を促す,C,18,理学療法治療各論,18,Q1448,False,5,1,5,5,5,5,4,1,47,B,TYPE_J Clinical case → Intervention choice,理学療法治療各論のintervention_selection。重要度5、Safety1、臨床推論5。別経路での確認価値を評価。,
KN1438,加齢性筋萎縮に対する抗重力筋中心のレジスタンストレーニング,C,18,理学療法治療各論,18,Q1463,False,5,1,5,5,5,5,4,1,47,B,TYPE_J Clinical case → Intervention choice,理学療法治療各論のintervention_selection。重要度5、Safety1、臨床推論5。別経路での確認価値を評価。,
KN1474,高齢者、とくに転倒による頸髄不全損傷が増加している,B,9,神経医学,9,Q1499,False,5,4,2,5,4,5,5,1,47,B,TYPE_A Definition → Case,神経医学のfact_recall。重要度5、Safety4、臨床推論2。別経路での確認価値を評価。,
KN1520,組織低灌流に対する代償として呼吸促迫がみられる,B,7,病理学,7,Q1546,False,5,4,2,5,4,5,5,1,47,B,TYPE_A Definition → Case,病理学のfact_recall。重要度5、Safety4、臨床推論2。別経路での確認価値を評価。,
KN1522,骨転移では疼痛、病的骨折、脊髄圧迫、高Ca血症が問題となる,B,7,病理学,7,Q1548,False,5,4,2,5,4,5,5,1,47,B,TYPE_A Definition → Case,病理学のfact_recall。重要度5、Safety4、臨床推論2。別経路での確認価値を評価。,
KN0106,運動麻痺や感覚障害、理解力低下では説明できず、学習された動作を指示に応じて意図的に表出する過程の障害である観念運動失行が最も考えられるを識別する,B,9,神経医学,9,Q106,False,5,1,4,5,5,5,5,1,46,B,TYPE_F Result → Cause,神経医学のfinding_interpretation。重要度5、Safety1、臨床推論4。別経路での確認価値を評価。,
KN0116,歩行能力を生活範囲へつなぐ計画,C,18,理学療法治療各論,18,Q116,False,5,1,5,5,4,5,4,1,46,B,TYPE_K Static knowledge → Applied judgment,理学療法治療各論のfunctional_goal_decision。重要度5、Safety1、臨床推論5。別経路での確認価値を評価。,
KN0117,歩行障害、認知機能低下、排尿障害の組合せから正常圧水頭症が最も考えられるを識別する,B,9,神経医学,9,Q117,False,5,1,4,5,5,5,5,1,46,B,TYPE_F Result → Cause,神経医学のfinding_interpretation。重要度5、Safety1、臨床推論4。別経路での確認価値を評価。,
KN0133,CIDPの疾患識別,B,9,神経医学,9,Q133,False,5,1,4,5,5,5,5,1,46,B,TYPE_F Result → Cause,神経医学のfinding_interpretation。重要度5、Safety1、臨床推論4。別経路での確認価値を評価。,
KN0179,側臥位経由の起き上がり,C,13,基礎運動学,13,Q180,False,5,1,5,5,5,5,3,1,46,B,TYPE_J Clinical case → Intervention choice,基礎運動学のintervention_selection。重要度5、Safety1、臨床推論5。別経路での確認価値を評価。,
KN0200,半側身体失認の特徴と他の高次脳機能障害との識別,B,9,神経医学,9,Q201,False,5,1,4,5,5,5,5,1,46,B,TYPE_F Result → Cause,神経医学のfinding_interpretation。重要度5、Safety1、臨床推論4。別経路での確認価値を評価。,
KN0215,道具使用障害を示す観念失行の識別,B,9,神経医学,9,Q216,False,5,1,4,5,5,5,5,1,46,B,TYPE_F Result → Cause,神経医学のfinding_interpretation。重要度5、Safety1、臨床推論4。別経路での確認価値を評価。,
KN0220,Lateropulsionにおける身体垂直認識障害,B,9,神経医学,9,Q221,False,5,1,4,5,5,5,5,1,46,B,TYPE_F Result → Cause,神経医学のfinding_interpretation。重要度5、Safety1、臨床推論4。別経路での確認価値を評価。,
KN0223,Parkinson病におけるFreezing of Gaitの識別,B,9,神経医学,9,Q224,False,5,1,4,5,5,5,5,1,46,B,TYPE_F Result → Cause,神経医学のfinding_interpretation。重要度5、Safety1、臨床推論4。別経路での確認価値を評価。,
KN0234,下垂足の運動・感覚所見から総腓骨神経障害を鑑別する,B,9,神経医学,9,Q235,False,5,1,4,5,5,5,5,1,46,B,TYPE_F Result → Cause,神経医学のfinding_interpretation。重要度5、Safety1、臨床推論4。別経路での確認価値を評価。,
KN0241,注視方向性眼振から中枢性前庭障害を疑う,B,9,神経医学,9,Q242,False,5,1,4,5,5,5,5,1,46,B,TYPE_F Result → Cause,神経医学のfinding_interpretation。重要度5、Safety1、臨床推論4。別経路での確認価値を評価。,
KN0244,翼状肩甲から長胸神経障害を識別する,B,9,神経医学,9,Q245,False,5,1,4,5,5,5,5,1,46,B,TYPE_F Result → Cause,神経医学のfinding_interpretation。重要度5、Safety1、臨床推論4。別経路での確認価値を評価。,
KN0256,長期ステロイド使用による近位筋優位のステロイドミオパチー,B,9,神経医学,9,Q257,False,5,1,4,5,5,5,5,1,46,B,TYPE_F Result → Cause,神経医学のfinding_interpretation。重要度5、Safety1、臨床推論4。別経路での確認価値を評価。,
KN0267,運動枝優位の後骨間神経麻痺の識別,B,9,神経医学,9,Q268,False,5,1,4,5,5,5,5,1,46,B,TYPE_F Result → Cause,神経医学のfinding_interpretation。重要度5、Safety1、臨床推論4。別経路での確認価値を評価。,
KN0270,C5–6優位の上神経幹障害の識別,B,9,神経医学,9,Q271,False,5,1,4,5,5,5,5,1,46,B,TYPE_F Result → Cause,神経医学のfinding_interpretation。重要度5、Safety1、臨床推論4。別経路での確認価値を評価。,
KN0313,前大脳動脈領域梗塞における下肢優位麻痺と発動性低下,B,9,神経医学,9,Q315,False,5,1,4,5,5,5,5,1,46,B,TYPE_F Result → Cause,神経医学のfinding_interpretation。重要度5、Safety1、臨床推論4。別経路での確認価値を評価。,
KN0349,反復性肩前方脱臼で不安を誘発する外転・外旋位,C,16,運動器,16,Q352,False,4,5,2,5,4,5,4,1,46,B,TYPE_A Definition → Case,運動器のfact_recall。重要度4、Safety5、臨床推論2。別経路での確認価値を評価。,
KN0377,舌下神経麻痺と対側錐体路・後索障害から延髄内側病変を識別する,B,9,神経医学,9,Q382,False,5,1,4,5,5,5,5,1,46,B,TYPE_F Result → Cause,神経医学のfinding_interpretation。重要度5、Safety1、臨床推論4。別経路での確認価値を評価。,
KN0383,乳幼児期発症の近位筋力低下・腱反射消失からSMAを識別する,B,11,小児学,11,Q388,False,5,1,4,5,5,5,5,1,46,B,TYPE_F Result → Cause,小児学のfinding_interpretation。重要度5、Safety1、臨床推論4。別経路での確認価値を評価。,
KN0392,便失禁に対する骨盤底・肛門括約筋トレーニング,C,13,基礎運動学,13,Q397,False,5,1,5,5,5,5,3,1,46,B,TYPE_J Clinical case → Intervention choice,基礎運動学のintervention_selection。重要度5、Safety1、臨床推論5。別経路での確認価値を評価。,
KN0405,抵抗急解除時のrebound phenomenonの識別,B,9,神経医学,9,Q411,False,5,1,4,5,5,5,5,1,46,B,TYPE_F Result → Cause,神経医学のfinding_interpretation。重要度5、Safety1、臨床推論4。別経路での確認価値を評価。,
KN0411,歩行器歩行・屋外車椅子使用からGMFCS level IIIを判定する,B,11,小児学,11,Q418,False,5,1,4,5,5,5,5,1,46,B,TYPE_F Result → Cause,小児学のfinding_interpretation。重要度5、Safety1、臨床推論4。別経路での確認価値を評価。,
KN0470,内側縦束障害による核間性眼筋麻痺,B,9,神経医学,9,Q478,False,5,1,4,5,5,5,5,1,46,B,TYPE_F Result → Cause,神経医学のfinding_interpretation。重要度5、Safety1、臨床推論4。別経路での確認価値を評価。,
KN0471,skew deviationを中枢性前庭障害徴候として解釈,B,9,神経医学,9,Q479,False,5,1,4,5,5,5,5,1,46,B,TYPE_F Result → Cause,神経医学のfinding_interpretation。重要度5、Safety1、臨床推論4。別経路での確認価値を評価。,
KN0491,侵害受容系過敏化を伴うnociplastic painの識別,B,7,病理学,7,Q499,False,5,1,4,5,5,5,5,1,46,B,TYPE_F Result → Cause,病理学のfinding_interpretation。重要度5、Safety1、臨床推論4。別経路での確認価値を評価。,
KN0508,注意機能の評価法,B,12,臨床心理学,12,Q516,False,5,1,4,5,5,5,5,1,46,B,TYPE_K Static knowledge → Applied judgment,臨床心理学のassessment_selection。重要度5、Safety1、臨床推論4。別経路での確認価値を評価。,
KN0510,杖のチェックアウトの特徴,C,18,理学療法治療各論,18,Q518,False,5,4,2,5,4,5,4,1,46,B,TYPE_A Definition → Case,理学療法治療各論のfact_recall。重要度5、Safety4、臨床推論2。別経路での確認価値を評価。,
KN0521,3歳6か月の脳性麻痺児で、ロフストランド杖などの手に持つ移動器具を使から病態・機能障害を解釈,B,11,小児学,11,Q529,False,5,1,4,5,5,5,5,1,46,B,TYPE_F Result → Cause,小児学のfinding_interpretation。重要度5、Safety1、臨床推論4。別経路での確認価値を評価。,
KN0577,COPDでは上肢挙上で肩甲帯筋が上肢運動に使われると補助呼吸筋として働きにくくなり、換気負担が増える,B,8,内科学,8,Q585,False,5,4,2,5,4,5,4,1,46,B,TYPE_A Definition → Case,内科学のfact_recall。重要度5、Safety4、臨床推論2。別経路での確認価値を評価。,
KN0579,腰椎分離症は椎弓の関節突起間部に疲労骨折などによる分離が生じる病態である,C,16,運動器,16,Q587,False,5,4,2,5,4,5,4,1,46,B,TYPE_A Definition → Case,運動器のfact_recall。重要度5、Safety4、臨床推論2。別経路での確認価値を評価。,
KN0616,上腕骨顆上骨折の基本事項,C,16,運動器,16,Q624,False,5,4,2,5,4,5,4,1,46,B,TYPE_A Definition → Case,運動器のfact_recall。重要度5、Safety4、臨床推論2。別経路での確認価値を評価。,
KN0621,低栄養は貧血、褥瘡、サルコペニア、骨折リスクなどと関連する,B,8,内科学,8,Q629,False,5,4,2,5,4,5,4,1,46,B,TYPE_A Definition → Case,内科学のfact_recall。重要度5、Safety4、臨床推論2。別経路での確認価値を評価。,
KN0628,痛み刺激を払いのける反応からJCS意識障害レベルを判定する,B,9,神経医学,9,Q636,False,5,1,4,5,5,5,5,1,46,B,TYPE_F Result → Cause,神経医学のfinding_interpretation。重要度5、Safety1、臨床推論4。別経路での確認価値を評価。,
KN0636,国家試験対策では腰椎を正答として覚える,C,16,運動器,16,Q644,False,5,4,2,5,4,5,4,1,46,B,TYPE_A Definition → Case,運動器のfact_recall。重要度5、Safety4、臨床推論2。別経路での確認価値を評価。,
KN0641,NYHA心機能分類は心疾患患者の自覚症状と身体活動制限の程度をⅠ〜Ⅳの4段階で分類する,C,18,理学療法治療各論,18,Q649,False,5,4,2,5,4,5,4,1,46,B,TYPE_A Definition → Case,理学療法治療各論のfact_recall。重要度5、Safety4、臨床推論2。別経路での確認価値を評価。,
KN0647,偽関節は血流が乏しい骨折や骨癒合条件の悪い部位で生じやすい,C,18,理学療法治療各論,18,Q655,False,5,4,2,5,4,5,4,1,46,B,TYPE_A Definition → Case,理学療法治療各論のfact_recall。重要度5、Safety4、臨床推論2。別経路での確認価値を評価。,
KN0680,T1が小指外転筋に対応する,C,17,理学療法評価各論,17,Q688,False,5,4,2,5,4,5,4,1,46,B,TYPE_A Definition → Case,理学療法評価各論のfact_recall。重要度5、Safety4、臨床推論2。別経路での確認価値を評価。,
KN0682,失行は運動麻痺などでは説明できない学習された目的動作の障害であるを評価する,B,9,神経医学,9,Q690,False,5,1,4,5,5,5,5,1,46,B,TYPE_K Static knowledge → Applied judgment,神経医学のassessment_selection。重要度5、Safety1、臨床推論4。別経路での確認価値を評価。,
KN0686,Malgaigne骨折は骨盤輪の垂直不安定性を伴う骨盤骨折である,C,16,運動器,16,Q694,False,5,4,2,5,4,5,4,1,46,B,TYPE_A Definition → Case,運動器のfact_recall。重要度5、Safety4、臨床推論2。別経路での確認価値を評価。,
KN0698,食道癌放射線療法後に生じうる晩期副作用の予測,B,8,内科学,8,Q706,False,5,1,5,5,4,5,4,1,46,B,TYPE_E Cause → Result,内科学のprognosis_prediction。重要度5、Safety1、臨床推論5。別経路での確認価値を評価。,
KN0700,COPD、特に肺気腫では肺胞壁破壊によりガス交換面積が減少し、肺拡散能（DLCO）が低下する,B,8,内科学,8,Q708,False,5,4,2,5,4,5,4,1,46,B,TYPE_A Definition → Case,内科学のfact_recall。重要度5、Safety4、臨床推論2。別経路での確認価値を評価。,
KN0712,股関節外転位を保持するPavlik harness（リーメンビューゲル装具）が用いられる,C,18,理学療法治療各論,18,Q720,False,5,4,2,5,4,5,4,1,46,B,TYPE_A Definition → Case,理学療法治療各論のfact_recall。重要度5、Safety4、臨床推論2。別経路での確認価値を評価。,
KN0717,Perthes病は小児の大腿骨頭骨端に生じる阻血性壊死で、治療では骨頭を臼蓋内に保ちつつ免荷する装具療法が行われる,C,18,理学療法治療各論,18,Q725,False,5,4,2,5,4,5,4,1,46,B,TYPE_A Definition → Case,理学療法治療各論のfact_recall。重要度5、Safety4、臨床推論2。別経路での確認価値を評価。,
KN0722,流暢性・理解良好・復唱良好・喚語困難から健忘失語を識別,B,9,神経医学,9,Q730,False,5,1,4,5,5,5,5,1,46,B,TYPE_F Result → Cause,神経医学のfinding_interpretation。重要度5、Safety1、臨床推論4。別経路での確認価値を評価。,
KN0752,外傷性骨折の分類では、剝離骨折は筋・腱・靱帯の牽引で骨片が母床から完全に離れるため、通常は完全骨折として扱う,C,16,運動器,16,Q760,False,5,4,2,5,4,5,4,1,46,B,TYPE_A Definition → Case,運動器のfact_recall。重要度5、Safety4、臨床推論2。別経路での確認価値を評価。,
KN0754,慢性炎症、活動性低下、ステロイド治療などにより続発性骨粗鬆症のリスクが高くなる,C,16,運動器,16,Q762,False,5,4,2,5,4,5,4,1,46,B,TYPE_A Definition → Case,運動器のfact_recall。重要度5、Safety4、臨床推論2。別経路での確認価値を評価。,
KN0758,「何か不吉なことが起こりそうだ」という、周囲全体に特別な意味が感じられる不気味な気分は妄想気分であるを識別する,B,10,精神医学,10,Q766,False,5,1,4,5,5,5,5,1,46,B,TYPE_F Result → Cause,精神医学のfinding_interpretation。重要度5、Safety1、臨床推論4。別経路での確認価値を評価。,
KN0762,T5完全脊髄損傷の長時間車椅子座位で褥瘡高リスク部位を判断する,C,18,理学療法治療各論,18,Q770,False,5,4,2,5,4,5,4,1,46,B,TYPE_A Definition → Case,理学療法治療各論のfact_recall。重要度5、Safety4、臨床推論2。別経路での確認価値を評価。,
KN0773,気管呼吸音は気道内の乱流音が強く伝わるため、吸気・呼気とも強く、一般に呼気の方が長く大きい,C,18,理学療法治療各論,18,Q781,False,5,4,2,5,4,5,4,1,46,B,TYPE_A Definition → Case,理学療法治療各論のfact_recall。重要度5、Safety4、臨床推論2。別経路での確認価値を評価。,
KN0777,胸腰仙椎装具の骨盤帯は腸骨稜と大転子の間に位置させ、骨盤を安定して支持する,C,18,理学療法治療各論,18,Q785,False,5,4,2,5,4,5,4,1,46,B,TYPE_A Definition → Case,理学療法治療各論のfact_recall。重要度5、Safety4、臨床推論2。別経路での確認価値を評価。,
KN0790,上腕骨外顆骨折では成長障害や偽関節により外反肘を生じやすい,C,18,理学療法治療各論,18,Q798,False,5,4,2,5,4,5,4,1,46,B,TYPE_A Definition → Case,理学療法治療各論のfact_recall。重要度5、Safety4、臨床推論2。別経路での確認価値を評価。,
KN0857,距骨は血行が乏しく、頸部骨折などで血管損傷すると無腐性壊死を起こしやすい,C,16,運動器,16,Q866,False,5,4,2,5,4,5,4,1,46,B,TYPE_A Definition → Case,運動器のfact_recall。重要度5、Safety4、臨床推論2。別経路での確認価値を評価。,
KN0860,呼吸筋麻痺により肺活量や予備呼気量が低下し、咳嗽力も弱くなる,C,18,理学療法治療各論,18,Q869,False,5,4,2,5,4,5,4,1,46,B,TYPE_A Definition → Case,理学療法治療各論のfact_recall。重要度5、Safety4、臨床推論2。別経路での確認価値を評価。,
KN0861,GMFCS-E&Rの6〜12歳では、レベルⅡは手すりを使って階段昇降し、長距離や不整地・狭い場所で制限や介助を要することがあるを評価する,B,11,小児学,11,Q870,False,5,1,4,5,5,5,5,1,46,B,TYPE_K Static knowledge → Applied judgment,小児学のassessment_selection。重要度5、Safety1、臨床推論4。別経路での確認価値を評価。,
KN0900,自律神経障害が強く、起立性低血圧が高頻度にみられる,B,8,内科学,8,Q909,False,5,4,2,5,4,5,4,1,46,B,TYPE_A Definition → Case,内科学のfact_recall。重要度5、Safety4、臨床推論2。別経路での確認価値を評価。,
KN0901,視神経脊髄炎は自己免疫性中枢神経疾患で、視神経炎・脊髄炎を反復し再発と寛解を繰り返すことが多い,B,8,内科学,8,Q910,False,5,4,2,5,4,5,4,1,46,B,TYPE_A Definition → Case,内科学のfact_recall。重要度5、Safety4、臨床推論2。別経路での確認価値を評価。,
KN0911,L-dopa服用と無動の不規則変動からon-off現象を識別する,B,9,神経医学,9,Q920,False,5,1,4,5,5,5,5,1,46,B,TYPE_F Result → Cause,神経医学のfinding_interpretation。重要度5、Safety1、臨床推論4。別経路での確認価値を評価。,
KN0925,高血糖症状はどれかから病態・機能・原因を解釈する,C,18,理学療法治療各論,18,Q934,False,5,1,4,5,5,5,4,2,46,B,TYPE_F Result → Cause,理学療法治療各論のfinding_interpretation。重要度5、Safety1、臨床推論4。別経路での確認価値を評価。,short_question_context
KN0930,高齢者の転倒では手をついて橈骨遠位端骨折を生じやすい,C,18,理学療法治療各論,18,Q939,False,5,4,2,5,4,5,4,1,46,B,TYPE_A Definition → Case,理学療法治療各論のfact_recall。重要度5、Safety4、臨床推論2。別経路での確認価値を評価。,
KN0956,P-Fスタディは欲求不満場面の漫画風イラストを示し、登場人物の吹き出しへ台詞を書き込ませて反応傾向をみるを評価する,B,12,臨床心理学,12,Q965,False,5,1,4,5,5,5,5,1,46,B,TYPE_K Static knowledge → Applied judgment,臨床心理学のassessment_selection。重要度5、Safety1、臨床推論4。別経路での確認価値を評価。,
KN0968,COPD増悪時の急性高二酸化炭素血症性呼吸不全では、適応があればNPPVが第一選択の補助換気療法となる,B,8,内科学,8,Q978,False,5,4,2,5,4,5,4,1,46,B,TYPE_A Definition → Case,内科学のfact_recall。重要度5、Safety4、臨床推論2。別経路での確認価値を評価。,
KN0978,物品使用の誤りから観念失行を識別する,B,9,神経医学,9,Q988,False,5,1,4,5,5,5,5,1,46,B,TYPE_F Result → Cause,神経医学のfinding_interpretation。重要度5、Safety1、臨床推論4。別経路での確認価値を評価。,
KN0987,反復拮抗運動障害を評価する前腕回内外試験,C,14,臨床運動学,14,Q997,False,5,1,4,5,5,5,5,1,46,B,TYPE_K Static knowledge → Applied judgment,臨床運動学のassessment_selection。重要度5、Safety1、臨床推論4。別経路での確認価値を評価。,
KN0992,脊髄性運動失調では深部感覚障害を視覚で代償するため、閉眼で動揺が増えるRomberg徴候陽性が典型的である,C,18,理学療法治療各論,18,Q1002,False,5,4,2,5,4,5,4,1,46,B,TYPE_A Definition → Case,理学療法治療各論のfact_recall。重要度5、Safety4、臨床推論2。別経路での確認価値を評価。,
KN0994,僧帽弁閉鎖不全では左心系の容量負荷から肺うっ血を生じ、労作時呼吸困難など左心不全症状が早期に出やすい,B,8,内科学,8,Q1004,False,5,4,2,5,4,5,4,1,46,B,TYPE_A Definition → Case,内科学のfact_recall。重要度5、Safety4、臨床推論2。別経路での確認価値を評価。,
KN1005,松葉杖の使用について正しいのはどれかにおける危険回避・優先対応を判断する,C,18,理学療法治療各論,18,Q1015,False,5,4,2,5,4,5,4,1,46,B,TYPE_A Definition → Case,理学療法治療各論のfact_recall。重要度5、Safety4、臨床推論2。別経路での確認価値を評価。,
KN1031,左小脳半球梗塞で生じやすい症状はどれかから病態・機能・原因を解釈する,B,9,神経医学,9,Q1041,False,5,1,4,5,5,5,5,1,46,B,TYPE_F Result → Cause,神経医学のfinding_interpretation。重要度5、Safety1、臨床推論4。別経路での確認価値を評価。,
KN1044,歩行導入初期における反復・ハンドリング・フィードバックを用いた運動学習,C,13,基礎運動学,13,Q1054,False,5,1,5,5,5,5,3,1,46,B,TYPE_J Clinical case → Intervention choice,基礎運動学のintervention_selection。重要度5、Safety1、臨床推論5。別経路での確認価値を評価。,
KN1052,橈骨神経が橈骨神経溝を走行するため骨折で損傷されやすい,C,16,運動器,16,Q1062,False,5,4,2,5,4,5,4,1,46,B,TYPE_A Definition → Case,運動器のfact_recall。重要度5、Safety4、臨床推論2。別経路での確認価値を評価。,
KN1093,骨形成不全症はI型コラーゲン異常などによる遺伝性疾患で、反復骨折・骨変形に加えて難聴を合併することがある,B,8,内科学,8,Q1104,False,5,4,2,5,4,5,4,1,46,B,TYPE_A Definition → Case,内科学のfact_recall。重要度5、Safety4、臨床推論2。別経路での確認価値を評価。,
KN1094,海綿骨を含む骨量が減少し、喫煙は骨折・骨粗鬆症の危険因子となる,C,16,運動器,16,Q1105,False,5,4,2,5,4,5,4,1,46,B,TYPE_A Definition → Case,運動器のfact_recall。重要度5、Safety4、臨床推論2。別経路での確認価値を評価。,
KN1095,脳梗塞病変部位と対側運動麻痺などの症候対応,B,9,神経医学,9,Q1106,False,5,1,4,5,5,5,5,1,46,B,TYPE_F Result → Cause,神経医学のfinding_interpretation。重要度5、Safety1、臨床推論4。別経路での確認価値を評価。,
KN1113,Westphal現象はParkinson病でみられる姿勢反射障害・筋強剛に関連する現象として評価される,B,9,神経医学,9,Q1124,False,5,1,4,5,5,5,5,1,46,B,TYPE_K Static knowledge → Applied judgment,神経医学のassessment_selection。重要度5、Safety1、臨床推論4。別経路での確認価値を評価。,
KN1154,高齢者の上腕骨近位部骨折は転倒で多く、骨粗鬆症に加え認知症も転倒・骨折の危険因子となる,C,16,運動器,16,Q1167,False,5,4,2,5,4,5,4,1,46,B,TYPE_A Definition → Case,運動器のfact_recall。重要度5、Safety4、臨床推論2。別経路での確認価値を評価。,
KN1161,多発性骨髄腫では骨融解病変により骨痛・病的骨折を生じる,B,8,内科学,8,Q1174,False,5,4,2,5,4,5,4,1,46,B,TYPE_A Definition → Case,内科学のfact_recall。重要度5、Safety4、臨床推論2。別経路での確認価値を評価。,
KN1177,SARAは脊髄小脳失調症などの運動失調を、歩行・立位・四肢協調運動などから評価する尺度,C,17,理学療法評価各論,17,Q1190,False,5,4,2,5,4,5,4,1,46,B,TYPE_A Definition → Case,理学療法評価各論のfact_recall。重要度5、Safety4、臨床推論2。別経路での確認価値を評価。,
KN1207,SIASには体幹機能評価が含まれる,B,9,神経医学,9,Q1222,False,5,1,4,5,5,5,5,1,46,B,TYPE_K Static knowledge → Applied judgment,神経医学のassessment_selection。重要度5、Safety1、臨床推論4。別経路での確認価値を評価。,
KN1214,Colles骨折は橈骨遠位端の伸展型骨折で、腫脹や転位に伴い正中神経障害を合併することがある,C,16,運動器,16,Q1229,False,5,4,2,5,4,5,4,1,46,B,TYPE_A Definition → Case,運動器のfact_recall。重要度5、Safety4、臨床推論2。別経路での確認価値を評価。,
KN1217,Ca吸収低下から骨軟化症や骨量低下を生じ、骨粗鬆症リスクにも関与する,B,8,内科学,8,Q1232,False,5,4,2,5,4,5,4,1,46,B,TYPE_A Definition → Case,内科学のfact_recall。重要度5、Safety4、臨床推論2。別経路での確認価値を評価。,
KN1221,脳卒中片麻痺患者の位置覚を適切な手順で検査する,B,9,神経医学,9,Q1236,False,5,1,4,5,5,5,5,1,46,B,TYPE_K Static knowledge → Applied judgment,神経医学のassessment_selection。重要度5、Safety1、臨床推論4。別経路での確認価値を評価。,
KN1223,難聴・認知症のある患者から安全かつ適切に臨床情報を収集する,C,16,運動器,16,Q1238,False,5,4,2,5,4,5,4,1,46,B,TYPE_A Definition → Case,運動器のfact_recall。重要度5、Safety4、臨床推論2。別経路での確認価値を評価。,
KN1229,大腿骨頸部骨折は関節包内骨折で大腿骨頭への血流が障害されやすく、無腐性壊死を合併しやすい,C,16,運動器,16,Q1244,False,5,4,2,5,4,5,4,1,46,B,TYPE_A Definition → Case,運動器のfact_recall。重要度5、Safety4、臨床推論2。別経路での確認価値を評価。,
KN1262,脳卒中患者の歩行自立に関連する因子を識別する,B,9,神経医学,9,Q1278,False,5,1,4,5,5,5,5,1,46,B,TYPE_F Result → Cause,神経医学のfinding_interpretation。重要度5、Safety1、臨床推論4。別経路での確認価値を評価。,
KN1272,分枝閉塞による腎不全・脳梗塞・脊髄虚血や、破裂による心タンポナーデを起こしうる,B,8,内科学,8,Q1288,False,5,4,2,5,4,5,4,1,46,B,TYPE_A Definition → Case,内科学のfact_recall。重要度5、Safety4、臨床推論2。別経路での確認価値を評価。,
KN1275,親しい人間関係を構築できず、奇異な考え方や風変わりな行動が継続してみられ、パーソナリティ障害を指摘さから病態・機能・原因を解釈する,B,10,精神医学,10,Q1291,False,5,1,4,5,5,5,5,1,46,B,TYPE_F Result → Cause,精神医学のfinding_interpretation。重要度5、Safety1、臨床推論4。別経路での確認価値を評価。,
KN1320,左半側空間無視を疑う患者で優先すべき高次脳機能検査を選択する,B,9,神経医学,9,Q1340,False,5,1,4,5,5,5,5,1,46,B,TYPE_K Static knowledge → Applied judgment,神経医学のassessment_selection。重要度5、Safety1、臨床推論4。別経路での確認価値を評価。,
KN1325,理学療法士としての安全・倫理・専門職行動を判断する,C,18,理学療法治療各論,18,Q1345,False,5,4,2,5,4,5,4,1,46,B,TYPE_A Definition → Case,理学療法治療各論のfact_recall。重要度5、Safety4、臨床推論2。別経路での確認価値を評価。,
KN1326,H反射は末梢神経を電気刺激してIa求心性線維を興奮させ、脊髄単シナプス反射を介して筋応答を記録する,C,18,理学療法治療各論,18,Q1346,False,5,4,2,5,4,5,4,1,46,B,TYPE_A Definition → Case,理学療法治療各論のfact_recall。重要度5、Safety4、臨床推論2。別経路での確認価値を評価。,
KN1355,ALSの針筋電図では脱神経・再支配所見に加え線維束性収縮電位を認めるを評価する,B,9,神経医学,9,Q1378,False,5,1,4,5,5,5,5,1,46,B,TYPE_K Static knowledge → Applied judgment,神経医学のassessment_selection。重要度5、Safety1、臨床推論4。別経路での確認価値を評価。,
KN1363,非麻痺側を向く一方、麻痺側刺激への反応はあり、食事・歯磨きで麻痺側の見落としが多いを評価する,B,9,神経医学,9,Q1386,False,5,1,4,5,5,5,5,1,46,B,TYPE_K Static knowledge → Applied judgment,神経医学のassessment_selection。重要度5、Safety1、臨床推論4。別経路での確認価値を評価。,
KN1380,不整脈や起立性低血圧など循環調節異常がみられる,C,18,理学療法治療各論,18,Q1404,False,5,4,2,5,4,5,4,1,46,B,TYPE_A Definition → Case,理学療法治療各論のfact_recall。重要度5、Safety4、臨床推論2。別経路での確認価値を評価。,
KN1410,末梢神経伝導検査が有用な末梢神経障害を選択する,B,9,神経医学,9,Q1435,False,5,1,4,5,5,5,5,1,46,B,TYPE_K Static knowledge → Applied judgment,神経医学のassessment_selection。重要度5、Safety1、臨床推論4。別経路での確認価値を評価。,
KN1428,多発性硬化症で体幹屈曲時に生じる電撃痛をLhermitte徴候として識別する,B,9,神経医学,9,Q1453,False,5,1,4,5,5,5,5,1,46,B,TYPE_F Result → Cause,神経医学のfinding_interpretation。重要度5、Safety1、臨床推論4。別経路での確認価値を評価。,
KN1433,洗髪は両上肢挙上を持続し、呼吸補助筋が上肢固定に使われるためCOPDで息切れしやすい,B,8,内科学,8,Q1458,False,5,4,2,5,4,5,4,1,46,B,TYPE_A Definition → Case,内科学のfact_recall。重要度5、Safety4、臨床推論2。別経路での確認価値を評価。,
KN1448,重力依存側となる腹側肺への血流が増える,C,18,理学療法治療各論,18,Q1473,False,5,4,2,5,4,5,4,1,46,B,TYPE_A Definition → Case,理学療法治療各論のfact_recall。重要度5、Safety4、臨床推論2。別経路での確認価値を評価。,
KN1478,CMIは心身両面の自覚症状や神経症傾向を質問紙で把握する検査で、STAIは状態不安・特性不安という人格傾向を評価する質問紙,C,17,理学療法評価各論,17,Q1503,False,5,1,4,5,5,5,4,2,46,B,TYPE_K Static knowledge → Applied judgment,理学療法評価各論のassessment_selection。重要度5、Safety1、臨床推論4。別経路での確認価値を評価。,short_question_context
KN1483,L-dopa効果時間の短縮に伴う症状悪化をwearing-off現象として識別する,B,9,神経医学,9,Q1508,False,5,1,4,5,5,5,5,1,46,B,TYPE_F Result → Cause,神経医学のfinding_interpretation。重要度5、Safety1、臨床推論4。別経路での確認価値を評価。,
KN1484,痙直型両麻痺児の座位・移動能力からGMFCSレベルを判定する,B,11,小児学,11,Q1509,False,5,1,4,5,5,5,5,1,46,B,TYPE_K Static knowledge → Applied judgment,小児学のassessment_selection。重要度5、Safety1、臨床推論4。別経路での確認価値を評価。,
KN1487,流暢性・理解・復唱・自己修正所見から伝導失語を識別する,B,9,神経医学,9,Q1512,False,5,1,4,5,5,5,5,1,46,B,TYPE_F Result → Cause,神経医学のfinding_interpretation。重要度5、Safety1、臨床推論4。別経路での確認価値を評価。,
KN1525,重い身体疾患にかかっていると確信する妄想は心気妄想,B,10,精神医学,10,Q1551,False,5,1,4,5,5,5,5,1,46,B,TYPE_F Result → Cause,精神医学のfinding_interpretation。重要度5、Safety1、臨床推論4。別経路での確認価値を評価。,
KN1526,HDS-Rに含まれる質問項目を識別する,B,12,臨床心理学,12,Q1552,False,5,1,4,5,5,5,5,1,46,B,TYPE_K Static knowledge → Applied judgment,臨床心理学のassessment_selection。重要度5、Safety1、臨床推論4。別経路での確認価値を評価。,
KN1533,手舟状骨は血流が乏しい部位があり偽関節を生じやすい,C,16,運動器,16,Q1559,False,5,4,2,5,4,5,4,1,46,B,TYPE_A Definition → Case,運動器のfact_recall。重要度5、Safety4、臨床推論2。別経路での確認価値を評価。,
KN1535,転移性脊椎腫瘍の部位別安定性を脊椎バイオメカニクスから判断する,B,7,病理学,7,Q1561,False,5,1,4,5,5,5,5,1,46,B,TYPE_F Result → Cause,病理学のfinding_interpretation。重要度5、Safety1、臨床推論4。別経路での確認価値を評価。,
KN1536,放射線療法後に遅れて出現する骨壊死などの晩期有害事象を予測する,B,8,内科学,8,Q1562,False,5,1,5,5,4,5,4,1,46,B,TYPE_E Cause → Result,内科学のprognosis_prediction。重要度5、Safety1、臨床推論5。別経路での確認価値を評価。,
KN1538,予定変更への強いこだわりと柔軟な対応困難は、自閉スペクトラム症の限定・反復的行動や変化への抵抗を強く示唆する,B,10,精神医学,10,Q1564,False,5,1,4,5,5,5,5,1,46,B,TYPE_F Result → Cause,精神医学のfinding_interpretation。重要度5、Safety1、臨床推論4。別経路での確認価値を評価。,
KN0035,義足側体幹傾斜と外転筋機能,C,15,動作分析学,15,Q35,False,5,1,5,5,5,5,2,1,45,B,TYPE_J Clinical case → Intervention choice,動作分析学のintervention_selection。重要度5、Safety1、臨床推論5。別経路での確認価値を評価。,
KN0130,生活機能維持には筋力訓練だけでなく、栄養管理を含めた多職種による包括的介入が重要である,C,15,動作分析学,15,Q130,False,5,1,5,5,5,5,2,1,45,B,TYPE_J Clinical case → Intervention choice,動作分析学のintervention_selection。重要度5、Safety1、臨床推論5。別経路での確認価値を評価。,
KN0156,外転筋と片脚支持骨盤制御,C,15,動作分析学,15,Q157,False,5,1,5,5,5,5,2,1,45,B,TYPE_J Clinical case → Intervention choice,動作分析学のintervention_selection。重要度5、Safety1、臨床推論5。別経路での確認価値を評価。,
KN0162,syndesmosis injuryの識別,C,16,運動器,16,Q163,False,5,1,4,5,5,5,4,1,45,B,TYPE_F Result → Cause,運動器のfinding_interpretation。重要度5、Safety1、臨床推論4。別経路での確認価値を評価。,
KN0201,股関節外転筋低下による立脚側体幹傾斜と介入選択,C,15,動作分析学,15,Q202,False,5,1,5,5,5,5,2,1,45,B,TYPE_J Clinical case → Intervention choice,動作分析学のintervention_selection。重要度5、Safety1、臨床推論5。別経路での確認価値を評価。,
KN0209,運動だけに限定せず、栄養状態や社会参加も含めて包括的に介入することが重要である,C,15,動作分析学,15,Q210,False,5,1,5,5,5,5,2,1,45,B,TYPE_J Clinical case → Intervention choice,動作分析学のintervention_selection。重要度5、Safety1、臨床推論5。別経路での確認価値を評価。,
KN0212,CPXでVE/VCO₂ slopeが著明に高値であるを識別する,B,8,内科学,8,Q213,False,5,1,4,5,5,5,4,1,45,B,TYPE_F Result → Cause,内科学のfinding_interpretation。重要度5、Safety1、臨床推論4。別経路での確認価値を評価。,
KN0233,%FVCと1秒率による閉塞性換気障害の判定,B,8,内科学,8,Q234,False,5,1,4,5,5,5,4,1,45,B,TYPE_F Result → Cause,内科学のfinding_interpretation。重要度5、Safety1、臨床推論4。別経路での確認価値を評価。,
KN0246,真皮露出を伴う浅い皮膚欠損の褥瘡Stage 2判定,C,17,理学療法評価各論,17,Q247,False,5,1,4,5,5,5,4,1,45,B,TYPE_F Result → Cause,理学療法評価各論のfinding_interpretation。重要度5、Safety1、臨床推論4。別経路での確認価値を評価。,
KN0249,下腿義足の足部底屈アライメントと荷重応答期膝過伸展,C,18,理学療法治療各論,18,Q250,False,5,1,4,5,5,5,4,1,45,B,TYPE_F Result → Cause,理学療法治療各論のfinding_interpretation。重要度5、Safety1、臨床推論4。別経路での確認価値を評価。,
KN0251,上位運動ニューロン徴候から頸髄症を識別する,C,16,運動器,16,Q252,False,5,1,4,5,5,5,4,1,45,B,TYPE_F Result → Cause,運動器のfinding_interpretation。重要度5、Safety1、臨床推論4。別経路での確認価値を評価。,
KN0252,RASSにおける短時間覚醒の判定,C,17,理学療法評価各論,17,Q253,False,5,1,4,5,5,5,4,1,45,B,TYPE_F Result → Cause,理学療法評価各論のfinding_interpretation。重要度5、Safety1、臨床推論4。別経路での確認価値を評価。,
KN0254,Stemmer徴候は第2趾または第2指基部背側の皮膚をつまめない所見で、皮膚・皮下組織の肥厚を伴うリンパ浮腫を示唆する,C,17,理学療法評価各論,17,Q255,False,5,1,4,5,5,5,4,1,45,B,TYPE_F Result → Cause,理学療法評価各論のfinding_interpretation。重要度5、Safety1、臨床推論4。別経路での確認価値を評価。,
KN0255,下腿内側潰瘍・浮腫・色素沈着から静脈性潰瘍を識別する,B,8,内科学,8,Q256,False,5,1,4,5,5,5,4,1,45,B,TYPE_F Result → Cause,内科学のfinding_interpretation。重要度5、Safety1、臨床推論4。別経路での確認価値を評価。,
KN0260,ICCとSEMを用いた相対信頼性と絶対誤差の解釈,C,17,理学療法評価各論,17,Q261,False,5,1,4,5,5,5,4,1,45,B,TYPE_F Result → Cause,理学療法評価各論のfinding_interpretation。重要度5、Safety1、臨床推論4。別経路での確認価値を評価。,
KN0265,股関節外転MMTでの大腿筋膜張筋による代償,C,17,理学療法評価各論,17,Q266,False,5,1,4,5,5,5,4,1,45,B,TYPE_F Result → Cause,理学療法評価各論のfinding_interpretation。重要度5、Safety1、臨床推論4。別経路での確認価値を評価。,
KN0266,正常A-aDO2と高PaCO2から肺胞低換気を識別する,B,8,内科学,8,Q267,False,5,1,4,5,5,5,4,1,45,B,TYPE_F Result → Cause,内科学のfinding_interpretation。重要度5、Safety1、臨床推論4。別経路での確認価値を評価。,
KN0274,高特異度検査陽性をrule inに用いる解釈,C,17,理学療法評価各論,17,Q275,False,5,1,4,5,5,5,4,1,45,B,TYPE_F Result → Cause,理学療法評価各論のfinding_interpretation。重要度5、Safety1、臨床推論4。別経路での確認価値を評価。,
KN0282,自転車で軽快する間欠性跛行から腰部脊柱管狭窄症を識別する,C,16,運動器,16,Q284,False,5,1,4,5,5,5,4,1,45,B,TYPE_F Result → Cause,運動器のfinding_interpretation。重要度5、Safety1、臨床推論4。別経路での確認価値を評価。,
KN0285,外旋保持困難から棘下筋機能障害を識別する,C,16,運動器,16,Q287,False,5,1,4,5,5,5,4,1,45,B,TYPE_F Result → Cause,運動器のfinding_interpretation。重要度5、Safety1、臨床推論4。別経路での確認価値を評価。,
KN0292,胸水でみられる患側打診濁音,B,8,内科学,8,Q294,False,5,1,4,5,5,5,4,1,45,B,TYPE_F Result → Cause,内科学のfinding_interpretation。重要度5、Safety1、臨床推論4。別経路での確認価値を評価。,
KN0295,挙上時蒼白・下垂時暗赤色から末梢動脈疾患を識別する,B,8,内科学,8,Q297,False,5,1,4,5,5,5,4,1,45,B,TYPE_F Result → Cause,内科学のfinding_interpretation。重要度5、Safety1、臨床推論4。別経路での確認価値を評価。,
KN0297,LachmanテストによるACL損傷の識別,C,16,運動器,16,Q299,False,5,1,4,5,5,5,4,1,45,B,TYPE_F Result → Cause,運動器のfinding_interpretation。重要度5、Safety1、臨床推論4。別経路での確認価値を評価。,
KN0310,水平半規管型BPPVの方向交代性地向性眼振と患側判定,C,17,理学療法評価各論,17,Q312,False,5,1,4,5,5,5,4,1,45,B,TYPE_F Result → Cause,理学療法評価各論のfinding_interpretation。重要度5、Safety1、臨床推論4。別経路での確認価値を評価。,
KN0328,大腿骨頭すべり症でみられる股関節内旋制限とDrehmann徴候,C,16,運動器,16,Q330,False,5,1,4,5,5,5,4,1,45,B,TYPE_F Result → Cause,運動器のfinding_interpretation。重要度5、Safety1、臨床推論4。別経路での確認価値を評価。,
KN0330,皮下脂肪が見える褥瘡Stage 3の判定,C,17,理学療法評価各論,17,Q332,False,5,1,4,5,5,5,4,1,45,B,TYPE_F Result → Cause,理学療法評価各論のfinding_interpretation。重要度5、Safety1、臨床推論4。別経路での確認価値を評価。,
KN0345,準備のみ必要なFIM移乗の修正自立判定,C,17,理学療法評価各論,17,Q348,False,5,1,4,5,5,5,4,1,45,B,TYPE_F Result → Cause,理学療法評価各論のfinding_interpretation。重要度5、Safety1、臨床推論4。別経路での確認価値を評価。,
KN0353,Head Impulse Test陽性から一側末梢前庭機能低下を識別する,C,17,理学療法評価各論,17,Q356,False,5,1,4,5,5,5,4,1,45,B,TYPE_F Result → Cause,理学療法評価各論のfinding_interpretation。重要度5、Safety1、臨床推論4。別経路での確認価値を評価。,
KN0354,dashboard injuryとposterior sagからPCL損傷を識別する,C,16,運動器,16,Q357,False,5,1,4,5,5,5,4,1,45,B,TYPE_F Result → Cause,運動器のfinding_interpretation。重要度5、Safety1、臨床推論4。別経路での確認価値を評価。,
KN0414,片脚踵上げ不能から後脛骨筋腱機能不全を識別する,C,17,理学療法評価各論,17,Q422,False,5,1,4,5,5,5,4,1,45,B,TYPE_F Result → Cause,理学療法評価各論のfinding_interpretation。重要度5、Safety1、臨床推論4。別経路での確認価値を評価。,
KN0416,Dupuytren拘縮の索状物とMP・PIP伸展制限の識別,C,16,運動器,16,Q424,False,5,1,4,5,5,5,4,1,45,B,TYPE_F Result → Cause,運動器のfinding_interpretation。重要度5、Safety1、臨床推論4。別経路での確認価値を評価。,
KN0435,円回内筋部での正中神経絞扼と手根管症候群の鑑別,C,16,運動器,16,Q443,False,5,1,4,5,5,5,4,1,45,B,TYPE_F Result → Cause,運動器のfinding_interpretation。重要度5、Safety1、臨床推論4。別経路での確認価値を評価。,
KN0436,Guyon管での尺骨神経圧迫の感覚分布,C,16,運動器,16,Q444,False,5,1,4,5,5,5,4,1,45,B,TYPE_F Result → Cause,運動器のfinding_interpretation。重要度5、Safety1、臨床推論4。別経路での確認価値を評価。,
KN0449,リンパ浮腫stage IIの挙上で消失しにくい浮腫と線維化,B,8,内科学,8,Q457,False,5,1,4,5,5,5,4,1,45,B,TYPE_F Result → Cause,内科学のfinding_interpretation。重要度5、Safety1、臨床推論4。別経路での確認価値を評価。,
KN0461,橈骨神経深枝領域のradial tunnel syndrome識別,C,16,運動器,16,Q469,False,5,1,4,5,5,5,4,1,45,B,TYPE_F Result → Cause,運動器のfinding_interpretation。重要度5、Safety1、臨床推論4。別経路での確認価値を評価。,
KN0476,強剛母趾の母趾MTP背屈制限と蹴り出し痛,C,16,運動器,16,Q484,False,5,1,4,5,5,5,4,1,45,B,TYPE_F Result → Cause,運動器のfinding_interpretation。重要度5、Safety1、臨床推論4。別経路での確認価値を評価。,
KN0477,Morton神経腫の前足部圧迫痛・Mulder徴候,C,16,運動器,16,Q485,False,5,1,4,5,5,5,4,1,45,B,TYPE_F Result → Cause,運動器のfinding_interpretation。重要度5、Safety1、臨床推論4。別経路での確認価値を評価。,
KN0480,下腿義足の過度なtoe-outを生む足部外旋アライメント,C,18,理学療法治療各論,18,Q488,False,5,1,4,5,5,5,4,1,45,B,TYPE_F Result → Cause,理学療法治療各論のfinding_interpretation。重要度5、Safety1、臨床推論4。別経路での確認価値を評価。,
KN0481,大腿義足遊脚終期のterminal impactを減らす膝継手伸展制御,C,18,理学療法治療各論,18,Q489,False,5,1,4,5,5,5,4,1,45,B,TYPE_F Result → Cause,理学療法治療各論のfinding_interpretation。重要度5、Safety1、臨床推論4。別経路での確認価値を評価。,
KN0482,ティルト・イン・スペースで座面・背もたれ角を保ち除圧する機能,C,18,理学療法治療各論,18,Q490,False,4,1,5,5,5,5,4,1,45,B,TYPE_J Clinical case → Intervention choice,理学療法治療各論のdevice_selection。重要度4、Safety1、臨床推論5。別経路での確認価値を評価。,
KN0494,Daniels らの徒手筋力テストの結果を表に示すから病態・機能障害を解釈,C,17,理学療法評価各論,17,Q502,False,5,1,4,5,5,5,4,1,45,B,TYPE_F Result → Cause,理学療法評価各論のfinding_interpretation。重要度5、Safety1、臨床推論4。別経路での確認価値を評価。,
KN0495,74歳の男性から病態・機能障害を解釈,C,17,理学療法評価各論,17,Q503,False,5,1,4,5,5,5,4,1,45,B,TYPE_F Result → Cause,理学療法評価各論のfinding_interpretation。重要度5、Safety1、臨床推論4。別経路での確認価値を評価。,
KN0498,56 歳の男性。閉塞性動脈硬化症。半年前から左下腿から足部にかけて冷感と痛 みが発現し、歩行距離も低下している。 検査法と結果の組合せの基本事項,C,17,理学療法評価各論,17,Q506,False,5,1,4,5,5,5,4,1,45,B,TYPE_F Result → Cause,理学療法評価各論のfinding_interpretation。重要度5、Safety1、臨床推論4。別経路での確認価値を評価。,
KN0512,Fugl-Meyer Assessmentは脳卒中後の運動機能だけでなく、感覚、関節可動域、疼痛なども含む包括的評価である,C,17,理学療法評価各論,17,Q520,False,5,1,4,5,5,5,4,1,45,B,TYPE_K Static knowledge → Applied judgment,理学療法評価各論のassessment_selection。重要度5、Safety1、臨床推論4。別経路での確認価値を評価。,
KN0525,側方突進が出現する可能性が最も高い病変部位はどれかから病態・機能障害を解釈,C,18,理学療法治療各論,18,Q533,False,5,1,4,5,5,5,4,1,45,B,TYPE_F Result → Cause,理学療法治療各論のfinding_interpretation。重要度5、Safety1、臨床推論4。別経路での確認価値を評価。,
KN0552,HDS-Rには「知っている野菜の名前をできるだけ多く言う」語想起課題が含まれ、語の流暢性をみるを評価する,C,17,理学療法評価各論,17,Q560,False,5,1,4,5,5,5,4,1,45,B,TYPE_K Static knowledge → Applied judgment,理学療法評価各論のassessment_selection。重要度5、Safety1、臨床推論4。別経路での確認価値を評価。,
KN0555,観念運動失行は運動麻痺がないのに、命令された習慣的動作やパントマイムを正しく行えない状態であるを評価する,C,17,理学療法評価各論,17,Q563,False,5,1,4,5,5,5,4,1,45,B,TYPE_K Static knowledge → Applied judgment,理学療法評価各論のassessment_selection。重要度5、Safety1、臨床推論4。別経路での確認価値を評価。,
KN0573,大腿神経伸張テストは腹臥位などで膝を屈曲し、L2〜L4神経根や上位腰椎椎間板ヘルニアによる神経根症状を誘発する検査である,C,16,運動器,16,Q581,False,5,1,4,5,5,5,4,1,45,B,TYPE_K Static knowledge → Applied judgment,運動器のassessment_selection。重要度5、Safety1、臨床推論4。別経路での確認価値を評価。,
KN0584,栄養評価ではBMI、体重減少率、血清アルブミン、下腿周囲径などが用いられる,C,17,理学療法評価各論,17,Q592,False,5,1,4,5,5,5,4,1,45,B,TYPE_K Static knowledge → Applied judgment,理学療法評価各論のassessment_selection。重要度5、Safety1、臨床推論4。別経路での確認価値を評価。,
KN0629,記憶保持がある一方で仕事の開始・優先順位付けが困難な遂行機能障害の識別,C,17,理学療法評価各論,17,Q637,False,5,1,4,5,5,5,4,1,45,B,TYPE_F Result → Cause,理学療法評価各論のfinding_interpretation。重要度5、Safety1、臨床推論4。別経路での確認価値を評価。,
KN0637,上腕二頭筋腱炎を誘発するYergason testの選択,C,17,理学療法評価各論,17,Q645,False,5,1,4,5,5,5,4,1,45,B,TYPE_K Static knowledge → Applied judgment,理学療法評価各論のassessment_selection。重要度5、Safety1、臨床推論4。別経路での確認価値を評価。,
KN0681,絞扼性末梢神経障害の部位と症候の対応,B,8,内科学,8,Q689,False,5,1,4,5,5,5,4,1,45,B,TYPE_F Result → Cause,内科学のfinding_interpretation。重要度5、Safety1、臨床推論4。別経路での確認価値を評価。,
KN0688,多発神経の伝導速度低下から脱髄性末梢神経障害を識別,C,17,理学療法評価各論,17,Q696,False,5,1,4,5,5,5,4,1,45,B,TYPE_F Result → Cause,理学療法評価各論のfinding_interpretation。重要度5、Safety1、臨床推論4。別経路での確認価値を評価。,
KN0695,筋強直性ジストロフィーにみられるミオトニアの識別,C,17,理学療法評価各論,17,Q703,False,5,1,4,5,5,5,4,1,45,B,TYPE_F Result → Cause,理学療法評価各論のfinding_interpretation。重要度5、Safety1、臨床推論4。別経路での確認価値を評価。,
KN0704,Daniels法で重力に抗して全可動域を動かせる筋力を段階3と判定する,C,17,理学療法評価各論,17,Q712,False,5,1,4,5,5,5,4,1,45,B,TYPE_K Static knowledge → Applied judgment,理学療法評価各論のassessment_selection。重要度5、Safety1、臨床推論4。別経路での確認価値を評価。,
KN0708,内反型変形性膝関節症にみられる歩行特徴,C,16,運動器,16,Q716,False,5,1,4,5,5,5,4,1,45,B,TYPE_F Result → Cause,運動器のfinding_interpretation。重要度5、Safety1、臨床推論4。別経路での確認価値を評価。,
KN0711,断端成熟を追跡する再現性のある周径計測,C,18,理学療法治療各論,18,Q719,False,5,1,4,5,5,5,4,1,45,B,TYPE_K Static knowledge → Applied judgment,理学療法治療各論のassessment_selection。重要度5、Safety1、臨床推論4。別経路での確認価値を評価。,
KN0714,疼痛強度の評価には表情図から選ぶface scaleと、線上の位置で強度を示すVASが用いられる,C,17,理学療法評価各論,17,Q722,False,5,1,4,5,5,5,4,1,45,B,TYPE_K Static knowledge → Applied judgment,理学療法評価各論のassessment_selection。重要度5、Safety1、臨床推論4。別経路での確認価値を評価。,
KN0716,高次脳機能障害に応じた検査法の選択,C,17,理学療法評価各論,17,Q724,False,5,1,4,5,5,5,4,1,45,B,TYPE_K Static knowledge → Applied judgment,理学療法評価各論のassessment_selection。重要度5、Safety1、臨床推論4。別経路での確認価値を評価。,
KN0718,左延髄外側症候群の交叉性感覚障害・脳神経症状の解釈,C,18,理学療法治療各論,18,Q726,False,5,1,4,5,5,5,4,1,45,B,TYPE_F Result → Cause,理学療法治療各論のfinding_interpretation。重要度5、Safety1、臨床推論4。別経路での確認価値を評価。,
KN0760,慢性心不全患者のBarthel Index得点をADL情報から判定する,C,17,理学療法評価各論,17,Q768,False,5,1,4,5,5,5,4,1,45,B,TYPE_F Result → Cause,理学療法評価各論のfinding_interpretation。重要度5、Safety1、臨床推論4。別経路での確認価値を評価。,
KN0761,Pancoast腫瘍の腕神経叢浸潤症状から下神経幹領域を識別,A,1,解剖学,1,Q769,False,5,1,4,5,5,5,4,1,45,B,TYPE_F Result → Cause,解剖学のfinding_interpretation。重要度5、Safety1、臨床推論4。別経路での確認価値を評価。,
KN0764,頸椎症で母指しびれを示す神経根障害と対応筋力低下を推定する,C,16,運動器,16,Q772,False,5,1,4,5,5,5,4,1,45,B,TYPE_F Result → Cause,運動器のfinding_interpretation。重要度5、Safety1、臨床推論4。別経路での確認価値を評価。,
KN0775,口頭命令でできず自発では可能な観念運動失行の識別,C,18,理学療法治療各論,18,Q783,False,5,1,4,5,5,5,4,1,45,B,TYPE_F Result → Cause,理学療法治療各論のfinding_interpretation。重要度5、Safety1、臨床推論4。別経路での確認価値を評価。,
KN0780,肩関節可動域制限から障害されやすいADL動作を推定する,C,16,運動器,16,Q788,False,5,1,4,5,5,5,4,1,45,B,TYPE_F Result → Cause,運動器のfinding_interpretation。重要度5、Safety1、臨床推論4。別経路での確認価値を評価。,
KN0782,6分間歩行テストの標準的実施・解釈,C,17,理学療法評価各論,17,Q790,False,5,1,4,5,5,5,4,1,45,B,TYPE_K Static knowledge → Applied judgment,理学療法評価各論のassessment_selection。重要度5、Safety1、臨床推論4。別経路での確認価値を評価。,
KN0845,WCSTで方略転換を含む遂行機能を評価する,C,17,理学療法評価各論,17,Q854,False,5,1,4,5,5,5,4,1,45,B,TYPE_K Static knowledge → Applied judgment,理学療法評価各論のassessment_selection。重要度5、Safety1、臨床推論4。別経路での確認価値を評価。,
KN0852,糖尿病患者において低血糖発作時にみられる症状はどれかから病態・機能・原因を解釈する,B,8,内科学,8,Q861,False,5,1,4,5,5,5,4,1,45,B,TYPE_F Result → Cause,内科学のfinding_interpretation。重要度5、Safety1、臨床推論4。別経路での確認価値を評価。,
KN0897,Brown-Séquard症候群で損傷髄節よりも下位の反対側に現れる症状はどれかから病態・機能・原因を解釈する,B,8,内科学,8,Q906,False,5,1,4,5,5,5,4,1,45,B,TYPE_F Result → Cause,内科学のfinding_interpretation。重要度5、Safety1、臨床推論4。別経路での確認価値を評価。,
KN0913,腰椎椎間板ヘルニアの疼痛分布から責任椎間を推定する,C,16,運動器,16,Q922,False,5,1,4,5,5,5,4,1,45,B,TYPE_F Result → Cause,運動器のfinding_interpretation。重要度5、Safety1、臨床推論4。別経路での確認価値を評価。,
KN0919,第VII脳神経は顔面神経で、表情筋を支配するを評価する,C,17,理学療法評価各論,17,Q928,False,5,1,4,5,5,5,4,1,45,B,TYPE_K Static knowledge → Applied judgment,理学療法評価各論のassessment_selection。重要度5、Safety1、臨床推論4。別経路での確認価値を評価。,
KN0921,大腿義足遊脚期の健側vaultingから義足長過大を推定する,C,18,理学療法治療各論,18,Q930,False,5,1,4,5,5,5,4,1,45,B,TYPE_F Result → Cause,理学療法治療各論のfinding_interpretation。重要度5、Safety1、臨床推論4。別経路での確認価値を評価。,
KN0926,立ち上がり時の上肢支持・過度前傾・早期膝伸展から両下肢筋力低下を推定する,C,18,理学療法治療各論,18,Q935,False,5,1,4,5,5,5,4,1,45,B,TYPE_F Result → Cause,理学療法治療各論のfinding_interpretation。重要度5、Safety1、臨床推論4。別経路での確認価値を評価。,
KN0929,移乗時にフットサポートへ足を残す行動と前頭葉機能障害の関連,C,18,理学療法治療各論,18,Q938,False,5,1,4,5,5,5,4,1,45,B,TYPE_F Result → Cause,理学療法治療各論のfinding_interpretation。重要度5、Safety1、臨床推論4。別経路での確認価値を評価。,
KN0951,胸腰部回旋ROM測定では基本軸を両上後腸骨棘を結ぶ線、移動軸を両肩峰を結ぶ線として評価する,C,17,理学療法評価各論,17,Q960,False,5,1,4,5,5,5,4,1,45,B,TYPE_K Static knowledge → Applied judgment,理学療法評価各論のassessment_selection。重要度5、Safety1、臨床推論4。別経路での確認価値を評価。,
KN0964,心原性脳塞栓症の原因として誤っているのはどれかから病態・機能・原因を解釈する,B,8,内科学,8,Q974,False,5,1,4,5,5,5,4,1,45,B,TYPE_F Result → Cause,内科学のfinding_interpretation。重要度5、Safety1、臨床推論4。別経路での確認価値を評価。,
KN0966,急性心筋梗塞の発症後の血液検査所見で上昇がみられないのはどれかから病態・機能・原因を解釈する,B,8,内科学,8,Q976,False,5,1,4,5,5,5,4,1,45,B,TYPE_F Result → Cause,内科学のfinding_interpretation。重要度5、Safety1、臨床推論4。別経路での確認価値を評価。,
KN0972,ナルコレプシーに認められない症状はどれかから病態・機能・原因を解釈する,B,8,内科学,8,Q982,False,5,1,4,5,5,5,4,1,45,B,TYPE_F Result → Cause,内科学のfinding_interpretation。重要度5、Safety1、臨床推論4。別経路での確認価値を評価。,
KN0975,最高酸素摂取量と体重から処方運動強度をMETsへ換算する,B,8,内科学,8,Q985,False,5,1,4,5,5,5,4,1,45,B,TYPE_F Result → Cause,内科学のfinding_interpretation。重要度5、Safety1、臨床推論4。別経路での確認価値を評価。,
KN0976,FIM各項目の自立度から総得点を算出する,C,18,理学療法治療各論,18,Q986,False,5,1,4,5,5,5,4,1,45,B,TYPE_F Result → Cause,理学療法治療各論のfinding_interpretation。重要度5、Safety1、臨床推論4。別経路での確認価値を評価。,
KN0985,周径測定は再現性のため測定部位・肢位を統一し、メジャーを皮膚に密着させて過度に締め付けず測定する,C,17,理学療法評価各論,17,Q995,False,5,1,4,5,5,5,4,1,45,B,TYPE_K Static knowledge → Applied judgment,理学療法評価各論のassessment_selection。重要度5、Safety1、臨床推論4。別経路での確認価値を評価。,
KN0986,膝伸展位のみで足関節背屈制限が出る所見から腓腹筋短縮を推定する,C,17,理学療法評価各論,17,Q996,False,5,1,4,5,5,5,4,1,45,B,TYPE_F Result → Cause,理学療法評価各論のfinding_interpretation。重要度5、Safety1、臨床推論4。別経路での確認価値を評価。,
KN0996,対流熱を用いるのはどれかから病態・機能・原因を解釈する,C,18,理学療法治療各論,18,Q1006,False,5,1,4,5,5,5,4,1,45,B,TYPE_F Result → Cause,理学療法治療各論のfinding_interpretation。重要度5、Safety1、臨床推論4。別経路での確認価値を評価。,
KN0998,持久力トレーニングでは同一運動強度での心拍・換気応答が小さくなり、最大酸素摂取量、毛細血管密度、嫌気性代謝閾値などは改善するを評価する,C,18,理学療法治療各論,18,Q1008,False,5,1,4,5,5,5,4,1,45,B,TYPE_K Static knowledge → Applied judgment,理学療法治療各論のassessment_selection。重要度5、Safety1、臨床推論4。別経路での確認価値を評価。,
KN1002,症候とその説明の組合せで正しいのはどれかから病態・機能・原因を解釈する,C,18,理学療法治療各論,18,Q1012,False,5,1,4,5,5,5,4,1,45,B,TYPE_F Result → Cause,理学療法治療各論のfinding_interpretation。重要度5、Safety1、臨床推論4。別経路での確認価値を評価。,
KN1007,脳構造について正しいのはどれかから病態・機能・原因を解釈する,A,1,解剖学,1,Q1017,False,5,1,4,5,5,5,4,1,45,B,TYPE_F Result → Cause,解剖学のfinding_interpretation。重要度5、Safety1、臨床推論4。別経路での確認価値を評価。,
KN1041,SOAPのAssessmentとして所見から機能障害の因果を解釈して記載する,C,17,理学療法評価各論,17,Q1051,False,5,1,4,5,5,5,4,1,45,B,TYPE_F Result → Cause,理学療法評価各論のfinding_interpretation。重要度5、Safety1、臨床推論4。別経路での確認価値を評価。,
KN1048,TMTは注意、視覚探索、処理速度、注意転換などを評価する,C,17,理学療法評価各論,17,Q1058,False,5,1,4,5,5,5,4,1,45,B,TYPE_K Static knowledge → Applied judgment,理学療法評価各論のassessment_selection。重要度5、Safety1、臨床推論4。別経路での確認価値を評価。,
KN1049,補助具使用を含むFIM修正自立の判定,C,17,理学療法評価各論,17,Q1059,False,5,1,4,5,5,5,4,1,45,B,TYPE_K Static knowledge → Applied judgment,理学療法評価各論のassessment_selection。重要度5、Safety1、臨床推論4。別経路での確認価値を評価。,
KN1054,MMSEは見当識、記銘・再生、注意計算、言語などを短時間で評価する認知症スクリーニング検査,C,17,理学療法評価各論,17,Q1064,False,5,1,4,5,5,5,4,1,45,B,TYPE_K Static knowledge → Applied judgment,理学療法評価各論のassessment_selection。重要度5、Safety1、臨床推論4。別経路での確認価値を評価。,
KN1088,フレイルとサルコペニアの双方で筋力低下と身体機能低下を評価し、握力と歩行速度が共通項目となる,C,17,理学療法評価各論,17,Q1099,False,5,1,4,5,5,5,4,1,45,B,TYPE_K Static knowledge → Applied judgment,理学療法評価各論のassessment_selection。重要度5、Safety1、臨床推論4。別経路での確認価値を評価。,
KN1099,睡眠日誌は就床・入眠・覚醒時刻を連日記録して概日リズムのずれを把握するため、睡眠相後退症候群で特に有用を評価する,B,8,内科学,8,Q1110,False,5,1,4,5,5,5,4,1,45,B,TYPE_K Static knowledge → Applied judgment,内科学のassessment_selection。重要度5、Safety1、臨床推論4。別経路での確認価値を評価。,
KN1110,PEDIの対象・評価項目・評定方法,C,18,理学療法治療各論,18,Q1121,False,5,1,4,5,5,5,4,1,45,B,TYPE_K Static knowledge → Applied judgment,理学療法治療各論のassessment_selection。重要度5、Safety1、臨床推論4。別経路での確認価値を評価。,
KN1112,SIASに含まれる非麻痺側機能などの評価項目,C,17,理学療法評価各論,17,Q1123,False,5,1,4,5,5,5,4,1,45,B,TYPE_K Static knowledge → Applied judgment,理学療法評価各論のassessment_selection。重要度5、Safety1、臨床推論4。別経路での確認価値を評価。,
KN1115,face scaleとNRSはいずれも疼痛強度の評価に用いる,C,17,理学療法評価各論,17,Q1126,False,5,1,4,5,5,5,4,1,45,B,TYPE_K Static knowledge → Applied judgment,理学療法評価各論のassessment_selection。重要度5、Safety1、臨床推論4。別経路での確認価値を評価。,
KN1117,嚥下反射時の食塊通過を観察できる嚥下造影検査の選択,C,17,理学療法評価各論,17,Q1128,False,5,1,4,5,5,5,4,1,45,B,TYPE_K Static knowledge → Applied judgment,理学療法評価各論のassessment_selection。重要度5、Safety1、臨床推論4。別経路での確認価値を評価。,
KN1166,67歳の男性から病態・機能・原因を解釈する,C,17,理学療法評価各論,17,Q1179,False,5,1,4,5,5,5,4,1,45,B,TYPE_F Result → Cause,理学療法評価各論のfinding_interpretation。重要度5、Safety1、臨床推論4。別経路での確認価値を評価。,
KN1168,68歳の女性から病態・機能・原因を解釈する,C,17,理学療法評価各論,17,Q1181,False,5,1,4,5,5,5,4,1,45,B,TYPE_F Result → Cause,理学療法評価各論のfinding_interpretation。重要度5、Safety1、臨床推論4。別経路での確認価値を評価。,
KN1169,74歳の女性から病態・機能・原因を解釈する,C,16,運動器,16,Q1182,False,5,1,4,5,5,5,4,1,45,B,TYPE_F Result → Cause,運動器のfinding_interpretation。重要度5、Safety1、臨床推論4。別経路での確認価値を評価。,
KN1181,Roos testは上肢を挙上外転外旋位で開閉手運動を反復し、胸郭出口での神経血管圧迫症状を誘発するを評価する,C,17,理学療法評価各論,17,Q1195,False,5,1,4,5,5,5,4,1,45,B,TYPE_K Static knowledge → Applied judgment,理学療法評価各論のassessment_selection。重要度5、Safety1、臨床推論4。別経路での確認価値を評価。,
KN1209,ASIAでS4-5感覚と随意肛門収縮から仙髄機能温存を判定する,C,17,理学療法評価各論,17,Q1224,False,5,1,4,5,5,5,4,1,45,B,TYPE_K Static knowledge → Applied judgment,理学療法評価各論のassessment_selection。重要度5、Safety1、臨床推論4。別経路での確認価値を評価。,
KN1255,安静呼吸における吸気時,C,13,基礎運動学,13,Q1271,False,5,4,2,5,4,5,3,1,45,B,TYPE_A Definition → Case,基礎運動学のfact_recall。重要度5、Safety4、臨床推論2。別経路での確認価値を評価。,
KN1279,受傷後に人格変化、脱抑制、自己中心性など前頭葉機能障害が疑われるため、前頭葉機能を簡便に評価するFABが優先される,C,17,理学療法評価各論,17,Q1295,False,5,1,4,5,5,5,4,1,45,B,TYPE_K Static knowledge → Applied judgment,理学療法評価各論のassessment_selection。重要度5、Safety1、臨床推論4。別経路での確認価値を評価。,
KN1283,Thomasテストは一側股関節を最大屈曲し、反対側大腿が浮き上がるかをみて股関節屈曲拘縮を評価する,C,17,理学療法評価各論,17,Q1300,False,5,1,4,5,5,5,4,1,45,B,TYPE_K Static knowledge → Applied judgment,理学療法評価各論のassessment_selection。重要度5、Safety1、臨床推論4。別経路での確認価値を評価。,
KN1284,SIASには視空間認知、言語、体幹機能、感覚、麻痺側・非麻痺側運動などが含まれるを評価する,C,17,理学療法評価各論,17,Q1301,False,5,1,4,5,5,5,4,1,45,B,TYPE_K Static knowledge → Applied judgment,理学療法評価各論のassessment_selection。重要度5、Safety1、臨床推論4。別経路での確認価値を評価。,
KN1289,QMGには眼球運動・眼瞼下垂、嚥下、発語、四肢筋力、肺活量など重症筋無力症の主要症候が含まれるを評価する,C,17,理学療法評価各論,17,Q1307,False,5,1,4,5,5,5,4,1,45,B,TYPE_K Static knowledge → Applied judgment,理学療法評価各論のassessment_selection。重要度5、Safety1、臨床推論4。別経路での確認価値を評価。,
KN1311,NIHSSは脳卒中急性期の神経学的重症度、SIASは脳卒中の機能障害を評価する,C,17,理学療法評価各論,17,Q1331,False,5,1,4,5,5,5,4,1,45,B,TYPE_K Static knowledge → Applied judgment,理学療法評価各論のassessment_selection。重要度5、Safety1、臨床推論4。別経路での確認価値を評価。,
KN1318,感冒後の進行性四肢麻痺・腱反射消失・神経伝導低下からGuillain-Barré症候群を識別する,C,17,理学療法評価各論,17,Q1338,False,5,1,4,5,5,5,4,1,45,B,TYPE_F Result → Cause,理学療法評価各論のfinding_interpretation。重要度5、Safety1、臨床推論4。別経路での確認価値を評価。,
KN1323,Lawton IADLには電話使用、買物、食事準備、家事、洗濯、交通、服薬、金銭管理が含まれるを評価する,C,18,理学療法治療各論,18,Q1343,False,5,1,4,5,5,5,4,1,45,B,TYPE_K Static knowledge → Applied judgment,理学療法治療各論のassessment_selection。重要度5、Safety1、臨床推論4。別経路での確認価値を評価。,
KN1327,運動療法を受ける患者の自己効力感が低下する可能性が高いのはどれかから病態・機能・原因を解釈する,C,18,理学療法治療各論,18,Q1347,False,5,1,4,5,5,5,4,1,45,B,TYPE_F Result → Cause,理学療法治療各論のfinding_interpretation。重要度5、Safety1、臨床推論4。別経路での確認価値を評価。,
KN1328,内側型変形性膝関節症における歩行の特徴で正しいのはどれかから病態・機能・原因を解釈する,C,16,運動器,16,Q1348,False,5,1,4,5,5,5,4,1,45,B,TYPE_F Result → Cause,運動器のfinding_interpretation。重要度5、Safety1、臨床推論4。別経路での確認価値を評価。,
KN1331,MRC sum scoreでICU-AWの全身筋力低下を判定する,C,18,理学療法治療各論,18,Q1351,False,5,1,4,5,5,5,4,1,45,B,TYPE_K Static knowledge → Applied judgment,理学療法治療各論のassessment_selection。重要度5、Safety1、臨床推論4。別経路での確認価値を評価。,
KN1349,日常生活上の記憶障害を検出するRBMTなどの検査選択,C,17,理学療法評価各論,17,Q1372,False,5,1,4,5,5,5,4,1,45,B,TYPE_K Static knowledge → Applied judgment,理学療法評価各論のassessment_selection。重要度5、Safety1、臨床推論4。別経路での確認価値を評価。,
KN1369,FMAは総得点226点で、Brunnstromの共同運動・分離運動に関連する運動項目を含むを評価する,C,17,理学療法評価各論,17,Q1393,False,5,1,4,5,5,5,4,1,45,B,TYPE_K Static knowledge → Applied judgment,理学療法評価各論のassessment_selection。重要度5、Safety1、臨床推論4。別経路での確認価値を評価。,
KN1370,WeeFIMの社会的認知には社会的交流があり、小児では遊びへの参加などを含めて評価する,C,17,理学療法評価各論,17,Q1394,False,5,1,4,5,5,5,4,1,45,B,TYPE_K Static knowledge → Applied judgment,理学療法評価各論のassessment_selection。重要度5、Safety1、臨床推論4。別経路での確認価値を評価。,
KN1371,身体的フレイルの代表要件には歩行速度低下と身体活動量低下が含まれるを評価する,C,18,理学療法治療各論,18,Q1395,False,5,1,4,5,5,5,4,1,45,B,TYPE_K Static knowledge → Applied judgment,理学療法治療各論のassessment_selection。重要度5、Safety1、臨床推論4。別経路での確認価値を評価。,
KN1374,MRC sum scoreをICU獲得性筋力低下の評価に用いる,C,17,理学療法評価各論,17,Q1398,False,5,1,4,5,5,5,4,1,45,B,TYPE_K Static knowledge → Applied judgment,理学療法評価各論のassessment_selection。重要度5、Safety1、臨床推論4。別経路での確認価値を評価。,
KN1375,体重は身体的・医学的情報であり社会的情報ではないを評価する,C,18,理学療法治療各論,18,Q1399,False,5,1,4,5,5,5,4,1,45,B,TYPE_K Static knowledge → Applied judgment,理学療法治療各論のassessment_selection。重要度5、Safety1、臨床推論4。別経路での確認価値を評価。,
KN1411,Thomas testで股関節屈曲拘縮を評価する,B,8,内科学,8,Q1436,False,5,1,4,5,5,5,4,1,45,B,TYPE_K Static knowledge → Applied judgment,内科学のassessment_selection。重要度5、Safety1、臨床推論4。別経路での確認価値を評価。,
KN1431,短期入院後のADL低下をHospitalization-Associated Disabilityとして識別する,B,8,内科学,8,Q1456,False,5,1,4,5,5,5,4,1,45,B,TYPE_F Result → Cause,内科学のfinding_interpretation。重要度5、Safety1、臨床推論4。別経路での確認価値を評価。,
KN1439,SIASには非麻痺側機能として握力評価が含まれる,C,17,理学療法評価各論,17,Q1464,False,5,1,4,5,5,5,4,1,45,B,TYPE_K Static knowledge → Applied judgment,理学療法評価各論のassessment_selection。重要度5、Safety1、臨床推論4。別経路での確認価値を評価。,
KN1442,CATで持続・選択・分配・転換性注意を評価する,C,17,理学療法評価各論,17,Q1467,False,5,1,4,5,5,5,4,1,45,B,TYPE_K Static knowledge → Applied judgment,理学療法評価各論のassessment_selection。重要度5、Safety1、臨床推論4。別経路での確認価値を評価。,
KN1445,Hoehn & Yahr stage IIを両側性症状と姿勢反射障害の有無から判定する,C,17,理学療法評価各論,17,Q1470,False,5,1,4,5,5,5,4,1,45,B,TYPE_K Static knowledge → Applied judgment,理学療法評価各論のassessment_selection。重要度5、Safety1、臨床推論4。別経路での確認価値を評価。,
KN1446,術後廃用症候群と予防の組合せで正しいのはどれかに対する適切な介入・練習・指導を選択する,A,6,医学概論,6,Q1471,False,5,1,5,5,5,5,2,1,45,B,TYPE_J Clinical case → Intervention choice,医学概論のintervention_selection。重要度5、Safety1、臨床推論5。別経路での確認価値を評価。,
KN1450,評価結果を関係づけて問題点を統合・解釈する,C,17,理学療法評価各論,17,Q1475,False,5,1,4,5,5,5,4,1,45,B,TYPE_F Result → Cause,理学療法評価各論のfinding_interpretation。重要度5、Safety1、臨床推論4。別経路での確認価値を評価。,
KN1480,Daniels MMT肩屈曲grade 4の検査肢位・抵抗方法を適切に実施する,C,17,理学療法評価各論,17,Q1505,False,5,1,4,5,5,5,4,1,45,B,TYPE_K Static knowledge → Applied judgment,理学療法評価各論のassessment_selection。重要度5、Safety1、臨床推論4。別経路での確認価値を評価。,
KN1489,位置覚・振動覚など深部感覚検査に用いる器具を選択する,C,17,理学療法評価各論,17,Q1514,False,5,1,4,5,5,5,4,1,45,B,TYPE_K Static knowledge → Applied judgment,理学療法評価各論のassessment_selection。重要度5、Safety1、臨床推論4。別経路での確認価値を評価。,
KN1494,基本チェックリストを用いたフレイル判定項目の理解,C,17,理学療法評価各論,17,Q1519,False,5,1,4,5,5,5,4,1,45,B,TYPE_K Static knowledge → Applied judgment,理学療法評価各論のassessment_selection。重要度5、Safety1、臨床推論4。別経路での確認価値を評価。,
KN1498,GMFMの対象・領域・採点・Item Mapを理解する,C,18,理学療法治療各論,18,Q1523,False,5,1,4,5,5,5,4,1,45,B,TYPE_K Static knowledge → Applied judgment,理学療法治療各論のassessment_selection。重要度5、Safety1、臨床推論4。別経路での確認価値を評価。,
KN1499,Berg Balance Scaleの項目・採点・解釈を理解する,C,18,理学療法治療各論,18,Q1524,False,5,1,4,5,5,5,4,1,45,B,TYPE_K Static knowledge → Applied judgment,理学療法治療各論のassessment_selection。重要度5、Safety1、臨床推論4。別経路での確認価値を評価。,
KN1500,顔面神経機能を適切な運動・反射で評価する,C,17,理学療法評価各論,17,Q1525,False,5,1,4,5,5,5,4,1,45,B,TYPE_K Static knowledge → Applied judgment,理学療法評価各論のassessment_selection。重要度5、Safety1、臨床推論4。別経路での確認価値を評価。,
KN0009,後上方インピンジメント,C,13,基礎運動学,13,Q9,False,5,1,4,5,5,5,3,1,44,B,TYPE_F Result → Cause,基礎運動学のfinding_interpretation。重要度5、Safety1、臨床推論4。別経路での確認価値を評価。,
KN0027,母指・示指・中指の夜間しびれ、Phalen試験・Tinel徴候陽性、母指球筋萎縮から正中神経障害による手根管症候群が考えられるから予後を予測する,C,16,運動器,16,Q27,False,4,1,5,5,4,5,4,1,44,B,TYPE_E Cause → Result,運動器のprognosis_prediction。重要度4、Safety1、臨床推論5。別経路での確認価値を評価。,
KN0049,右手を頭の後ろへ回す動作や更衣で困難があり、肩関節外旋は10°と著しく制限されているを評価する,B,11,小児学,11,Q49,False,4,1,4,5,5,5,5,1,44,B,TYPE_K Static knowledge → Applied judgment,小児学のassessment_selection。重要度4、Safety1、臨床推論4。別経路での確認価値を評価。,
KN0061,姿勢条件別歩行耐容能,B,9,神経医学,9,Q61,False,4,1,4,5,5,5,5,1,44,B,TYPE_K Static knowledge → Applied judgment,神経医学のassessment_selection。重要度4、Safety1、臨床推論4。別経路での確認価値を評価。,
KN0064,上肢Brunnstrom stageⅤ、手指Ⅳで物品把持は可能だが、持ち替えやボタン掛けで手指運動がぎこちなく、時間を要しているを評価する,B,9,神経医学,9,Q64,False,4,1,4,5,5,5,5,1,44,B,TYPE_K Static knowledge → Applied judgment,神経医学のassessment_selection。重要度4、Safety1、臨床推論4。別経路での確認価値を評価。,
KN0068,活動記録による疲労管理,B,9,神経医学,9,Q68|Q191,False,5,1,5,4,5,3,5,1,44,B,TYPE_J Clinical case → Intervention choice,神経医学のintervention_selection。重要度5、Safety1、臨床推論5。別経路での確認価値を評価。,
KN0070,地域参加目標と活動計画,C,15,動作分析学,15,Q70,False,5,1,5,5,4,5,2,1,44,B,TYPE_K Static knowledge → Applied judgment,動作分析学のfunctional_goal_decision。重要度5、Safety1、臨床推論5。別経路での確認価値を評価。,
KN0079,歩行時下肢アライメント,B,11,小児学,11,Q79,False,4,1,4,5,5,5,5,1,44,B,TYPE_K Static knowledge → Applied judgment,小児学のassessment_selection。重要度4、Safety1、臨床推論4。別経路での確認価値を評価。,
KN0085,筋力、ROM、感覚に異常はない一方、縄跳びやボール運動、着替え、箸操作など粗大運動と微細運動の両方に時間を要しているを評価する,B,11,小児学,11,Q85,False,4,1,4,5,5,5,5,1,44,B,TYPE_K Static knowledge → Applied judgment,小児学のassessment_selection。重要度4、Safety1、臨床推論4。別経路での確認価値を評価。,
KN0089,股外転筋と骨盤制御,B,11,小児学,11,Q89,False,4,1,4,5,5,5,5,1,44,B,TYPE_K Static knowledge → Applied judgment,小児学のassessment_selection。重要度4、Safety1、臨床推論4。別経路での確認価値を評価。,
KN0094,頭上動作で右肩甲骨内側縁が浮き上がり、肩挙上終末域に代償を認めるを評価する,B,11,小児学,11,Q94,False,4,1,4,5,5,5,5,1,44,B,TYPE_K Static knowledge → Applied judgment,小児学のassessment_selection。重要度4、Safety1、臨床推論4。別経路での確認価値を評価。,
KN0108,アキレス腱修復後の蹴り出しには下腿三頭筋の反復収縮能力が必要であるため、現時点では最大筋力だけでなく筋持久力の改善を優先する,C,16,運動器,16,Q108,False,4,1,5,5,4,5,4,1,44,B,TYPE_K Static knowledge → Applied judgment,運動器のfunctional_goal_decision。重要度4、Safety1、臨床推論5。別経路での確認価値を評価。,
KN0189,運動・栄養・地域交流の多職種支援,C,15,動作分析学,15,Q190,False,5,1,5,5,4,5,2,1,44,B,TYPE_K Static knowledge → Applied judgment,動作分析学のfunctional_goal_decision。重要度5、Safety1、臨床推論5。別経路での確認価値を評価。,
KN0239,二次性骨癒合の血腫→軟性仮骨→硬性仮骨→リモデリング,C,16,運動器,16,Q240,False,4,4,2,5,4,5,4,1,44,B,TYPE_A Definition → Case,運動器のfact_recall。重要度4、Safety4、臨床推論2。別経路での確認価値を評価。,
KN0250,膝屈曲位での腓腹筋の活動性不足,C,13,基礎運動学,13,Q251,False,5,1,4,5,5,5,3,1,44,B,TYPE_F Result → Cause,基礎運動学のfinding_interpretation。重要度5、Safety1、臨床推論4。別経路での確認価値を評価。,
KN0258,随意運動前に生じる予測的姿勢調節,C,13,基礎運動学,13,Q259,False,5,1,4,5,5,5,3,1,44,B,TYPE_F Result → Cause,基礎運動学のfinding_interpretation。重要度5、Safety1、臨床推論4。別経路での確認価値を評価。,
KN0305,口すぼめ呼吸による呼気時気道内圧維持と気道虚脱抑制,C,18,理学療法治療各論,18,Q307,False,4,4,2,5,4,5,4,1,44,B,TYPE_A Definition → Case,理学療法治療各論のfact_recall。重要度4、Safety4、臨床推論2。別経路での確認価値を評価。,
KN0307,F波は運動神経を最大上刺激した際に興奮が脊髄前角細胞付近まで逆行し、再び末梢へ戻って生じる遅発反応で、神経根を含む近位運動神経伝導の評価に役…,C,17,理学療法評価各論,17,Q309,False,4,4,2,5,4,5,4,1,44,B,TYPE_A Definition → Case,理学療法評価各論のfact_recall。重要度4、Safety4、臨床推論2。別経路での確認価値を評価。,
KN0315,肺気腫で低下しやすい肺拡散能,B,8,内科学,8,Q317,False,4,4,2,5,4,5,4,1,44,B,TYPE_A Definition → Case,内科学のfact_recall。重要度4、Safety4、臨床推論2。別経路での確認価値を評価。,
KN0317,Borg 11〜13程度を用いた中等度運動強度,C,17,理学療法評価各論,17,Q319,False,4,4,2,5,4,5,4,1,44,B,TYPE_A Definition → Case,理学療法評価各論のfact_recall。重要度4、Safety4、臨床推論2。別経路での確認価値を評価。,
KN0358,ACBTの呼吸コントロール・胸郭拡張・強制呼出法,C,18,理学療法治療各論,18,Q362,False,4,4,2,5,4,5,4,1,44,B,TYPE_A Definition → Case,理学療法治療各論のfact_recall。重要度4、Safety4、臨床推論2。別経路での確認価値を評価。,
KN0369,腹臥位で圧迫を受けやすい顔面・胸郭・骨盤・膝部の褥瘡予防,C,17,理学療法評価各論,17,Q374,False,4,4,2,5,4,5,4,1,44,B,TYPE_A Definition → Case,理学療法評価各論のfact_recall。重要度4、Safety4、臨床推論2。別経路での確認価値を評価。,
KN0375,クラスター無作為化試験における施設単位の割付,C,18,理学療法治療各論,18,Q380,False,4,4,2,5,4,5,4,1,44,B,TYPE_A Definition → Case,理学療法治療各論のfact_recall。重要度4、Safety4、臨床推論2。別経路での確認価値を評価。,
KN0407,BODE indexのBMI・気流制限・呼吸困難・運動耐容能,C,17,理学療法評価各論,17,Q414,False,4,4,2,5,4,5,4,1,44,B,TYPE_A Definition → Case,理学療法評価各論のfact_recall。重要度4、Safety4、臨床推論2。別経路での確認価値を評価。,
KN0408,車椅子後輪車軸前方移動による操作性向上と後方転倒リスク増加,C,18,理学療法治療各論,18,Q415,False,4,4,2,5,4,5,4,1,44,B,TYPE_A Definition → Case,理学療法治療各論のfact_recall。重要度4、Safety4、臨床推論2。別経路での確認価値を評価。,
KN0445,前方パラシュート反応の識別,A,4,人間発達学,4,Q453,False,4,1,4,5,5,5,5,1,44,B,TYPE_F Result → Cause,人間発達学のfinding_interpretation。重要度4、Safety1、臨床推論4。別経路での確認価値を評価。,
KN0485,着替え、書字、球技など複数の日常・学校活動で不器用さを示す一方、筋力や知的発達に明らかな異常がないを評価する,B,11,小児学,11,Q493,False,4,1,4,5,5,5,5,1,44,B,TYPE_K Static knowledge → Applied judgment,小児学のassessment_selection。重要度4、Safety1、臨床推論4。別経路での確認価値を評価。,
KN0591,第三脳室と第四脳室は中脳水道で連絡する,A,1,解剖学,1,Q599,False,4,4,2,5,4,5,4,1,44,B,TYPE_A Definition → Case,解剖学のfact_recall。重要度4、Safety4、臨床推論2。別経路での確認価値を評価。,
KN0730,血圧上昇を舌咽神経求心路で感知し、延髄を介して迷走神経遠心路が亢進し心拍数を低下させる,A,1,解剖学,1,Q738,False,4,4,2,5,4,5,4,1,44,B,TYPE_A Definition → Case,解剖学のfact_recall。重要度4、Safety4、臨床推論2。別経路での確認価値を評価。,
KN0797,錐体路である皮質脊髄路は内包から中脳の大脳脚を通り、橋・延髄へ下行する,A,1,解剖学,1,Q805,False,4,4,2,5,4,5,4,1,44,B,TYPE_A Definition → Case,解剖学のfact_recall。重要度4、Safety4、臨床推論2。別経路での確認価値を評価。,
KN0816,肺機能検査値と生理学的意味の対応,C,13,基礎運動学,13,Q825,False,5,1,4,5,5,5,3,1,44,B,TYPE_F Result → Cause,基礎運動学のfinding_interpretation。重要度5、Safety1、臨床推論4。別経路での確認価値を評価。,
KN0817,運動学習における結果の知識〈KR〉と運動の知識〈KP〉の識別,C,13,基礎運動学,13,Q826,False,5,1,4,5,5,5,3,1,44,B,TYPE_F Result → Cause,基礎運動学のfinding_interpretation。重要度5、Safety1、臨床推論4。別経路での確認価値を評価。,
KN0936,成人脊髄は通常L1〜L2椎体高で終末し、そこから馬尾となる,A,1,解剖学,1,Q945,False,4,4,2,5,4,5,4,1,44,B,TYPE_A Definition → Case,解剖学のfact_recall。重要度4、Safety4、臨床推論2。別経路での確認価値を評価。,
KN0962,Galeazzi骨折とJefferson骨折の定義,C,16,運動器,16,Q972|Q1354,False,5,4,2,4,4,5,4,1,44,B,TYPE_A Definition → Case,運動器のfact_recall。重要度5、Safety4、臨床推論2。別経路での確認価値を評価。,
KN1051,Drehmann徴候で股関節屈曲時に生じる外転・外旋の解釈,C,13,基礎運動学,13,Q1061,False,5,1,4,5,5,5,3,1,44,B,TYPE_F Result → Cause,基礎運動学のfinding_interpretation。重要度5、Safety1、臨床推論4。別経路での確認価値を評価。,
KN1243,脊髄神経後根には脊髄神経節があり感覚ニューロン細胞体を含む,A,1,解剖学,1,Q1258,False,4,4,2,5,4,5,4,1,44,B,TYPE_A Definition → Case,解剖学のfact_recall。重要度4、Safety4、臨床推論2。別経路での確認価値を評価。,
KN1296,気管支は気管より末梢の下気道に含まれる,A,1,解剖学,1,Q1316,False,4,4,2,5,4,5,4,1,44,B,TYPE_A Definition → Case,解剖学のfact_recall。重要度4、Safety4、臨床推論2。別経路での確認価値を評価。,
KN1392,肺伸展受容器の情報は迷走神経を介して延髄・橋の呼吸中枢へ伝わる,A,2,生理学,2,Q1417,False,4,4,2,5,4,5,4,1,44,B,TYPE_A Definition → Case,生理学のfact_recall。重要度4、Safety4、臨床推論2。別経路での確認価値を評価。,
KN1396,肺胞換気量＝（1回換気量−死腔換気量）×呼吸数,A,2,生理学,2,Q1421,False,4,4,2,5,4,5,4,1,44,B,TYPE_A Definition → Case,生理学のfact_recall。重要度4、Safety4、臨床推論2。別経路での確認価値を評価。,
KN1455,咽頭は耳管を介して中耳腔と交通する,A,1,解剖学,1,Q1480,False,4,4,2,5,4,5,4,1,44,B,TYPE_A Definition → Case,解剖学のfact_recall。重要度4、Safety4、臨床推論2。別経路での確認価値を評価。,
KN1515,呼吸商RQはVCO2/VO2で、蛋白質約0.8、脂質約0.7なので蛋白質の方が大きい,A,2,生理学,2,Q1541,False,4,4,2,5,4,5,4,1,44,B,TYPE_A Definition → Case,生理学のfact_recall。重要度4、Safety4、臨床推論2。別経路での確認価値を評価。,
KN0002,動的膝外反と股関節外旋筋制御,C,15,動作分析学,15,Q2,False,5,1,4,5,5,5,2,1,43,B,TYPE_F Result → Cause,動作分析学のfinding_interpretation。重要度5、Safety1、臨床推論4。別経路での確認価値を評価。,
KN0034,非代償性肝硬変でAlb3.0g/dL、握力低下、下腿周径減少を認め、心肺機能には明らかな異常がないを評価する,C,17,理学療法評価各論,17,Q34,False,4,1,4,5,5,5,4,1,43,B,TYPE_K Static knowledge → Applied judgment,理学療法評価各論のassessment_selection。重要度4、Safety1、臨床推論4。別経路での確認価値を評価。,
KN0047,環指・小指のしびれ、肘屈曲での症状増悪、肘部Tinel徴候陽性に加え、骨間筋萎縮とFroment徴候陽性を認めるを評価する,C,16,運動器,16,Q47,False,4,1,4,5,5,5,4,1,43,B,TYPE_K Static knowledge → Applied judgment,運動器のassessment_selection。重要度4、Safety1、臨床推論4。別経路での確認価値を評価。,
KN0051,左後大脳動脈領域脳梗塞後に、衣服の前後を誤る、病室番号を見ても自室を間違える、見えている物が何か分からないという訴えがある,C,17,理学療法評価各論,17,Q51,False,4,1,4,5,5,5,4,1,43,B,TYPE_K Static knowledge → Applied judgment,理学療法評価各論のassessment_selection。重要度4、Safety1、臨床推論4。別経路での確認価値を評価。,
KN0052,階段下降の矢状面・回旋制御,C,15,動作分析学,15,Q52,False,5,1,4,5,5,5,2,1,43,B,TYPE_F Result → Cause,動作分析学のfinding_interpretation。重要度5、Safety1、臨床推論4。別経路での確認価値を評価。,
KN0055,平地歩行には大きな異常がないが、坂道下降時に義足側荷重が不足し、健側へ早期に荷重しているを評価する,C,18,理学療法治療各論,18,Q55,False,4,1,4,5,5,5,4,1,43,B,TYPE_K Static knowledge → Applied judgment,理学療法治療各論のassessment_selection。重要度4、Safety1、臨床推論4。別経路での確認価値を評価。,
KN0062,荷重下MTP背屈と足底圧,C,16,運動器,16,Q62,False,4,1,4,5,5,5,4,1,43,B,TYPE_K Static knowledge → Applied judgment,運動器のassessment_selection。重要度4、Safety1、臨床推論4。別経路での確認価値を評価。,
KN0075,全身運動連鎖の動作分析,C,17,理学療法評価各論,17,Q75,False,4,1,4,5,5,5,4,1,43,B,TYPE_K Static knowledge → Applied judgment,理学療法評価各論のassessment_selection。重要度4、Safety1、臨床推論4。別経路での確認価値を評価。,
KN0082,荷重下の股関節・骨盤協調,C,16,運動器,16,Q82,False,4,1,4,5,5,5,4,1,43,B,TYPE_K Static knowledge → Applied judgment,運動器のassessment_selection。重要度4、Safety1、臨床推論4。別経路での確認価値を評価。,
KN0088,無痛/最大歩行距離で効果判定,B,8,内科学,8,Q88,False,4,1,4,5,5,5,4,1,43,B,TYPE_K Static knowledge → Applied judgment,内科学のassessment_selection。重要度4、Safety1、臨床推論4。別経路での確認価値を評価。,
KN0092,荷重下足部アライメントと腓骨筋協調,C,16,運動器,16,Q92,False,4,1,4,5,5,5,4,1,43,B,TYPE_K Static knowledge → Applied judgment,運動器のassessment_selection。重要度4、Safety1、臨床推論4。別経路での確認価値を評価。,
KN0097,片脚荷重時の骨盤・股関節制御,C,16,運動器,16,Q97,False,4,1,4,5,5,5,4,1,43,B,TYPE_K Static knowledge → Applied judgment,運動器のassessment_selection。重要度4、Safety1、臨床推論4。別経路での確認価値を評価。,
KN0112,外転筋機能と骨盤制御,C,16,運動器,16,Q112|Q142,False,5,1,5,4,5,3,4,1,43,B,TYPE_J Clinical case → Intervention choice,運動器のintervention_selection。重要度5、Safety1、臨床推論5。別経路での確認価値を評価。,
KN0124,投球時の肘内側痛とMoving Valgus Stress Test陽性は、投球時の外反ストレスとの関連を示すを評価する,C,17,理学療法評価各論,17,Q124,False,4,1,4,5,5,5,4,1,43,B,TYPE_K Static knowledge → Applied judgment,理学療法評価各論のassessment_selection。重要度4、Safety1、臨床推論4。別経路での確認価値を評価。,
KN0128,下腿三頭筋・足底腱膜柔軟性,C,16,運動器,16,Q128|Q197,False,5,1,5,4,5,3,4,1,43,B,TYPE_J Clinical case → Intervention choice,運動器のintervention_selection。重要度5、Safety1、臨床推論5。別経路での確認価値を評価。,
KN0165,左上下肢麻痺は軽度で歩行可能だが、左側のドア枠や車椅子へ繰り返し接触しており、左半側空間への注意障害が疑われるを評価する,C,17,理学療法評価各論,17,Q166,False,4,1,4,5,5,5,4,1,43,B,TYPE_K Static knowledge → Applied judgment,理学療法評価各論のassessment_selection。重要度4、Safety1、臨床推論4。別経路での確認価値を評価。,
KN0184,Berg Balance Scale選択,C,17,理学療法評価各論,17,Q185,False,4,1,4,5,5,5,4,1,43,B,TYPE_K Static knowledge → Applied judgment,理学療法評価各論のassessment_selection。重要度4、Safety1、臨床推論4。別経路での確認価値を評価。,
KN0191,右片脚立位で疼痛が増えることから、右股関節への荷重が疼痛増悪に関係しているに対する機器選択,C,15,動作分析学,15,Q192,False,4,1,5,5,5,5,2,1,43,B,TYPE_J Clinical case → Intervention choice,動作分析学のdevice_selection。重要度4、Safety1、臨床推論5。別経路での確認価値を評価。,
KN0221,肩甲骨内側縁の浮き上がりはScapular Dyskinesisを疑う所見であり、まず肩甲骨の動的な運動パターンを評価する必要がある,C,16,運動器,16,Q222,False,4,1,4,5,5,5,4,1,43,B,TYPE_K Static knowledge → Applied judgment,運動器のassessment_selection。重要度4、Safety1、臨床推論4。別経路での確認価値を評価。,
KN0242,荷重応答期の外的膝屈曲モーメントと大腿四頭筋遠心性収縮,C,15,動作分析学,15,Q243,False,5,1,4,5,5,5,2,1,43,B,TYPE_F Result → Cause,動作分析学のfinding_interpretation。重要度5、Safety1、臨床推論4。別経路での確認価値を評価。,
KN0262,義足が長すぎる場合に生じるvaulting gait,C,15,動作分析学,15,Q263,False,5,1,4,5,5,5,2,1,43,B,TYPE_F Result → Cause,動作分析学のfinding_interpretation。重要度5、Safety1、臨床推論4。別経路での確認価値を評価。,
KN0263,CAM-ICUはICU患者のせん妄を、急性発症・変動、注意障害、意識水準、思考のまとまりなどから評価する,C,17,理学療法評価各論,17,Q264,False,4,1,4,5,5,5,4,1,43,B,TYPE_K Static knowledge → Applied judgment,理学療法評価各論のassessment_selection。重要度4、Safety1、臨床推論4。別経路での確認価値を評価。,
KN0311,前骨間神経麻痺でみられるOKサイン障害,A,1,解剖学,1,Q313,False,4,1,4,5,5,5,4,1,43,B,TYPE_F Result → Cause,解剖学のfinding_interpretation。重要度4、Safety1、臨床推論4。別経路での確認価値を評価。,
KN0314,拘束性換気障害の%VC低下と1秒率保持,A,2,生理学,2,Q316,False,4,1,4,5,5,5,4,1,43,B,TYPE_F Result → Cause,生理学のfinding_interpretation。重要度4、Safety1、臨床推論4。別経路での確認価値を評価。,
KN0316,発熱・アシドーシスによる酸素解離曲線右方移動,A,2,生理学,2,Q318,False,4,1,4,5,5,5,4,1,43,B,TYPE_F Result → Cause,生理学のfinding_interpretation。重要度4、Safety1、臨床推論4。別経路での確認価値を評価。,
KN0323,半月板損傷を確認するMcMurray系徒手検査の選択,C,17,理学療法評価各論,17,Q325,False,4,1,4,5,5,5,4,1,43,B,TYPE_K Static knowledge → Applied judgment,理学療法評価各論のassessment_selection。重要度4、Safety1、臨床推論4。別経路での確認価値を評価。,
KN0324,棘下筋萎縮・外旋筋力低下から肩甲上神経障害を識別する,A,1,解剖学,1,Q326,False,4,1,4,5,5,5,4,1,43,B,TYPE_F Result → Cause,解剖学のfinding_interpretation。重要度4、Safety1、臨床推論4。別経路での確認価値を評価。,
KN0336,下腿義足のpistoningを生じるソケット懸垂不良,C,15,動作分析学,15,Q339,False,5,1,4,5,5,5,2,1,43,B,TYPE_F Result → Cause,動作分析学のfinding_interpretation。重要度5、Safety1、臨床推論4。別経路での確認価値を評価。,
KN0351,気管吸引は時間で一律に行う処置ではなく、気道分泌物の貯留を示す所見に基づいて実施するを評価する,C,17,理学療法評価各論,17,Q354,False,4,1,4,5,5,5,4,1,43,B,TYPE_K Static knowledge → Applied judgment,理学療法評価各論のassessment_selection。重要度4、Safety1、臨床推論4。別経路での確認価値を評価。,
KN0359,遠位脛腓靱帯結合損傷を誘発する外旋ストレス系検査,C,17,理学療法評価各論,17,Q363,False,4,1,4,5,5,5,4,1,43,B,TYPE_K Static knowledge → Applied judgment,理学療法評価各論のassessment_selection。重要度4、Safety1、臨床推論4。別経路での確認価値を評価。,
KN0360,Erb麻痺における腕神経叢上位神経幹障害,A,1,解剖学,1,Q364,False,4,1,4,5,5,5,4,1,43,B,TYPE_F Result → Cause,解剖学のfinding_interpretation。重要度4、Safety1、臨床推論4。別経路での確認価値を評価。,
KN0362,β遮断薬内服時にBorgやATを用いて有酸素運動強度を調整する,B,8,内科学,8,Q367,False,4,1,4,5,5,5,4,1,43,B,TYPE_K Static knowledge → Applied judgment,内科学のassessment_selection。重要度4、Safety1、臨床推論4。別経路での確認価値を評価。,
KN0393,内果後方Tinel徴候から足根管症候群・脛骨神経障害を識別する,A,1,解剖学,1,Q398,False,4,1,4,5,5,5,4,1,43,B,TYPE_F Result → Cause,解剖学のfinding_interpretation。重要度4、Safety1、臨床推論4。別経路での確認価値を評価。,
KN0406,全力疾走を伴う競技復帰では、安静時や低速運動で痛みがないだけでは不十分であるを評価する,C,17,理学療法評価各論,17,Q412,False,4,1,4,5,5,5,4,1,43,B,TYPE_K Static knowledge → Applied judgment,理学療法評価各論のassessment_selection。重要度4、Safety1、臨床推論4。別経路での確認価値を評価。,
KN0410,de Quervain腱鞘炎を誘発するFinkelstein系徒手検査,C,17,理学療法評価各論,17,Q417,False,4,1,4,5,5,5,4,1,43,B,TYPE_K Static knowledge → Applied judgment,理学療法評価各論のassessment_selection。重要度4、Safety1、臨床推論4。別経路での確認価値を評価。,
KN0415,横隔膜が弱いと仰臥位で腹腔内容が横隔膜を頭側へ押し上げ、吸気時の横隔膜下降がさらに制限されるを評価する,C,17,理学療法評価各論,17,Q423,False,4,1,4,5,5,5,4,1,43,B,TYPE_K Static knowledge → Applied judgment,理学療法評価各論のassessment_selection。重要度4、Safety1、臨床推論4。別経路での確認価値を評価。,
KN0437,C6神経根障害の筋力・反射・放散痛所見,A,1,解剖学,1,Q445,False,4,1,4,5,5,5,4,1,43,B,TYPE_F Result → Cause,解剖学のfinding_interpretation。重要度4、Safety1、臨床推論4。別経路での確認価値を評価。,
KN0439,修正Schoberテストは腰仙部に基準点を設定し、体幹前屈による腰椎部の皮膚間距離の増加を測定する検査である,C,17,理学療法評価各論,17,Q447,False,4,1,4,5,5,5,4,1,43,B,TYPE_K Static knowledge → Applied judgment,理学療法評価各論のassessment_selection。重要度4、Safety1、臨床推論4。別経路での確認価値を評価。,
KN0444,痙直型両麻痺のcrouch gaitにおける股・膝屈曲と足関節背屈,C,15,動作分析学,15,Q452,False,5,1,4,5,5,5,2,1,43,B,TYPE_F Result → Cause,動作分析学のfinding_interpretation。重要度5、Safety1、臨床推論4。別経路での確認価値を評価。,
KN0446,Klumpke麻痺に関与するC8-T1神経根,A,1,解剖学,1,Q454,False,4,1,4,5,5,5,4,1,43,B,TYPE_F Result → Cause,解剖学のfinding_interpretation。重要度4、Safety1、臨床推論4。別経路での確認価値を評価。,
KN0447,Cobb角測定に用いる終椎終板線,C,17,理学療法評価各論,17,Q455,False,4,1,4,5,5,5,4,1,43,B,TYPE_K Static knowledge → Applied judgment,理学療法評価各論のassessment_selection。重要度4、Safety1、臨床推論4。別経路での確認価値を評価。,
KN0467,酸素脈VO2/HRから一回拍出量関連の循環応答を解釈,A,2,生理学,2,Q475,False,4,1,4,5,5,5,4,1,43,B,TYPE_F Result → Cause,生理学のfinding_interpretation。重要度4、Safety1、臨床推論4。別経路での確認価値を評価。,
KN0474,lift-offテストは手背を腰部に置き、手を背中から離す動作で肩甲下筋の機能を評価する,C,17,理学療法評価各論,17,Q482,False,4,1,4,5,5,5,4,1,43,B,TYPE_K Static knowledge → Applied judgment,理学療法評価各論のassessment_selection。重要度4、Safety1、臨床推論4。別経路での確認価値を評価。,
KN0475,肩関節屈曲90度・軽度内転位で内旋させて抵抗を加えると疼痛が再現し、外旋位で軽減するのはO'Brienテストの方法であるを評価する,C,17,理学療法評価各論,17,Q483,False,4,1,4,5,5,5,4,1,43,B,TYPE_K Static knowledge → Applied judgment,理学療法評価各論のassessment_selection。重要度4、Safety1、臨床推論4。別経路での確認価値を評価。,
KN0502,を現在の生活習慣から喫煙群と非喫煙群とに分け、喫煙に起因する将来のから病態・機能障害を解釈,A,6,医学概論,6,Q510,False,5,1,4,5,5,5,2,1,43,B,TYPE_F Result → Cause,医学概論のfinding_interpretation。重要度5、Safety1、臨床推論4。別経路での確認価値を評価。,
KN0551,高齢期の社会的孤立リスク,A,4,人間発達学,4,Q559|Q967,False,4,4,2,4,4,5,5,1,43,B,TYPE_A Definition → Case,人間発達学のfact_recall。重要度4、Safety4、臨床推論2。別経路での確認価値を評価。,
KN0565,股関節の可動域を表に示すから病態・機能障害を解釈,C,15,動作分析学,15,Q573,False,5,1,4,5,5,5,2,1,43,B,TYPE_F Result → Cause,動作分析学のfinding_interpretation。重要度5、Safety1、臨床推論4。別経路での確認価値を評価。,
KN0583,端座位で一側の股関節を屈曲する際に抵抗をかけたところ Strümpeから病態・機能障害を解釈,C,15,動作分析学,15,Q591,False,5,1,4,5,5,5,2,1,43,B,TYPE_F Result → Cause,動作分析学のfinding_interpretation。重要度5、Safety1、臨床推論4。別経路での確認価値を評価。,
KN0771,ICF身体構造の評価点が構造障害の程度・性質・部位を表すこと,A,6,医学概論,6,Q779,False,5,1,4,5,5,5,2,1,43,B,TYPE_F Result → Cause,医学概論のfinding_interpretation。重要度5、Safety1、臨床推論4。別経路での確認価値を評価。,
KN0888,三次元歩行分析装置では反射マーカから歩幅、歩行率、関節角度、身体重心推定などを解析できるが、足底圧分布には圧力計測装置が必要であるを評価する,C,15,動作分析学,15,Q897,False,5,1,4,5,5,5,2,1,43,B,TYPE_K Static knowledge → Applied judgment,動作分析学のassessment_selection。重要度5、Safety1、臨床推論4。別経路での確認価値を評価。,
KN1006,脳底動脈からは上小脳動脈と前下小脳動脈などが分岐するを評価する,A,1,解剖学,1,Q1016,False,4,1,4,5,5,5,4,1,43,B,TYPE_K Static knowledge → Applied judgment,解剖学のassessment_selection。重要度4、Safety1、臨床推論4。別経路での確認価値を評価。,
KN0032,術後14週で他動屈曲170°まで可能である一方、自動屈曲は140°にとどまり、終末域では肩甲骨挙上が目立つを評価する,C,13,基礎運動学,13,Q32,False,4,1,4,5,5,5,3,1,42,B,TYPE_K Static knowledge → Applied judgment,基礎運動学のassessment_selection。重要度4、Safety1、臨床推論4。別経路での確認価値を評価。,
KN0208,両側同時刺激で生じる消去現象の識別,B,9,神経医学,9,Q209|Q279,False,5,1,4,4,5,3,5,1,42,B,TYPE_F Result → Cause,神経医学のfinding_interpretation。重要度5、Safety1、臨床推論4。別経路での確認価値を評価。,
KN0210,自動挙上と他動挙上の差から肩甲上腕リズムを評価する,C,13,基礎運動学,13,Q211,False,4,1,4,5,5,5,3,1,42,B,TYPE_K Static knowledge → Applied judgment,基礎運動学のassessment_selection。重要度4、Safety1、臨床推論4。別経路での確認価値を評価。,
KN0279,起立3分以内の収縮期血圧20mmHg低下という起立性低血圧基準,A,2,生理学,2,Q281,False,3,4,2,5,4,5,4,1,42,B,TYPE_A Definition → Case,生理学のfact_recall。重要度3、Safety4、臨床推論2。別経路での確認価値を評価。,
KN0484,乳児の側方保護伸展反応の誘発方法,A,4,人間発達学,4,Q492,False,3,1,4,5,5,5,5,1,42,B,TYPE_K Static knowledge → Applied judgment,人間発達学のassessment_selection。重要度3、Safety1、臨床推論4。別経路での確認価値を評価。,
KN0567,多職種で構成される病院内のカンファレンスに出席する際に、先輩から｢こにおける安全優先判断,A,6,医学概論,6,Q575,False,4,4,2,5,4,5,2,1,42,B,TYPE_A Definition → Case,医学概論のfact_recall。重要度4、Safety4、臨床推論2。別経路での確認価値を評価。,
KN0568,医療機関における患者の個人情報の取扱いで誤っているのはどれかにおける安全優先判断,A,6,医学概論,6,Q576,False,4,4,2,5,4,5,2,1,42,B,TYPE_A Definition → Case,医学概論のfact_recall。重要度4、Safety4、臨床推論2。別経路での確認価値を評価。,
KN0581,生活習慣病には高血圧、脂質異常症、糖尿病、脳卒中など生活習慣と発症・進行が関連する疾患が含まれる,A,6,医学概論,6,Q589,False,4,4,2,5,4,5,2,1,42,B,TYPE_A Definition → Case,医学概論のfact_recall。重要度4、Safety4、臨床推論2。別経路での確認価値を評価。,
KN0666,Bohr効果による酸素解離曲線右方移動,A,2,生理学,2,Q674|Q816,False,4,4,2,4,4,5,4,1,42,B,TYPE_A Definition → Case,生理学のfact_recall。重要度4、Safety4、臨床推論2。別経路での確認価値を評価。,
KN0770,臨床研究倫理・安全性に反する行為を識別する,A,6,医学概論,6,Q778,False,4,4,2,5,4,5,2,1,42,B,TYPE_A Definition → Case,医学概論のfact_recall。重要度4、Safety4、臨床推論2。別経路での確認価値を評価。,
KN0772,インシデントレポートを再発防止・システム改善に用いる安全管理判断,A,6,医学概論,6,Q780,False,4,4,2,5,4,5,2,1,42,B,TYPE_A Definition → Case,医学概論のfact_recall。重要度4、Safety4、臨床推論2。別経路での確認価値を評価。,
KN0794,廃用による骨萎縮の予防には荷重刺激が重要で、FESだけを骨萎縮予防の代表手段とするのは不適切,A,6,医学概論,6,Q802,False,4,4,2,5,4,5,2,1,42,B,TYPE_A Definition → Case,医学概論のfact_recall。重要度4、Safety4、臨床推論2。別経路での確認価値を評価。,
KN1010,体性感覚一次ニューロン細胞体が後根神経節にあること,A,1,解剖学,1,Q1020|Q1142,False,4,4,2,4,4,5,4,1,42,B,TYPE_A Definition → Case,解剖学のfact_recall。重要度4、Safety4、臨床推論2。別経路での確認価値を評価。,
KN1158,膠芽腫はWHO高悪性度の神経膠腫で、浸潤性が強い悪性脳腫瘍,B,7,病理学,7,Q1171,False,5,1,2,5,4,5,5,2,42,B,TYPE_A Definition → Case,病理学のfact_recall。重要度5、Safety1、臨床推論2。別経路での確認価値を評価。,short_question_context
KN1175,錐体路障害では上位運動ニューロン徴候として深部腱反射亢進、病的反射、表在反射消失などを示す,B,9,神経医学,9,Q1188,False,5,1,2,5,4,5,5,2,42,B,TYPE_A Definition → Case,神経医学のfact_recall。重要度5、Safety1、臨床推論2。別経路での確認価値を評価。,short_question_context
KN1185,Heinrichの法則は1件の重大事故の背後に多数の軽微事故・ヒヤリハットが存在するという考え,A,6,医学概論,6,Q1199,False,4,4,2,5,4,5,2,1,42,B,TYPE_A Definition → Case,医学概論のfact_recall。重要度4、Safety4、臨床推論2。別経路での確認価値を評価。,
KN1202,萎縮は細胞・組織の大きさや機能が低下する退行性病変,B,7,病理学,7,Q1216,False,5,1,2,5,4,5,5,2,42,B,TYPE_A Definition → Case,病理学のfact_recall。重要度5、Safety1、臨床推論2。別経路での確認価値を評価。,short_question_context
KN1403,社会生活技能訓練SSTはRobert Libermanらにより精神科リハで体系化された,B,7,病理学,7,Q1428,False,5,1,2,5,4,5,5,2,42,B,TYPE_A Definition → Case,病理学のfact_recall。重要度5、Safety1、臨床推論2。別経路での確認価値を評価。,short_question_context
KN1502,事前に取得データ・リスク等を説明して同意を得て、途中撤回しても不利益がないことを保障する,A,6,医学概論,6,Q1528,False,4,4,2,5,4,5,2,1,42,B,TYPE_A Definition → Case,医学概論のfact_recall。重要度4、Safety4、臨床推論2。別経路での確認価値を評価。,
KN0016,約300mの歩行で右殿部から下腿後面に疼痛としびれが出現し、前屈休息で軽快することから、神経性間欠性跛行が主な活動制限であるを評価する,C,15,動作分析学,15,Q16,False,4,1,4,5,5,5,2,1,41,B,TYPE_K Static knowledge → Applied judgment,動作分析学のassessment_selection。重要度4、Safety1、臨床推論4。別経路での確認価値を評価。,
KN0042,歩行時や会話中に頸部が右回旋し、自力で正中位を保持できない一方、左頬へ触れると姿勢が改善する感覚トリックを認めるを評価する,C,15,動作分析学,15,Q42,False,4,1,4,5,5,5,2,1,41,B,TYPE_K Static knowledge → Applied judgment,動作分析学のassessment_selection。重要度4、Safety1、臨床推論4。別経路での確認価値を評価。,
KN0056,左立脚中期に体幹を左へ傾けるが、骨盤の著明な下降はなく、片脚立位も15秒可能であるを評価する,C,15,動作分析学,15,Q56,False,4,1,4,5,5,5,2,1,41,B,TYPE_K Static knowledge → Applied judgment,動作分析学のassessment_selection。重要度4、Safety1、臨床推論4。別経路での確認価値を評価。,
KN0069,坂道下降の荷重受容能力,C,15,動作分析学,15,Q69,False,4,1,4,5,5,5,2,1,41,B,TYPE_K Static knowledge → Applied judgment,動作分析学のassessment_selection。重要度4、Safety1、臨床推論4。別経路での確認価値を評価。,
KN0072,術後14週で歩行は自立しているが、小走りでは立脚終期の蹴り出しが弱く、片脚つま先立ちは5回で疲労するを評価する,C,15,動作分析学,15,Q72,False,4,1,4,5,5,5,2,1,41,B,TYPE_K Static knowledge → Applied judgment,動作分析学のassessment_selection。重要度4、Safety1、臨床推論4。別経路での確認価値を評価。,
KN0074,歩幅減少と足が床に貼り付いたような歩行に加え、軽度の認知機能低下と尿意切迫を認めており、正常圧水頭症に特徴的な歩行障害が疑われるを評価する,C,15,動作分析学,15,Q74,False,4,1,4,5,5,5,2,1,41,B,TYPE_K Static knowledge → Applied judgment,動作分析学のassessment_selection。重要度4、Safety1、臨床推論4。別経路での確認価値を評価。,
KN0084,坂道の義足アライメント・荷重移動,C,15,動作分析学,15,Q84,False,4,1,4,5,5,5,2,1,41,B,TYPE_K Static knowledge → Applied judgment,動作分析学のassessment_selection。重要度4、Safety1、臨床推論4。別経路での確認価値を評価。,
KN0099,体幹・健側股関節による骨盤制御,C,15,動作分析学,15,Q99,False,4,1,4,5,5,5,2,1,41,B,TYPE_K Static knowledge → Applied judgment,動作分析学のassessment_selection。重要度4、Safety1、臨床推論4。別経路での確認価値を評価。,
KN0137,患側の片脚踵上げは3回で高さが低下し、健側25回との差が大きいを評価する,C,15,動作分析学,15,Q137,False,4,1,4,5,5,5,2,1,41,B,TYPE_K Static knowledge → Applied judgment,動作分析学のassessment_selection。重要度4、Safety1、臨床推論4。別経路での確認価値を評価。,
KN0144,小刻みですり足となり、歩行開始と方向転換に時間を要しているを評価する,C,15,動作分析学,15,Q144,False,4,1,4,5,5,5,2,1,41,B,TYPE_K Static knowledge → Applied judgment,動作分析学のassessment_selection。重要度4、Safety1、臨床推論4。別経路での確認価値を評価。,
KN0146,左荷重応答期に膝屈曲が増大し、そのまま膝折れを認めているを評価する,C,15,動作分析学,15,Q146,False,4,1,4,5,5,5,2,1,41,B,TYPE_K Static knowledge → Applied judgment,動作分析学のassessment_selection。重要度4、Safety1、臨床推論4。別経路での確認価値を評価。,
KN0204,屋内歩行能力や筋力に大きな変化はない一方、夫の死後に買い物や地域サロン参加をやめ、自宅周囲以外へ外出しなくなっているを評価する,C,15,動作分析学,15,Q205,False,4,1,4,5,5,5,2,1,41,B,TYPE_K Static knowledge → Applied judgment,動作分析学のassessment_selection。重要度4、Safety1、臨床推論4。別経路での確認価値を評価。,
KN0226,人工膝関節全置換術後では膝蓋骨の可動性低下が膝関節屈曲制限や疼痛に影響するため、まず膝蓋骨可動性を評価する,C,15,動作分析学,15,Q227,False,4,1,4,5,5,5,2,1,41,B,TYPE_K Static knowledge → Applied judgment,動作分析学のassessment_selection。重要度4、Safety1、臨床推論4。別経路での確認価値を評価。,
KN0248,MDCとMCIDを用いた測定変化の解釈,A,6,医学概論,6,Q249,False,4,1,4,5,5,5,2,1,41,B,TYPE_F Result → Cause,医学概論のfinding_interpretation。重要度4、Safety1、臨床推論4。別経路での確認価値を評価。,
KN0278,便宜抽出による外的妥当性低下,A,6,医学概論,6,Q280,False,4,1,4,5,5,5,2,1,41,B,TYPE_F Result → Cause,医学概論のfinding_interpretation。重要度4、Safety1、臨床推論4。別経路での確認価値を評価。,
KN0357,曝露とアウトカム双方に関連する交絡因子の識別,A,6,医学概論,6,Q360,False,4,1,4,5,5,5,2,1,41,B,TYPE_F Result → Cause,医学概論のfinding_interpretation。重要度4、Safety1、臨床推論4。別経路での確認価値を評価。,
KN0451,Kaplan-Meier曲線で生存率50%に対応する生存期間中央値,A,6,医学概論,6,Q459,False,4,1,4,5,5,5,2,1,41,B,TYPE_F Result → Cause,医学概論のfinding_interpretation。重要度4、Safety1、臨床推論4。別経路での確認価値を評価。,
KN0455,性別による治療効果差としての効果修飾,A,6,医学概論,6,Q463,False,4,1,4,5,5,5,2,1,41,B,TYPE_F Result → Cause,医学概論のfinding_interpretation。重要度4、Safety1、臨床推論4。別経路での確認価値を評価。,
KN0457,最低得点集中による床効果,A,6,医学概論,6,Q465,False,4,1,4,5,5,5,2,1,41,B,TYPE_F Result → Cause,医学概論のfinding_interpretation。重要度4、Safety1、臨床推論4。別経路での確認価値を評価。,
KN0509,静的立位で下腿義足の足部内側が床から浮き上がったから病態・機能障害を解釈,C,18,理学療法治療各論,18,Q517|Q936,False,5,1,4,4,5,3,4,1,41,B,TYPE_F Result → Cause,理学療法治療各論のfinding_interpretation。重要度5、Safety1、臨床推論4。別経路での確認価値を評価。,
KN0513,Parkinson病の主要徴候には安静時振戦、筋強剛、無動・寡動、姿勢反射障害があり、突進現象や歯車様固縮がみられる,B,9,神経医学,9,Q521,False,5,1,2,5,4,5,5,1,41,B,TYPE_A Definition → Case,神経医学のfact_recall。重要度5、Safety1、臨床推論2。別経路での確認価値を評価。,
KN0514,近位筋優位の進行性筋力低下と、脂肪・結合組織増生による下腿三頭筋の仮性肥大が特徴的である,B,11,小児学,11,Q522,False,5,1,2,5,4,5,5,1,41,B,TYPE_A Definition → Case,小児学のfact_recall。重要度5、Safety1、臨床推論2。別経路での確認価値を評価。,
KN0548,神経膠芽腫は悪性度の高い原発性脳腫瘍で、浸潤性が強く予後不良である,B,7,病理学,7,Q556,False,5,1,2,5,4,5,5,1,41,B,TYPE_A Definition → Case,病理学のfact_recall。重要度5、Safety1、臨床推論2。別経路での確認価値を評価。,
KN0549,炎症が長期化し、単核球浸潤と組織破壊に加えて修復反応が並行するため線維化が特徴となる,B,7,病理学,7,Q557,False,5,1,2,5,4,5,5,1,41,B,TYPE_A Definition → Case,病理学のfact_recall。重要度5、Safety1、臨床推論2。別経路での確認価値を評価。,
KN0550,自分が受け入れ難い感情や衝動を他者が持っているとみなす防衛機制は投影である,B,12,臨床心理学,12,Q558,False,5,1,2,5,4,5,5,1,41,B,TYPE_A Definition → Case,臨床心理学のfact_recall。重要度5、Safety1、臨床推論2。別経路での確認価値を評価。,
KN0558,多発性硬化症は中枢神経の炎症性脱髄疾患で、若年成人女性に多く、時間的・空間的多発性を示して再発と寛解を繰り返すことが典型である,B,9,神経医学,9,Q566,False,5,1,2,5,4,5,5,1,41,B,TYPE_A Definition → Case,神経医学のfact_recall。重要度5、Safety1、臨床推論2。別経路での確認価値を評価。,
KN0559,中枢神経の先天奇形とその特徴の組合せの基本事項,B,11,小児学,11,Q567,False,5,1,2,5,4,5,5,1,41,B,TYPE_A Definition → Case,小児学のfact_recall。重要度5、Safety1、臨床推論2。別経路での確認価値を評価。,
KN0562,自閉スペクトラム症は幼児期から特徴が現れ、男児に多い,B,11,小児学,11,Q570,False,5,1,2,5,4,5,5,1,41,B,TYPE_A Definition → Case,小児学のfact_recall。重要度5、Safety1、臨床推論2。別経路での確認価値を評価。,
KN0563,断酒後に振戦、自律神経症状、けいれん発作、重症例では振戦せん妄が出現する,B,10,精神医学,10,Q571,False,5,1,2,5,4,5,5,1,41,B,TYPE_A Definition → Case,精神医学のfact_recall。重要度5、Safety1、臨床推論2。別経路での確認価値を評価。,
KN0564,反復する過食と、体重増加を防ぐ自己誘発性嘔吐や下剤乱用などの代償行動がみられる,B,10,精神医学,10,Q572,False,5,1,2,5,4,5,5,1,41,B,TYPE_A Definition → Case,精神医学のfact_recall。重要度5、Safety1、臨床推論2。別経路での確認価値を評価。,
KN0574,上位・下位運動ニューロン障害により四肢麻痺、舌萎縮、構音・嚥下障害が進行するが、眼球運動は比較的末期まで保たれやすい,B,9,神経医学,9,Q582,False,5,1,2,5,4,5,5,1,41,B,TYPE_A Definition → Case,神経医学のfact_recall。重要度5、Safety1、臨床推論2。別経路での確認価値を評価。,
KN0575,neurapraxiaは軸索の連続性が保たれた一過性の伝導ブロックで、Waller変性を伴わず回復が良好である,B,9,神経医学,9,Q583,False,5,1,2,5,4,5,5,1,41,B,TYPE_A Definition → Case,神経医学のfact_recall。重要度5、Safety1、臨床推論2。別経路での確認価値を評価。,
KN0582,ICFの脳卒中Brief Core Setには活動・参加領域として歩行が含まれるを評価する,A,6,医学概論,6,Q590,False,4,1,4,5,5,5,2,1,41,B,TYPE_K Static knowledge → Applied judgment,医学概論のassessment_selection。重要度4、Safety1、臨床推論4。別経路での確認価値を評価。,
KN0608,疾患と病因・病理学的変化の組合せの基本事項,B,7,病理学,7,Q616,False,5,1,2,5,4,5,5,1,41,B,TYPE_A Definition → Case,病理学のfact_recall。重要度5、Safety1、臨床推論2。別経路での確認価値を評価。,
KN0610,正常な肉芽組織は赤〜鮮紅色で湿潤し、新生毛細血管が豊富なため軽い刺激でも出血しやすい,B,7,病理学,7,Q618,False,5,1,2,5,4,5,5,1,41,B,TYPE_A Definition → Case,病理学のfact_recall。重要度5、Safety1、臨床推論2。別経路での確認価値を評価。,
KN0626,感情や対人関係、自己像の不安定さ、空虚感、衝動性、自傷行為などがみられる,B,10,精神医学,10,Q634,False,5,1,2,5,4,5,5,1,41,B,TYPE_A Definition → Case,精神医学のfact_recall。重要度5、Safety1、臨床推論2。別経路での確認価値を評価。,
KN0632,正常圧水頭症、慢性硬膜下血腫、葉酸・B12欠乏などは可逆性認知症の原因となる,B,10,精神医学,10,Q640,False,5,1,2,5,4,5,5,1,41,B,TYPE_A Definition → Case,精神医学のfact_recall。重要度5、Safety1、臨床推論2。別経路での確認価値を評価。,
KN0638,NIHSSには意識水準・質問・命令など意識状態の評価が含まれる,B,9,神経医学,9,Q646,False,5,1,2,5,4,5,5,1,41,B,TYPE_A Definition → Case,神経医学のfact_recall。重要度5、Safety1、臨床推論2。別経路での確認価値を評価。,
KN0639,UPDRSは精神・認知・気分、ADL、運動機能、治療合併症などを包括的に評価し、姿勢・歩行・ジスキネジアも含む,B,9,神経医学,9,Q647,False,5,1,2,5,4,5,5,1,41,B,TYPE_A Definition → Case,神経医学のfact_recall。重要度5、Safety1、臨床推論2。別経路での確認価値を評価。,
KN0675,A型肝炎ウイルスは慢性肝炎へ移行しにくく、肝細胞癌の主要原因とはならない,B,7,病理学,7,Q683,False,5,1,2,5,4,5,5,1,41,B,TYPE_A Definition → Case,病理学のfact_recall。重要度5、Safety1、臨床推論2。別経路での確認価値を評価。,
KN0677,最大吸気量は1回換気量＋予備吸気量、残気量は全肺気量−肺活量で表される,B,7,病理学,7,Q685,False,5,1,2,5,4,5,5,1,41,B,TYPE_A Definition → Case,病理学のfact_recall。重要度5、Safety1、臨床推論2。別経路での確認価値を評価。,
KN0687,動作緩慢、安静時振戦、自律神経症状として便秘、前駆症状としてREM睡眠行動障害などがみられる,B,9,神経医学,9,Q695,False,5,1,2,5,4,5,5,1,41,B,TYPE_A Definition → Case,神経医学のfact_recall。重要度5、Safety1、臨床推論2。別経路での確認価値を評価。,
KN0689,第54回午前93問は、厚生労働省が1・3・5を正解として扱った問題である,B,7,病理学,7,Q697,False,5,1,2,5,4,5,5,1,41,B,TYPE_A Definition → Case,病理学のfact_recall。重要度5、Safety1、臨床推論2。別経路での確認価値を評価。,
KN0690,熱傷深度ではⅠ度は発赤のみ、浅達性Ⅱ度は湿潤・水疱で強い痛み、深達性Ⅱ度では知覚低下を伴うことがある,B,7,病理学,7,Q698,False,5,1,2,5,4,5,5,1,41,B,TYPE_A Definition → Case,病理学のfact_recall。重要度5、Safety1、臨床推論2。別経路での確認価値を評価。,
KN0691,思考の進行が遅くなり、考えが浮かびにくい「思考制止」がみられる,B,10,精神医学,10,Q699,False,5,1,2,5,4,5,5,1,41,B,TYPE_A Definition → Case,精神医学のfact_recall。重要度5、Safety1、臨床推論2。別経路での確認価値を評価。,
KN0692,アルコール離脱せん妄は断酒後48〜96時間頃に出現しやすく、意識障害、幻視、振戦、自律神経亢進を伴い重症では生命に関わる,B,10,精神医学,10,Q700,False,5,1,2,5,4,5,5,1,41,B,TYPE_A Definition → Case,精神医学のfact_recall。重要度5、Safety1、臨床推論2。別経路での確認価値を評価。,
KN0694,著しいやせがあっても病識に乏しく、肥満への恐怖とボディイメージの歪みを認める,B,10,精神医学,10,Q702,False,5,1,2,5,4,5,5,1,41,B,TYPE_A Definition → Case,精神医学のfact_recall。重要度5、Safety1、臨床推論2。別経路での確認価値を評価。,
KN0743,Ⅰ型アレルギーはIgEを介する即時型過敏反応で、肥満細胞からヒスタミンなどが放出される,B,7,病理学,7,Q751,False,5,1,2,5,4,5,5,1,41,B,TYPE_A Definition → Case,病理学のfact_recall。重要度5、Safety1、臨床推論2。別経路での確認価値を評価。,
KN0744,副腎皮質ステロイドは炎症反応を抑える一方、線維芽細胞増殖やコラーゲン合成を抑制し創傷治癒を遅延させる,B,7,病理学,7,Q752,False,5,1,2,5,4,5,5,1,41,B,TYPE_A Definition → Case,病理学のfact_recall。重要度5、Safety1、臨床推論2。別経路での確認価値を評価。,
KN0746,「少数の事実から、すべて同じ結果になる」と一般化する認知の歪みが極端な一般化である,B,10,精神医学,10,Q754,False,5,1,2,5,4,5,5,1,41,B,TYPE_A Definition → Case,精神医学のfact_recall。重要度5、Safety1、臨床推論2。別経路での確認価値を評価。,
KN0756,下垂体腺腫が視交叉を圧迫すると、交叉する鼻側網膜線維が障害され両耳側半盲を生じる,B,7,病理学,7,Q764,False,5,1,2,5,4,5,5,1,41,B,TYPE_A Definition → Case,病理学のfact_recall。重要度5、Safety1、臨床推論2。別経路での確認価値を評価。,
KN0759,器質性精神障害の急性期では意識・注意が変動し、見当識障害や幻覚を伴うせん妄が最もみられやすい,B,10,精神医学,10,Q767,False,5,1,2,5,4,5,5,1,41,B,TYPE_A Definition → Case,精神医学のfact_recall。重要度5、Safety1、臨床推論2。別経路での確認価値を評価。,
KN0781,筋萎縮、筋力低下、線維束性収縮、腱反射低下などがみられる,B,9,神経医学,9,Q789,False,5,1,2,5,4,5,5,1,41,B,TYPE_A Definition → Case,神経医学のfact_recall。重要度5、Safety1、臨床推論2。別経路での確認価値を評価。,
KN0819,小脳橋角部腫瘍で最も多いのは前庭神経鞘腫（聴神経腫瘍）であるため、5が正しい,B,7,病理学,7,Q828,False,5,1,2,5,4,5,5,1,41,B,TYPE_A Definition → Case,病理学のfact_recall。重要度5、Safety1、臨床推論2。別経路での確認価値を評価。,
KN0820,胃全摘後は食道と小腸を吻合するため胆汁・膵液の逆流による逆流性食道炎を起こしやすい,B,7,病理学,7,Q829,False,5,1,2,5,4,5,5,1,41,B,TYPE_A Definition → Case,病理学のfact_recall。重要度5、Safety1、臨床推論2。別経路での確認価値を評価。,
KN0829,早期の前頭側頭型認知症,B,10,精神医学,10,Q838,False,5,1,2,5,4,5,5,1,41,B,TYPE_A Definition → Case,精神医学のfact_recall。重要度5、Safety1、臨床推論2。別経路での確認価値を評価。,
KN0830,てんかんは病因により特発性と症候性などに分類され、意識障害を伴わない発作もある,B,9,神経医学,9,Q839,False,5,1,2,5,4,5,5,1,41,B,TYPE_A Definition → Case,神経医学のfact_recall。重要度5、Safety1、臨床推論2。別経路での確認価値を評価。,
KN0831,思考途絶が特徴的で、思考の流れが突然遮断され会話が止まる,B,10,精神医学,10,Q840,False,5,1,2,5,4,5,5,1,41,B,TYPE_A Definition → Case,精神医学のfact_recall。重要度5、Safety1、臨床推論2。別経路での確認価値を評価。,
KN0889,筋細胞崩壊によりミオグロビンが血中・尿中へ流出し、尿中ミオグロビンが高値となる,B,7,病理学,7,Q898,False,5,1,2,5,4,5,5,1,41,B,TYPE_A Definition → Case,病理学のfact_recall。重要度5、Safety1、臨床推論2。別経路での確認価値を評価。,
KN0890,悪性腫瘍細胞は一般に核が大きく、核/細胞質比は大きくなる,B,7,病理学,7,Q899,False,5,1,2,5,4,5,5,1,41,B,TYPE_A Definition → Case,病理学のfact_recall。重要度5、Safety1、臨床推論2。別経路での確認価値を評価。,
KN0891,ステロイド長期投与では骨形成抑制・骨吸収亢進により続発性骨粗鬆症を生じやすい,B,7,病理学,7,Q900,False,5,1,2,5,4,5,5,1,41,B,TYPE_A Definition → Case,病理学のfact_recall。重要度5、Safety1、臨床推論2。別経路での確認価値を評価。,
KN0892,海綿状血管腫は良性血管性腫瘍・血管奇形として扱われる,B,7,病理学,7,Q901,False,5,1,2,5,4,5,5,1,41,B,TYPE_A Definition → Case,病理学のfact_recall。重要度5、Safety1、臨床推論2。別経路での確認価値を評価。,
KN0895,内田・クレペリン精神検査は連続加算作業の作業曲線から性格・行動特性、作業態度などをみる,B,12,臨床心理学,12,Q904,False,5,1,2,5,4,5,5,1,41,B,TYPE_A Definition → Case,臨床心理学のfact_recall。重要度5、Safety1、臨床推論2。別経路での確認価値を評価。,
KN0909,てんかん関連の精神症状として粘着性、爆発性、不機嫌状態、もうろう状態などが知られる,B,9,神経医学,9,Q918,False,5,1,2,5,4,5,5,1,41,B,TYPE_A Definition → Case,神経医学のfact_recall。重要度5、Safety1、臨床推論2。別経路での確認価値を評価。,
KN0924,発話が非流暢で自発言語が障害される一方、理解は比較的保たれる,B,9,神経医学,9,Q933,False,5,1,2,5,4,5,5,1,41,B,TYPE_A Definition → Case,神経医学のfact_recall。重要度5、Safety1、臨床推論2。別経路での確認価値を評価。,
KN0931,間質性肺炎が重篤な合併症で、とくに急速進行型は主要死因となる,B,7,病理学,7,Q940,False,5,1,2,5,4,5,5,1,41,B,TYPE_A Definition → Case,病理学のfact_recall。重要度5、Safety1、臨床推論2。別経路での確認価値を評価。,
KN0954,機能的イレウスは機械的閉塞がなく腸蠕動が低下する麻痺性イレウスなどで、長期臥床は原因となりうる,B,7,病理学,7,Q963,False,5,1,2,5,4,5,5,1,41,B,TYPE_A Definition → Case,病理学のfact_recall。重要度5、Safety1、臨床推論2。別経路での確認価値を評価。,
KN0955,記憶過程は記銘（符号化）、保持、想起からなる,B,7,病理学,7,Q964,False,5,1,2,5,4,5,5,1,41,B,TYPE_A Definition → Case,病理学のfact_recall。重要度5、Safety1、臨床推論2。別経路での確認価値を評価。,
KN0961,悪性リンパ腫はリンパ球を発生母体とする悪性腫瘍である,B,7,病理学,7,Q971,False,5,1,2,5,4,5,5,1,41,B,TYPE_A Definition → Case,病理学のfact_recall。重要度5、Safety1、臨床推論2。別経路での確認価値を評価。,
KN0967,遠城寺式発達検査では1歳6か月までに『お菓子の包み紙を取って食べる』ような社会性・手の運動を獲得する,B,11,小児学,11,Q977,False,5,1,2,5,4,5,5,1,41,B,TYPE_A Definition → Case,小児学のfact_recall。重要度5、Safety1、臨床推論2。別経路での確認価値を評価。,
KN0984,SF-36による健康関連QOLの8下位尺度評価,C,17,理学療法評価各論,17,Q994|Q1310,False,5,1,4,4,5,3,4,1,41,B,TYPE_K Static knowledge → Applied judgment,理学療法評価各論のassessment_selection。重要度5、Safety1、臨床推論4。別経路での確認価値を評価。,
KN0991,屈筋優位の共同運動が出やすく、肘屈曲姿勢をとることが多い,B,9,神経医学,9,Q1001,False,5,1,2,5,4,5,5,1,41,B,TYPE_A Definition → Case,神経医学のfact_recall。重要度5、Safety1、臨床推論2。別経路での確認価値を評価。,
KN1026,急性期の著明な血管透過性亢進や浮腫より、組織破壊・線維化・血管新生後の毛細血管退縮など修復性変化が目立つ,B,7,病理学,7,Q1036,False,5,1,2,5,4,5,5,1,41,B,TYPE_A Definition → Case,病理学のfact_recall。重要度5、Safety1、臨床推論2。別経路での確認価値を評価。,
KN1027,ボツリヌス毒素は運動神経終末でアセチルコリン放出を阻害し、神経筋伝達を抑制して痙縮を軽減する,C,14,臨床運動学,14,Q1037,False,5,1,2,5,4,5,5,1,41,B,TYPE_A Definition → Case,臨床運動学のfact_recall。重要度5、Safety1、臨床推論2。別経路での確認価値を評価。,
KN1028,抗コリン作用では口渇、便秘、尿閉、せん妄などが起こり得る一方、唾液分泌は低下するため流涎は生じにくい,B,7,病理学,7,Q1038,False,5,1,2,5,4,5,5,1,41,B,TYPE_A Definition → Case,病理学のfact_recall。重要度5、Safety1、臨床推論2。別経路での確認価値を評価。,
KN1030,抑圧・合理化・反動形成・スプリッティングは防衛機制として扱われるが、転移は治療関係で感情を治療者へ向ける現象で、防衛機制とは区別される,B,12,臨床心理学,12,Q1040,False,5,1,2,5,4,5,5,1,41,B,TYPE_A Definition → Case,臨床心理学のfact_recall。重要度5、Safety1、臨床推論2。別経路での確認価値を評価。,
KN1035,炎症と原因の組合せ,B,7,病理学,7,Q1045,False,5,1,2,5,4,5,5,1,41,B,TYPE_A Definition → Case,病理学のfact_recall。重要度5、Safety1、臨床推論2。別経路での確認価値を評価。,
KN1056,患者は麻痺側へ傾き、非麻痺側上下肢で支持面を押す,B,9,神経医学,9,Q1066,False,5,1,2,5,4,5,5,1,41,B,TYPE_A Definition → Case,神経医学のfact_recall。重要度5、Safety1、臨床推論2。別経路での確認価値を評価。,
KN1081,異形成は細胞の大きさ・形態・配列などに異常を生じる進行性変化で、前癌病変として扱われる,B,7,病理学,7,Q1092,False,5,1,2,5,4,5,5,1,41,B,TYPE_A Definition → Case,病理学のfact_recall。重要度5、Safety1、臨床推論2。別経路での確認価値を評価。,
KN1083,記憶と関係部位の組合せ,B,7,病理学,7,Q1094,False,5,1,2,5,4,5,5,1,41,B,TYPE_A Definition → Case,病理学のfact_recall。重要度5、Safety1、臨床推論2。別経路での確認価値を評価。,
KN1086,MMPIとYG性格検査はいずれも質問項目への回答から人格傾向を評価する質問紙法である,B,12,臨床心理学,12,Q1097,False,5,1,2,5,4,5,5,1,41,B,TYPE_A Definition → Case,臨床心理学のfact_recall。重要度5、Safety1、臨床推論2。別経路での確認価値を評価。,
KN1097,Jackson発作は焦点性運動発作で、意識が保たれたまま局所の間代運動が拡大することがある,B,9,神経医学,9,Q1108,False,5,1,2,5,4,5,5,1,41,B,TYPE_A Definition → Case,神経医学のfact_recall。重要度5、Safety1、臨床推論2。別経路での確認価値を評価。,
KN1114,深達性Ⅱ度熱傷では真皮深層まで損傷し、神経終末も障害されるため痛覚が鈍麻することがある,B,7,病理学,7,Q1125,False,5,1,2,5,4,5,5,1,41,B,TYPE_A Definition → Case,病理学のfact_recall。重要度5、Safety1、臨床推論2。別経路での確認価値を評価。,
KN1146,骨髄は造血細胞が常に盛んに増殖・分化しており、再生能力が非常に高い,B,7,病理学,7,Q1159,False,5,1,2,5,4,5,5,1,41,B,TYPE_A Definition → Case,病理学のfact_recall。重要度5、Safety1、臨床推論2。別経路での確認価値を評価。,
KN1147,前立腺癌は骨、特に脊椎・骨盤などへの転移を起こしやすい代表的腫瘍,B,7,病理学,7,Q1160,False,5,1,2,5,4,5,5,1,41,B,TYPE_A Definition → Case,病理学のfact_recall。重要度5、Safety1、臨床推論2。別経路での確認価値を評価。,
KN1150,受け入れ難い欲求と正反対の態度・行動を強く示して不安を処理する防衛機制が反動形成,B,12,臨床心理学,12,Q1163,False,5,1,2,5,4,5,5,1,41,B,TYPE_A Definition → Case,臨床心理学のfact_recall。重要度5、Safety1、臨床推論2。別経路での確認価値を評価。,
KN1163,家族が問題行動を肩代わりし依存を維持させるenablerとなり、共依存が問題になる,B,10,精神医学,10,Q1176,False,5,1,2,5,4,5,5,1,41,B,TYPE_A Definition → Case,精神医学のfact_recall。重要度5、Safety1、臨床推論2。別経路での確認価値を評価。,
KN1164,統合失調症では家族の批判・敵意・情緒的過干渉が強い高EE環境で再発率が高くなる,B,10,精神医学,10,Q1177,False,5,1,2,5,4,5,5,1,41,B,TYPE_A Definition → Case,精神医学のfact_recall。重要度5、Safety1、臨床推論2。別経路での確認価値を評価。,
KN1203,胃全摘後は内因子が失われ、回腸でのビタミンB12吸収が障害されるため巨赤芽球性貧血を生じる,B,7,病理学,7,Q1217,False,5,1,2,5,4,5,5,1,41,B,TYPE_A Definition → Case,病理学のfact_recall。重要度5、Safety1、臨床推論2。別経路での確認価値を評価。,
KN1204,Guillain-Barré症候群は末梢神経の炎症性脱髄性ニューロパチーとして発症することが多い,B,9,神経医学,9,Q1218,False,5,1,2,5,4,5,5,1,41,B,TYPE_A Definition → Case,神経医学のfact_recall。重要度5、Safety1、臨床推論2。別経路での確認価値を評価。,
KN1205,感情や欲動から距離を置き、抽象的・理論的に分析して処理する防衛機制が知性化,B,12,臨床心理学,12,Q1219,False,5,1,2,5,4,5,5,1,41,B,TYPE_A Definition → Case,臨床心理学のfact_recall。重要度5、Safety1、臨床推論2。別経路での確認価値を評価。,
KN1219,精神運動興奮、昏迷、拒絶、常同など意志・運動面の異常が前景に立つ,B,10,精神医学,10,Q1234,False,5,1,2,5,4,5,5,1,41,B,TYPE_A Definition → Case,精神医学のfact_recall。重要度5、Safety1、臨床推論2。別経路での確認価値を評価。,
KN1231,骨盤帯近位筋から筋力低下が進行し、床から立つ際にGowers徴候を示す,B,11,小児学,11,Q1246,False,5,1,2,5,4,5,5,1,41,B,TYPE_A Definition → Case,小児学のfact_recall。重要度5、Safety1、臨床推論2。別経路での確認価値を評価。,
KN1232,広範囲Ⅲ度熱傷直後は毛細血管透過性亢進により大量の血漿成分が間質へ移動し、著明な浮腫を生じやすい,B,7,病理学,7,Q1247,False,5,1,2,5,4,5,5,1,41,B,TYPE_A Definition → Case,病理学のfact_recall。重要度5、Safety1、臨床推論2。別経路での確認価値を評価。,
KN1258,喫煙に含まれる多数の化学物質は組織障害や発癌に関与するため、化学的病因に分類される,B,7,病理学,7,Q1274,False,5,1,2,5,4,5,5,1,41,B,TYPE_A Definition → Case,病理学のfact_recall。重要度5、Safety1、臨床推論2。別経路での確認価値を評価。,
KN1259,悪性腫瘍は周囲組織へ境界を越えて浸潤性に増殖する,B,7,病理学,7,Q1275,False,5,1,2,5,4,5,5,1,41,B,TYPE_A Definition → Case,病理学のfact_recall。重要度5、Safety1、臨床推論2。別経路での確認価値を評価。,
KN1264,痙縮は上位運動ニューロン障害で出現する,C,14,臨床運動学,14,Q1280,False,5,1,2,5,4,5,5,1,41,B,TYPE_A Definition → Case,臨床運動学のfact_recall。重要度5、Safety1、臨床推論2。別経路での確認価値を評価。,
KN1266,ICFの参加を表す生活場面情報を選択する,A,6,医学概論,6,Q1282,False,4,1,4,5,5,5,2,1,41,B,TYPE_K Static knowledge → Applied judgment,医学概論のassessment_selection。重要度4、Safety1、臨床推論4。別経路での確認価値を評価。,
KN1285,Parkinson 病,B,9,神経医学,9,Q1302,False,5,1,2,5,4,5,5,1,41,B,TYPE_A Definition → Case,神経医学のfact_recall。重要度5、Safety1、臨床推論2。別経路での確認価値を評価。,
KN1286,上位・下位運動ニューロン障害が混在し、筋萎縮は手など四肢遠位から目立つ型がある,B,9,神経医学,9,Q1303,False,5,1,2,5,4,5,5,1,41,B,TYPE_A Definition → Case,神経医学のfact_recall。重要度5、Safety1、臨床推論2。別経路での確認価値を評価。,
KN1304,アスベストは吸入により肺線維症や悪性中皮腫などを生じる化学的有害因子,B,7,病理学,7,Q1324,False,5,1,2,5,4,5,5,1,41,B,TYPE_A Definition → Case,病理学のfact_recall。重要度5、Safety1、臨床推論2。別経路での確認価値を評価。,
KN1305,血管拡張により末梢血管抵抗が低下する分布異常性ショックとなる,B,7,病理学,7,Q1325,False,5,1,2,5,4,5,5,1,41,B,TYPE_A Definition → Case,病理学のfact_recall。重要度5、Safety1、臨床推論2。別経路での確認価値を評価。,
KN1306,咳やくしゃみなど腹圧上昇時に膀胱内圧が尿道閉鎖圧を上回って漏れるのが腹圧性尿失禁,B,7,病理学,7,Q1326,False,5,1,2,5,4,5,5,1,41,B,TYPE_A Definition → Case,病理学のfact_recall。重要度5、Safety1、臨床推論2。別経路での確認価値を評価。,
KN1313,具体的で反復する幻視が初期からみられやすい,B,10,精神医学,10,Q1333,False,5,1,2,5,4,5,5,1,41,B,TYPE_A Definition → Case,精神医学のfact_recall。重要度5、Safety1、臨床推論2。別経路での確認価値を評価。,
KN1314,全般性不安障害は女性に多く、過剰な不安・心配が慢性的に続き、自律神経症状や他の精神疾患の併存も多い,B,10,精神医学,10,Q1334,False,5,1,2,5,4,5,5,1,41,B,TYPE_A Definition → Case,精神医学のfact_recall。重要度5、Safety1、臨床推論2。別経路での確認価値を評価。,
KN1330,痙直型脳性麻痺の陽性徴候は痙縮や共同運動など異常な運動パターンの出現,B,11,小児学,11,Q1350,False,5,1,2,5,4,5,5,1,41,B,TYPE_A Definition → Case,小児学のfact_recall。重要度5、Safety1、臨床推論2。別経路での確認価値を評価。,
KN1339,C線維は無髄で最も細く伝導速度が遅い,B,9,神経医学,9,Q1360,False,5,1,2,5,4,5,5,1,41,B,TYPE_A Definition → Case,神経医学のfact_recall。重要度5、Safety1、臨床推論2。別経路での確認価値を評価。,
KN1345,優位半球下前頭回の損傷でBroca失語、運動関連領域の障害で肢節運動失行などが生じうる,B,7,病理学,7,Q1368,False,5,1,2,5,4,5,5,1,41,B,TYPE_A Definition → Case,病理学のfact_recall。重要度5、Safety1、臨床推論2。別経路での確認価値を評価。,
KN1346,アポトーシスは個々の細胞が散在性に縮小・断片化して除去され、周囲に強い炎症を起こしにくい,B,7,病理学,7,Q1369,False,5,1,2,5,4,5,5,1,41,B,TYPE_A Definition → Case,病理学のfact_recall。重要度5、Safety1、臨床推論2。別経路での確認価値を評価。,
KN1347,受け入れ難い願望・思考を無意識に意識外へ押し込むのが抑圧,B,12,臨床心理学,12,Q1370,False,5,1,2,5,4,5,5,1,41,B,TYPE_A Definition → Case,臨床心理学のfact_recall。重要度5、Safety1、臨床推論2。別経路での確認価値を評価。,
KN1351,抗てんかん薬では傾眠・めまい・複視など中枢神経副作用や肝機能障害は比較的みられる,B,9,神経医学,9,Q1374,False,5,1,2,5,4,5,5,1,41,B,TYPE_A Definition → Case,神経医学のfact_recall。重要度5、Safety1、臨床推論2。別経路での確認価値を評価。,
KN1357,前立腺癌は造骨性転移が多い,B,7,病理学,7,Q1380,False,5,1,2,5,4,5,5,1,41,B,TYPE_A Definition → Case,病理学のfact_recall。重要度5、Safety1、臨床推論2。別経路での確認価値を評価。,
KN1358,せん妄は急性・変動性の注意・認知障害で、高齢は重要な危険因子,B,10,精神医学,10,Q1381,False,5,1,2,5,4,5,5,1,41,B,TYPE_A Definition → Case,精神医学のfact_recall。重要度5、Safety1、臨床推論2。別経路での確認価値を評価。,
KN1359,統合失調症の陰性症状には意欲低下、感情平板化、社会的引きこもり、思考・発語の貧困などがある,B,10,精神医学,10,Q1382,False,5,1,2,5,4,5,5,1,41,B,TYPE_A Definition → Case,精神医学のfact_recall。重要度5、Safety1、臨床推論2。別経路での確認価値を評価。,
KN1360,自閉スペクトラム症で、他者の手を道具のように使って目的物へ導く行動はクレーン現象,B,10,精神医学,10,Q1383,False,5,1,2,5,4,5,5,1,41,B,TYPE_A Definition → Case,精神医学のfact_recall。重要度5、Safety1、臨床推論2。別経路での確認価値を評価。,
KN1361,振戦せん妄はアルコール離脱の重症型で、ベンゾジアゼピン系薬が第一選択,B,10,精神医学,10,Q1384,False,5,1,2,5,4,5,5,1,41,B,TYPE_A Definition → Case,精神医学のfact_recall。重要度5、Safety1、臨床推論2。別経路での確認価値を評価。,
KN1381,小脳梗塞では眼振と運動失調が代表的,B,9,神経医学,9,Q1405,False,5,1,2,5,4,5,5,1,41,B,TYPE_A Definition → Case,神経医学のfact_recall。重要度5、Safety1、臨床推論2。別経路での確認価値を評価。,
KN1401,修復反応として血管新生と線維化が進む,B,7,病理学,7,Q1426,False,5,1,2,5,4,5,5,1,41,B,TYPE_A Definition → Case,病理学のfact_recall。重要度5、Safety1、臨床推論2。別経路での確認価値を評価。,
KN1402,細胞・核の異型性が強く、浸潤性で境界不明瞭,B,7,病理学,7,Q1427,False,5,1,2,5,4,5,5,1,41,B,TYPE_A Definition → Case,病理学のfact_recall。重要度5、Safety1、臨床推論2。別経路での確認価値を評価。,
KN1415,成人でⅡ度20%程度の広範囲熱傷では循環血漿量低下に備え初期輸液を行う,B,7,病理学,7,Q1440,False,5,1,2,5,4,5,5,1,41,B,TYPE_A Definition → Case,病理学のfact_recall。重要度5、Safety1、臨床推論2。別経路での確認価値を評価。,
KN1416,ビタミンB1欠乏などからKorsakoff症候群を残すことがある,B,10,精神医学,10,Q1441,False,5,1,2,5,4,5,5,1,41,B,TYPE_A Definition → Case,精神医学のfact_recall。重要度5、Safety1、臨床推論2。別経路での確認価値を評価。,
KN1417,統合失調症の前駆期には、自生思考などの基礎症状・主観的体験がみられることがある,B,10,精神医学,10,Q1442,False,5,1,2,5,4,5,5,1,41,B,TYPE_A Definition → Case,精神医学のfact_recall。重要度5、Safety1、臨床推論2。別経路での確認価値を評価。,
KN1419,社会的相互作用や非言語的情動表現に困難があり、表情変化が乏しいことがある,B,10,精神医学,10,Q1444,False,5,1,2,5,4,5,5,1,41,B,TYPE_A Definition → Case,精神医学のfact_recall。重要度5、Safety1、臨床推論2。別経路での確認価値を評価。,
KN1467,壊疽は循環障害・壊死の結果で、急性炎症の五徴候には含まれない,B,7,病理学,7,Q1492,False,5,1,2,5,4,5,5,1,41,B,TYPE_A Definition → Case,病理学のfact_recall。重要度5、Safety1、臨床推論2。別経路での確認価値を評価。,
KN1468,心理療法の目的は陽性転移を生じさせることではなく、転移を理解・解釈して葛藤を扱うこと,B,7,病理学,7,Q1493,False,5,1,2,5,4,5,5,1,41,B,TYPE_A Definition → Case,病理学のfact_recall。重要度5、Safety1、臨床推論2。別経路での確認価値を評価。,
KN1472,ドパミン前駆体L-dopaが主要治療薬,B,9,神経医学,9,Q1497,False,5,1,2,5,4,5,5,1,41,B,TYPE_A Definition → Case,神経医学のfact_recall。重要度5、Safety1、臨床推論2。別経路での確認価値を評価。,
KN1523,交感神経性血管収縮により末梢血管抵抗が上昇する,B,7,病理学,7,Q1549,False,5,1,2,5,4,5,5,1,41,B,TYPE_A Definition → Case,病理学のfact_recall。重要度5、Safety1、臨床推論2。別経路での確認価値を評価。,
KN1524,社会的に受容されにくい欲動をスポーツなど価値ある活動へ転換する防衛機制が昇華,B,12,臨床心理学,12,Q1550,False,5,1,2,5,4,5,5,1,41,B,TYPE_A Definition → Case,臨床心理学のfact_recall。重要度5、Safety1、臨床推論2。別経路での確認価値を評価。,
KN1534,アテトーゼ型脳性麻痺では持続的で不規則な不随意運動が特徴,B,9,神経医学,9,Q1560,False,5,1,2,5,4,5,5,1,41,B,TYPE_A Definition → Case,神経医学のfact_recall。重要度5、Safety1、臨床推論2。別経路での確認価値を評価。,
KN1537,抑うつ症状を併存することがあり、国家試験対策では1を正答とする,B,10,精神医学,10,Q1563,False,5,1,2,5,4,5,5,1,41,B,TYPE_A Definition → Case,精神医学のfact_recall。重要度5、Safety1、臨床推論2。別経路での確認価値を評価。,
KN0230,NNTの計算と絶対リスク減少の関係,A,6,医学概論,6,Q231,False,3,4,2,5,4,5,2,1,40,C,TYPE_A Definition → Case,医学概論のfact_recall。重要度3、Safety4、臨床推論2。別経路での確認価値を評価。,
KN0293,曝露群と非曝露群の発症割合からリスク比を算出する,A,6,医学概論,6,Q295,False,3,4,2,5,4,5,2,1,40,C,TYPE_A Definition → Case,医学概論のfact_recall。重要度3、Safety4、臨床推論2。別経路での確認価値を評価。,
KN0370,症例対照研究で用いるオッズ比,A,6,医学概論,6,Q375,False,3,4,2,5,4,5,2,1,40,C,TYPE_A Definition → Case,医学概論のfact_recall。重要度3、Safety4、臨床推論2。別経路での確認価値を評価。,
KN0493,Daniels らの徒手筋力テストの特徴,C,17,理学療法評価各論,17,Q501,False,5,1,2,5,4,5,4,1,40,C,TYPE_A Definition → Case,理学療法評価各論のfact_recall。重要度5、Safety1、臨床推論2。別経路での確認価値を評価。,
KN0501,アンマスキングは、もともと存在していたが抑制されていた神経回路が、障害後に抑制解除されて機能を示す現象である,C,18,理学療法治療各論,18,Q509,False,5,1,2,5,4,5,4,1,40,C,TYPE_A Definition → Case,理学療法治療各論のfact_recall。重要度5、Safety1、臨床推論2。別経路での確認価値を評価。,
KN0504,フレイルの説明の基本事項,C,18,理学療法治療各論,18,Q512,False,5,1,2,5,4,5,4,1,40,C,TYPE_A Definition → Case,理学療法治療各論のfact_recall。重要度5、Safety1、臨床推論2。別経路での確認価値を評価。,
KN0506,延髄には舌下神経核があり、舌の運動を担う舌下神経機能が障害されやすい,C,18,理学療法治療各論,18,Q514,False,5,1,2,5,4,5,4,1,40,C,TYPE_A Definition → Case,理学療法治療各論のfact_recall。重要度5、Safety1、臨床推論2。別経路での確認価値を評価。,
KN0511,鵞足は縫工筋、薄筋、半腱様筋の腱が脛骨近位内側に付着して形成される,C,18,理学療法治療各論,18,Q519,False,5,1,2,5,4,5,4,1,40,C,TYPE_A Definition → Case,理学療法治療各論のfact_recall。重要度5、Safety1、臨床推論2。別経路での確認価値を評価。,
KN0515,うっ血性心不全の典型所見,B,8,内科学,8,Q523,False,5,1,2,5,4,5,4,1,40,C,TYPE_A Definition → Case,内科学のfact_recall。重要度5、Safety1、臨床推論2。別経路での確認価値を評価。,
KN0556,上腕骨外側上顆炎の特徴,C,16,運動器,16,Q564,False,5,1,2,5,4,5,4,1,40,C,TYPE_A Definition → Case,運動器のfact_recall。重要度5、Safety1、臨床推論2。別経路での確認価値を評価。,
KN0557,福山型筋ジストロフィーは先天性筋ジストロフィーで乳児期早期から症状がみられ、選択肢中で平均発症年齢が最も低い,B,8,内科学,8,Q565,False,5,1,2,5,4,5,4,1,40,C,TYPE_A Definition → Case,内科学のfact_recall。重要度5、Safety1、臨床推論2。別経路での確認価値を評価。,
KN0561,内分泌異常と病態の組合せの基本事項,B,8,内科学,8,Q569,False,5,1,2,5,4,5,4,1,40,C,TYPE_A Definition → Case,内科学のfact_recall。重要度5、Safety1、臨床推論2。別経路での確認価値を評価。,
KN0569,重心が前方へ移り、足関節戦略で後方へ戻すため腓腹筋など足関節底屈筋が早期に活動する,C,18,理学療法治療各論,18,Q577,False,5,1,2,5,4,5,4,1,40,C,TYPE_A Definition → Case,理学療法治療各論のfact_recall。重要度5、Safety1、臨床推論2。別経路での確認価値を評価。,
KN0570,高強度運動で疲労が進むと解糖系への依存が高まり、乳酸と水素イオンが増加する,C,18,理学療法治療各論,18,Q578,False,5,1,2,5,4,5,4,1,40,C,TYPE_A Definition → Case,理学療法治療各論のfact_recall。重要度5、Safety1、臨床推論2。別経路での確認価値を評価。,
KN0571,ムコ多糖類が皮下に蓄積する粘液水腫を生じ、圧迫しても圧痕を残しにくい非圧痕性浮腫となる,C,18,理学療法治療各論,18,Q579,False,5,1,2,5,4,5,4,1,40,C,TYPE_A Definition → Case,理学療法治療各論のfact_recall。重要度5、Safety1、臨床推論2。別経路での確認価値を評価。,
KN0576,水中運動療法の生理作用には水圧、浮力、粘性抵抗、熱伝導などが関与する,C,18,理学療法治療各論,18,Q584,False,5,1,2,5,4,5,4,1,40,C,TYPE_A Definition → Case,理学療法治療各論のfact_recall。重要度5、Safety1、臨床推論2。別経路での確認価値を評価。,
KN0598,体静脈系うっ血により頸静脈怒張、肝脾腫、末梢浮腫などがみられる,B,8,内科学,8,Q606,False,5,1,2,5,4,5,4,1,40,C,TYPE_A Definition → Case,内科学のfact_recall。重要度5、Safety1、臨床推論2。別経路での確認価値を評価。,
KN0614,老研式活動能力指標の手段的自立には公共交通機関の利用、買物、食事準備、金銭管理などが含まれる,C,18,理学療法治療各論,18,Q622,False,5,1,2,5,4,5,4,1,40,C,TYPE_A Definition → Case,理学療法治療各論のfact_recall。重要度5、Safety1、臨床推論2。別経路での確認価値を評価。,
KN0617,Huntington病は常染色体優性遺伝で家族性発症が基本である,B,8,内科学,8,Q625,False,5,1,2,5,4,5,4,1,40,C,TYPE_A Definition → Case,内科学のfact_recall。重要度5、Safety1、臨床推論2。別経路での確認価値を評価。,
KN0618,重症筋無力症は神経筋接合部のアセチルコリン受容体などに対する自己抗体による自己免疫疾患で、易疲労性と日内変動を示す,B,8,内科学,8,Q626,False,5,1,2,5,4,5,4,1,40,C,TYPE_A Definition → Case,内科学のfact_recall。重要度5、Safety1、臨床推論2。別経路での確認価値を評価。,
KN0619,眼疾患とその病態の組合せの基本事項,B,8,内科学,8,Q627,False,5,1,2,5,4,5,4,1,40,C,TYPE_A Definition → Case,内科学のfact_recall。重要度5、Safety1、臨床推論2。別経路での確認価値を評価。,
KN0620,10 か月の正常児の典型所見,B,8,内科学,8,Q628,False,5,1,2,5,4,5,4,1,40,C,TYPE_A Definition → Case,内科学のfact_recall。重要度5、Safety1、臨床推論2。別経路での確認価値を評価。,
KN0622,血友病は凝固因子欠乏により関節内出血を反復し、膝・足・肘などに血友病性関節症を生じる,B,8,内科学,8,Q630,False,5,1,2,5,4,5,4,1,40,C,TYPE_A Definition → Case,内科学のfact_recall。重要度5、Safety1、臨床推論2。別経路での確認価値を評価。,
KN0625,脳内βアミロイド沈着による老人斑と、リン酸化tauによる神経原線維変化が代表的病理所見である,B,8,内科学,8,Q633,False,5,1,2,5,4,5,4,1,40,C,TYPE_A Definition → Case,内科学のfact_recall。重要度5、Safety1、臨床推論2。別経路での確認価値を評価。,
KN0630,SOAPは問題志向型診療記録で、Sは主観情報、Oは客観情報、Aは評価・解釈、Pは今後の計画を記載する,C,18,理学療法治療各論,18,Q638,False,5,1,2,5,4,5,4,1,40,C,TYPE_A Definition → Case,理学療法治療各論のfact_recall。重要度5、Safety1、臨床推論2。別経路での確認価値を評価。,
KN0631,Daniels法の肘関節伸展MMTでは、段階5で肘をわずかに屈曲させた位置から伸展保持させ、前腕遠位へ屈曲方向の抵抗を加える,C,17,理学療法評価各論,17,Q639,False,5,1,2,5,4,5,4,1,40,C,TYPE_A Definition → Case,理学療法評価各論のfact_recall。重要度5、Safety1、臨床推論2。別経路での確認価値を評価。,
KN0634,Steinbrockerのclass分類は関節リウマチ患者の機能障害を、身の回り動作・職業活動・余暇活動の可否から4段階に分類する,C,16,運動器,16,Q642,False,5,1,2,5,4,5,4,1,40,C,TYPE_A Definition → Case,運動器のfact_recall。重要度5、Safety1、臨床推論2。別経路での確認価値を評価。,
KN0640,GMFMは脳性麻痺児などの粗大運動能力を測定する尺度で、項目は健常5歳児であれば達成可能な粗大運動課題から構成される,C,18,理学療法治療各論,18,Q648,False,5,1,2,5,4,5,4,1,40,C,TYPE_A Definition → Case,理学療法治療各論のfact_recall。重要度5、Safety1、臨床推論2。別経路での確認価値を評価。,
KN0642,、設定した運動速度に近い速度域で筋力増強効果が最も大きくなる「速度特異性」がある,C,18,理学療法治療各論,18,Q650,False,5,1,2,5,4,5,4,1,40,C,TYPE_A Definition → Case,理学療法治療各論のfact_recall。重要度5、Safety1、臨床推論2。別経路での確認価値を評価。,
KN0644,動脈血酸素飽和度がほぼ保たれるため、動脈血酸素含量は大きく変化しない,C,18,理学療法治療各論,18,Q652,False,5,1,2,5,4,5,4,1,40,C,TYPE_A Definition → Case,理学療法治療各論のfact_recall。重要度5、Safety1、臨床推論2。別経路での確認価値を評価。,
KN0650,下肢動脈狭窄により冷感、しびれ、間欠性跛行、重症例では安静時痛を生じる,B,8,内科学,8,Q658,False,5,1,2,5,4,5,4,1,40,C,TYPE_A Definition → Case,内科学のfact_recall。重要度5、Safety1、臨床推論2。別経路での確認価値を評価。,
KN0651,長期不動による廃用では筋量・筋力低下が進み、活動低下を原因とする二次性サルコペニアを生じうる,C,18,理学療法治療各論,18,Q659,False,5,1,2,5,4,5,4,1,40,C,TYPE_A Definition → Case,理学療法治療各論のfact_recall。重要度5、Safety1、臨床推論2。別経路での確認価値を評価。,
KN0683,"Turner症候群は45,X、Klinefelter症候群は47,XXYなど性染色体数的異常で発症する",B,8,内科学,8,Q691,False,5,1,2,5,4,5,4,1,40,C,TYPE_A Definition → Case,内科学のfact_recall。重要度5、Safety1、臨床推論2。別経路での確認価値を評価。,
KN0685,帯状疱疹では水痘・帯状疱疹ウイルスが神経節で再活性化し、片側の皮節に沿う疼痛と発疹を生じる,B,8,内科学,8,Q693,False,5,1,2,5,4,5,4,1,40,C,TYPE_A Definition → Case,内科学のfact_recall。重要度5、Safety1、臨床推論2。別経路での確認価値を評価。,
KN0693,REM睡眠行動障害ではREM睡眠中の筋弛緩が失われ、夢内容に一致した発声や四肢運動が出現する,B,8,内科学,8,Q701,False,5,1,2,5,4,5,4,1,40,C,TYPE_A Definition → Case,内科学のfact_recall。重要度5、Safety1、臨床推論2。別経路での確認価値を評価。,
KN0701,継続的な持久力運動では脂質代謝が改善し、中性脂肪が低下する,C,18,理学療法治療各論,18,Q709,False,5,1,2,5,4,5,4,1,40,C,TYPE_A Definition → Case,理学療法治療各論のfact_recall。重要度5、Safety1、臨床推論2。別経路での確認価値を評価。,
KN0702,Gonda反射は第4趾を下方へ強く牽引し、Oppenheim反射は脛骨内縁を上から下へ擦る,C,18,理学療法治療各論,18,Q710,False,5,1,2,5,4,5,4,1,40,C,TYPE_A Definition → Case,理学療法治療各論のfact_recall。重要度5、Safety1、臨床推論2。別経路での確認価値を評価。,
KN0705,NRSは痛みの強さを数値で自己評価する順序尺度で、通常0〜10の11段階を用いる,C,18,理学療法治療各論,18,Q713,False,5,1,2,5,4,5,4,1,40,C,TYPE_A Definition → Case,理学療法治療各論のfact_recall。重要度5、Safety1、臨床推論2。別経路での確認価値を評価。,
KN0709,関節リウマチでは前足部変形として外反母趾とともに小趾側の内反変形がみられる,C,16,運動器,16,Q717,False,5,1,2,5,4,5,4,1,40,C,TYPE_A Definition → Case,運動器のfact_recall。重要度5、Safety1、臨床推論2。別経路での確認価値を評価。,
KN0710,Kienböck病は月状骨への血流障害により無腐性壊死を生じる疾患である,C,18,理学療法治療各論,18,Q718,False,5,1,2,5,4,5,4,1,40,C,TYPE_A Definition → Case,理学療法治療各論のfact_recall。重要度5、Safety1、臨床推論2。別経路での確認価値を評価。,
KN0713,前頭葉・側頭葉優位の限局性萎縮が特徴で、人格変化や脱抑制、言語症状などが目立つ,C,18,理学療法治療各論,18,Q721,False,5,1,2,5,4,5,4,1,40,C,TYPE_A Definition → Case,理学療法治療各論のfact_recall。重要度5、Safety1、臨床推論2。別経路での確認価値を評価。,
KN0719,多発性筋炎では近位筋優位の筋力低下を生じ、間質性肺炎を合併すると重症化し予後不良因子となる,C,18,理学療法治療各論,18,Q727,False,5,1,2,5,4,5,4,1,40,C,TYPE_A Definition → Case,理学療法治療各論のfact_recall。重要度5、Safety1、臨床推論2。別経路での確認価値を評価。,
KN0749,感覚刺激低下などから記銘力低下を生じうる,B,8,内科学,8,Q757,False,5,1,2,5,4,5,4,1,40,C,TYPE_A Definition → Case,内科学のfact_recall。重要度5、Safety1、臨床推論2。別経路での確認価値を評価。,
KN0753,骨肉腫は若年者の長管骨骨幹端、特に膝周囲に好発し、血行性に肺転移しやすい,B,8,内科学,8,Q761,False,5,1,2,5,4,5,4,1,40,C,TYPE_A Definition → Case,内科学のfact_recall。重要度5、Safety1、臨床推論2。別経路での確認価値を評価。,
KN0757,溶血性貧血では赤血球破壊が亢進するため、骨髄は代償性に赤血球産生を増やす,B,8,内科学,8,Q765,False,5,1,2,5,4,5,4,1,40,C,TYPE_A Definition → Case,内科学のfact_recall。重要度5、Safety1、臨床推論2。別経路での確認価値を評価。,
KN0774,日本整形外科学会・日本リハビリテーション医学会の参考可動域では股関節伸展15°が基準値である,C,17,理学療法評価各論,17,Q782,False,5,1,2,5,4,5,4,1,40,C,TYPE_A Definition → Case,理学療法評価各論のfact_recall。重要度5、Safety1、臨床推論2。別経路での確認価値を評価。,
KN0778,荷重開始時の疼痛や動作開始時痛がみられ、進行すると大腿四頭筋萎縮を伴う,C,16,運動器,16,Q786,False,5,1,2,5,4,5,4,1,40,C,TYPE_A Definition → Case,運動器のfact_recall。重要度5、Safety1、臨床推論2。別経路での確認価値を評価。,
KN0779,Froment徴候は尺骨神経麻痺で母指内転筋が弱く、紙をつまむ際に長母指屈筋で代償して母指IP関節が屈曲する徴候である,C,17,理学療法評価各論,17,Q787,False,5,1,2,5,4,5,4,1,40,C,TYPE_A Definition → Case,理学療法評価各論のfact_recall。重要度5、Safety1、臨床推論2。別経路での確認価値を評価。,
KN0786,寒冷療法の作用,C,18,理学療法治療各論,18,Q794,False,5,1,2,5,4,5,4,1,40,C,TYPE_A Definition → Case,理学療法治療各論のfact_recall。重要度5、Safety1、臨床推論2。別経路での確認価値を評価。,
KN0788,慢性心不全に対する適切な運動療法は、運動耐容能とQOLを改善し、交感神経過活動を抑える方向に働く,C,18,理学療法治療各論,18,Q796,False,5,1,2,5,4,5,4,1,40,C,TYPE_A Definition → Case,理学療法治療各論のfact_recall。重要度5、Safety1、臨床推論2。別経路での確認価値を評価。,
KN0822,線条体は大脳基底核の一部で、障害により不随意運動や運動調節障害を生じる,B,8,内科学,8,Q831,False,5,1,2,5,4,5,4,1,40,C,TYPE_A Definition → Case,内科学のfact_recall。重要度5、Safety1、臨床推論2。別経路での確認価値を評価。,
KN0825,視床痛では中枢性疼痛としてアロディニアがみられ、非侵害刺激でも強い痛みを感じることがある,B,8,内科学,8,Q834,False,5,1,2,5,4,5,4,1,40,C,TYPE_A Definition → Case,内科学のfact_recall。重要度5、Safety1、臨床推論2。別経路での確認価値を評価。,
KN0827,squeezingは呼気に合わせて胸郭を圧迫し、呼気流速を高めて排痰を促す手技である,C,18,理学療法治療各論,18,Q836,False,5,1,2,5,4,5,4,1,40,C,TYPE_A Definition → Case,理学療法治療各論のfact_recall。重要度5、Safety1、臨床推論2。別経路での確認価値を評価。,
KN0828,日本の食道癌は男性に多く、胸部中部食道に好発し、組織型は扁平上皮癌が多い,B,8,内科学,8,Q837,False,5,1,2,5,4,5,4,1,40,C,TYPE_A Definition → Case,内科学のfact_recall。重要度5、Safety1、臨床推論2。別経路での確認価値を評価。,
KN0832,境界性パーソナリティ障害では見捨てられることへの強い不安があり、対人関係が不安定になりやすい,B,8,内科学,8,Q841,False,5,1,2,5,4,5,4,1,40,C,TYPE_A Definition → Case,内科学のfact_recall。重要度5、Safety1、臨床推論2。別経路での確認価値を評価。,
KN0833,睡眠相後退症候群は体内時計の位相が遅れ、入眠・覚醒時刻が社会的時刻より後方へずれる概日リズム睡眠障害である,B,8,内科学,8,Q842,False,5,1,2,5,4,5,4,1,40,C,TYPE_A Definition → Case,内科学のfact_recall。重要度5、Safety1、臨床推論2。別経路での確認価値を評価。,
KN0834,選択肢内容から本問の疾患はPerthes病を指すと判断する,C,17,理学療法評価各論,17,Q843,False,5,1,2,5,4,5,4,1,40,C,TYPE_A Definition → Case,理学療法評価各論のfact_recall。重要度5、Safety1、臨床推論2。別経路での確認価値を評価。,
KN0840,棘果長は上前腸骨棘から内果までを測定する,C,17,理学療法評価各論,17,Q849,False,5,1,2,5,4,5,4,1,40,C,TYPE_A Definition → Case,理学療法評価各論のfact_recall。重要度5、Safety1、臨床推論2。別経路での確認価値を評価。,
KN0842,多発性硬化症は中枢神経の錐体路障害を起こし、上位運動ニューロン徴候として腱反射亢進や病的反射を示す,C,18,理学療法治療各論,18,Q851,False,5,1,2,5,4,5,4,1,40,C,TYPE_A Definition → Case,理学療法治療各論のfact_recall。重要度5、Safety1、臨床推論2。別経路での確認価値を評価。,
KN0843,、後脛骨筋の段階2は重力の影響を除いた条件で足部の内反・底屈方向の運動を評価する,C,17,理学療法評価各論,17,Q852,False,5,1,2,5,4,5,4,1,40,C,TYPE_A Definition → Case,理学療法評価各論のfact_recall。重要度5、Safety1、臨床推論2。別経路での確認価値を評価。,
KN0844,TUGは椅子座位から立ち上がり3m歩行し方向転換して戻り、再び背もたれに座るまでの時間を測る,C,17,理学療法評価各論,17,Q853,False,5,1,2,5,4,5,4,1,40,C,TYPE_A Definition → Case,理学療法評価各論のfact_recall。重要度5、Safety1、臨床推論2。別経路での確認価値を評価。,
KN0848,Spurlingテストは頸部を伸展・側屈し軸圧を加えて上肢放散痛を誘発し、頸椎神経根障害を評価する,C,17,理学療法評価各論,17,Q857,False,5,1,2,5,4,5,4,1,40,C,TYPE_A Definition → Case,理学療法評価各論のfact_recall。重要度5、Safety1、臨床推論2。別経路での確認価値を評価。,
KN0849,共同運動パターンが随意的に可能となり、肩関節内転・肘関節伸展・前腕回内は伸展共同運動に含まれる,C,17,理学療法評価各論,17,Q858,False,5,1,2,5,4,5,4,1,40,C,TYPE_A Definition → Case,理学療法評価各論のfact_recall。重要度5、Safety1、臨床推論2。別経路での確認価値を評価。,
KN0850,多系統萎縮症にはShy-Drager症候群とオリーブ橋小脳萎縮症が含まれる,C,18,理学療法治療各論,18,Q859,False,5,1,2,5,4,5,4,1,40,C,TYPE_A Definition → Case,理学療法治療各論のfact_recall。重要度5、Safety1、臨床推論2。別経路での確認価値を評価。,
KN0851,甲状腺機能亢進症では甲状腺中毒性ミオパチーを生じ、近位筋力低下を呈することがある,C,18,理学療法治療各論,18,Q860,False,5,1,2,5,4,5,4,1,40,C,TYPE_A Definition → Case,理学療法治療各論のfact_recall。重要度5、Safety1、臨床推論2。別経路での確認価値を評価。,
KN0854,ランプ負荷では酸素摂取量は仕事率の増加にほぼ比例して直線的に増加し、最大付近までその関係が明瞭,C,18,理学療法治療各論,18,Q863,False,5,1,2,5,4,5,4,1,40,C,TYPE_A Definition → Case,理学療法治療各論のfact_recall。重要度5、Safety1、臨床推論2。別経路での確認価値を評価。,
KN0864,訪問リハビリテーション,C,18,理学療法治療各論,18,Q873,False,5,1,2,5,4,5,4,1,40,C,TYPE_A Definition → Case,理学療法治療各論のfact_recall。重要度5、Safety1、臨床推論2。別経路での確認価値を評価。,
KN0896,幻肢は切断端より遠位、特に手指・足趾など末梢部を明確に感じやすい,B,8,内科学,8,Q905,False,5,1,2,5,4,5,4,1,40,C,TYPE_A Definition → Case,内科学のfact_recall。重要度5、Safety1、臨床推論2。別経路での確認価値を評価。,
KN0902,筋強直性ジストロフィー,B,8,内科学,8,Q911,False,5,1,2,5,4,5,4,1,40,C,TYPE_A Definition → Case,内科学のfact_recall。重要度5、Safety1、臨床推論2。別経路での確認価値を評価。,
KN0903,左室から右室への左右シャントが生じ、肺循環血流量が増加する,B,8,内科学,8,Q912,False,5,1,2,5,4,5,4,1,40,C,TYPE_A Definition → Case,内科学のfact_recall。重要度5、Safety1、臨床推論2。別経路での確認価値を評価。,
KN0904,血友病では凝固因子欠乏により深部出血、特に関節内出血が高頻度に起こる,B,8,内科学,8,Q913,False,5,1,2,5,4,5,4,1,40,C,TYPE_A Definition → Case,内科学のfact_recall。重要度5、Safety1、臨床推論2。別経路での確認価値を評価。,
KN0905,多発性骨髄腫では骨融解により高カルシウム血症を生じやすい,B,8,内科学,8,Q914,False,5,1,2,5,4,5,4,1,40,C,TYPE_A Definition → Case,内科学のfact_recall。重要度5、Safety1、臨床推論2。別経路での確認価値を評価。,
KN0906,骨粗鬆症の原因,C,16,運動器,16,Q915,False,5,1,2,5,4,5,4,1,40,C,TYPE_A Definition → Case,運動器のfact_recall。重要度5、Safety1、臨床推論2。別経路での確認価値を評価。,
KN0915,聴覚路は内側膝状体を経て側頭葉上側頭回の一次聴覚野へ至る,C,18,理学療法治療各論,18,Q924,False,5,1,2,5,4,5,4,1,40,C,TYPE_A Definition → Case,理学療法治療各論のfact_recall。重要度5、Safety1、臨床推論2。別経路での確認価値を評価。,
KN0918,四肢長計測では上腕長に上腕骨外側上顆、下肢長に大転子など明確な骨指標を用いる,C,18,理学療法治療各論,18,Q927,False,5,1,2,5,4,5,4,1,40,C,TYPE_A Definition → Case,理学療法治療各論のfact_recall。重要度5、Safety1、臨床推論2。別経路での確認価値を評価。,
KN0920,GMFMではItem Mapを用いて現在能力と次に獲得しうる粗大運動項目を検討できる,C,18,理学療法治療各論,18,Q929,False,5,1,2,5,4,5,4,1,40,C,TYPE_A Definition → Case,理学療法治療各論のfact_recall。重要度5、Safety1、臨床推論2。別経路での確認価値を評価。,
KN0923,小脳歯状核は運動の協調・調節に関与し、障害で協調運動障害が生じる,C,18,理学療法治療各論,18,Q932,False,5,1,2,5,4,5,4,1,40,C,TYPE_A Definition → Case,理学療法治療各論のfact_recall。重要度5、Safety1、臨床推論2。別経路での確認価値を評価。,
KN0928,疑核・嚥下中枢障害により咽頭期嚥下障害を生じ、食道入口部開大不全が起こりやすい,C,17,理学療法評価各論,17,Q937,False,5,1,2,5,4,5,4,1,40,C,TYPE_A Definition → Case,理学療法評価各論のfact_recall。重要度5、Safety1、臨床推論2。別経路での確認価値を評価。,
KN0958,Tinel徴候は末梢神経の障害・再生部位を叩打して末梢へ放散するしびれを誘発する徴候で、手根管症候群で正中神経上を叩いて陽性となる,B,8,内科学,8,Q968,False,5,1,2,5,4,5,4,1,40,C,TYPE_A Definition → Case,内科学のfact_recall。重要度5、Safety1、臨床推論2。別経路での確認価値を評価。,
KN0959,C7神経根は上腕三頭筋腱反射と関連し、後根障害でも求心路が障害され反射が低下する,B,8,内科学,8,Q969,False,5,1,2,5,4,5,4,1,40,C,TYPE_A Definition → Case,内科学のfact_recall。重要度5、Safety1、臨床推論2。別経路での確認価値を評価。,
KN0960,Chopart関節離断では背屈筋の付着が失われ、底屈・内反筋が優位となって尖足内反変形を生じやすい,B,8,内科学,8,Q970,False,5,1,2,5,4,5,4,1,40,C,TYPE_A Definition → Case,内科学のfact_recall。重要度5、Safety1、臨床推論2。別経路での確認価値を評価。,
KN0963,視床痛は脳卒中後中枢性疼痛の一型で、通常の鎮痛薬が効きにくいことが多い,B,8,内科学,8,Q973,False,5,1,2,5,4,5,4,1,40,C,TYPE_A Definition → Case,内科学のfact_recall。重要度5、Safety1、臨床推論2。別経路での確認価値を評価。,
KN0965,疾患と遺伝形式の組合せ,B,8,内科学,8,Q975,False,5,1,2,5,4,5,4,1,40,C,TYPE_A Definition → Case,内科学のfact_recall。重要度5、Safety1、臨床推論2。別経路での確認価値を評価。,
KN0969,de Quervain病は第1背側区画を通る長母指外転筋腱と短母指伸筋腱の腱鞘炎,B,8,内科学,8,Q979,False,5,1,2,5,4,5,4,1,40,C,TYPE_A Definition → Case,内科学のfact_recall。重要度5、Safety1、臨床推論2。別経路での確認価値を評価。,
KN0970,神経線維腫症1型ではカフェオレ斑、神経線維腫など皮膚所見が特徴で、知的障害を伴うこともある,B,8,内科学,8,Q980,False,5,1,2,5,4,5,4,1,40,C,TYPE_A Definition → Case,内科学のfact_recall。重要度5、Safety1、臨床推論2。別経路での確認価値を評価。,
KN0971,曝露反応妨害法は強迫観念を誘発する刺激へ段階的に曝露し、強迫行為を行わない練習をする,B,8,内科学,8,Q981,False,5,1,2,5,4,5,4,1,40,C,TYPE_A Definition → Case,内科学のfact_recall。重要度5、Safety1、臨床推論2。別経路での確認価値を評価。,
KN0980,対応のない3群で連続変数が非正規分布なら、ノンパラメトリックなKruskal-Wallis検定を用いる,C,18,理学療法治療各論,18,Q990,False,5,1,2,5,4,5,4,1,40,C,TYPE_A Definition → Case,理学療法治療各論のfact_recall。重要度5、Safety1、臨床推論2。別経路での確認価値を評価。,
KN0981,小脳は運動のタイミングや誤差修正に関与し、随意運動を円滑・協調的にする,C,18,理学療法治療各論,18,Q991,False,5,1,2,5,4,5,4,1,40,C,TYPE_A Definition → Case,理学療法治療各論のfact_recall。重要度5、Safety1、臨床推論2。別経路での確認価値を評価。,
KN0983,CRPS type IIは明確な末梢神経損傷を伴う点がtype Iとの大きな違いで、神経伝導検査異常を認め得る,C,16,運動器,16,Q993,False,5,1,2,5,4,5,4,1,40,C,TYPE_A Definition → Case,運動器のfact_recall。重要度5、Safety1、臨床推論2。別経路での確認価値を評価。,
KN0989,家計管理と洗濯は手段的ADL（IADL）に含まれる,C,18,理学療法治療各論,18,Q999,False,5,1,2,5,4,5,4,1,40,C,TYPE_A Definition → Case,理学療法治療各論のfact_recall。重要度5、Safety1、臨床推論2。別経路での確認価値を評価。,
KN0990,脇当てを体幹側面へ安定させるため肩関節内転に働く大胸筋などが関与する,C,18,理学療法治療各論,18,Q1000,False,5,1,2,5,4,5,4,1,40,C,TYPE_A Definition → Case,理学療法治療各論のfact_recall。重要度5、Safety1、臨床推論2。別経路での確認価値を評価。,
KN0993,Guillain-Barré症候群は急性の弛緩性麻痺と腱反射低下を特徴とし、日本では欧米より軸索型の割合が高いとされる,C,18,理学療法治療各論,18,Q1003,False,5,1,2,5,4,5,4,1,40,C,TYPE_A Definition → Case,理学療法治療各論のfact_recall。重要度5、Safety1、臨床推論2。別経路での確認価値を評価。,
KN0995,Codman体操は肩関節の疼痛を抑えながら可動性を保つ振り子運動、McKenzie体操は脊柱の反復運動で可動性改善を図る,C,18,理学療法治療各論,18,Q1005,False,5,1,2,5,4,5,4,1,40,C,TYPE_A Definition → Case,理学療法治療各論のfact_recall。重要度5、Safety1、臨床推論2。別経路での確認価値を評価。,
KN1025,B型肝炎ウイルスは肝細胞癌、ヒトパピローマウイルスは子宮頸癌と関連する,B,8,内科学,8,Q1035,False,5,1,2,5,4,5,4,1,40,C,TYPE_A Definition → Case,内科学のfact_recall。重要度5、Safety1、臨床推論2。別経路での確認価値を評価。,
KN1033,Landau反応は中脳レベルの立ち直り反応として扱われ、Moro・Galant・ATNRなどはより低位の原始反射である,B,8,内科学,8,Q1043,False,5,1,2,5,4,5,4,1,40,C,TYPE_A Definition → Case,内科学のfact_recall。重要度5、Safety1、臨床推論2。別経路での確認価値を評価。,
KN1034,一次性変形性関節症ではPIP関節のBouchard結節とDIP関節のHeberden結節が典型,C,16,運動器,16,Q1044,False,5,1,2,5,4,5,4,1,40,C,TYPE_A Definition → Case,運動器のfact_recall。重要度5、Safety1、臨床推論2。別経路での確認価値を評価。,
KN1036,吸気終末の捻髪音（fine crackles）が典型的,B,8,内科学,8,Q1046,False,5,1,2,5,4,5,4,1,40,C,TYPE_A Definition → Case,内科学のfact_recall。重要度5、Safety1、臨床推論2。別経路での確認価値を評価。,
KN1038,強迫性パーソナリティ障害と反社会性パーソナリティ障害は男性に多い傾向がある,B,8,内科学,8,Q1048,False,5,1,2,5,4,5,4,1,40,C,TYPE_A Definition → Case,内科学のfact_recall。重要度5、Safety1、臨床推論2。別経路での確認価値を評価。,
KN1040,感情のコントロール低下から情動失禁を認めることがある,B,8,内科学,8,Q1050,False,5,1,2,5,4,5,4,1,40,C,TYPE_A Definition → Case,内科学のfact_recall。重要度5、Safety1、臨床推論2。別経路での確認価値を評価。,
KN1045,黒質緻密部のドパミン作動性ニューロンは線条体へ投射する,C,18,理学療法治療各論,18,Q1055,False,5,1,2,5,4,5,4,1,40,C,TYPE_A Definition → Case,理学療法治療各論のfact_recall。重要度5、Safety1、臨床推論2。別経路での確認価値を評価。,
KN1047,振戦は規則的・律動的な不随意運動,C,18,理学療法治療各論,18,Q1057,False,5,1,2,5,4,5,4,1,40,C,TYPE_A Definition → Case,理学療法治療各論のfact_recall。重要度5、Safety1、臨床推論2。別経路での確認価値を評価。,
KN1053,NIHSSは急性期脳卒中の神経学的重症度を、意識、注視、視野、顔面麻痺、上下肢運動、感覚、言語などで評価する,C,17,理学療法評価各論,17,Q1063,False,5,1,2,5,4,5,4,1,40,C,TYPE_A Definition → Case,理学療法評価各論のfact_recall。重要度5、Safety1、臨床推論2。別経路での確認価値を評価。,
KN1058,残存運動ニューロンの過負荷・脱落により運動単位数が減少し、新たな筋力低下や疲労、疼痛が生じ得る,C,18,理学療法治療各論,18,Q1068,False,5,1,2,5,4,5,4,1,40,C,TYPE_A Definition → Case,理学療法治療各論のfact_recall。重要度5、Safety1、臨床推論2。別経路での確認価値を評価。,
KN1089,前骨間神経も後骨間神経も運動枝で、皮膚知覚領域をもたないため感覚障害を生じないことが共通する,B,8,内科学,8,Q1100,False,5,1,2,5,4,5,4,1,40,C,TYPE_A Definition → Case,内科学のfact_recall。重要度5、Safety1、臨床推論2。別経路での確認価値を評価。,
KN1091,FIMには認知項目として社会的交流があり、更衣は上半身と下半身に分けて採点する,C,17,理学療法評価各論,17,Q1102,False,5,1,2,5,4,5,4,1,40,C,TYPE_A Definition → Case,理学療法評価各論のfact_recall。重要度5、Safety1、臨床推論2。別経路での確認価値を評価。,
KN1092,軽い日常動作でも発生する,B,8,内科学,8,Q1103,False,5,1,2,5,4,5,4,1,40,C,TYPE_A Definition → Case,内科学のfact_recall。重要度5、Safety1、臨床推論2。別経路での確認価値を評価。,
KN1100,筋弛緩作用によるふらつき・運動失調、持ち越し効果、依存などに注意する,B,8,内科学,8,Q1111,False,5,1,2,5,4,5,4,1,40,C,TYPE_A Definition → Case,内科学のfact_recall。重要度5、Safety1、臨床推論2。別経路での確認価値を評価。,
KN1105,Gowers徴候は骨盤帯・大腿近位筋の筋力低下で、床から立つ際に手で大腿をよじ登る動作,C,18,理学療法治療各論,18,Q1116,False,5,1,2,5,4,5,4,1,40,C,TYPE_A Definition → Case,理学療法治療各論のfact_recall。重要度5、Safety1、臨床推論2。別経路での確認価値を評価。,
KN1107,遠位部が固定されず自由に動く,C,18,理学療法治療各論,18,Q1118,False,5,1,2,5,4,5,4,1,40,C,TYPE_A Definition → Case,理学療法治療各論のfact_recall。重要度5、Safety1、臨床推論2。別経路での確認価値を評価。,
KN1109,正中神経と尺骨神経の境界が環指中央付近にあり、環指の橈側半分を正中、尺側半分を尺骨神経が支配する,C,18,理学療法治療各論,18,Q1120,False,5,1,2,5,4,5,4,1,40,C,TYPE_A Definition → Case,理学療法治療各論のfact_recall。重要度5、Safety1、臨床推論2。別経路での確認価値を評価。,
KN1111,Freiberg病は中足骨頭の無腐性壊死で、特に第2中足骨頭に好発する,C,17,理学療法評価各論,17,Q1122,False,5,1,2,5,4,5,4,1,40,C,TYPE_A Definition → Case,理学療法評価各論のfact_recall。重要度5、Safety1、臨床推論2。別経路での確認価値を評価。,
KN1153,DDSTⅡで乳幼児の4領域の発達をスクリーニングする,A,4,人間発達学,4,Q1166,False,4,1,2,5,4,5,5,2,40,C,TYPE_A Definition → Case,人間発達学のfact_recall。重要度4、Safety1、臨床推論2。別経路での確認価値を評価。,short_question_context
KN1155,神経性間欠性跛行が特徴で、腰椎屈曲で症状が軽減し、伸展で増悪しやすい,C,16,運動器,16,Q1168,False,5,1,2,5,4,5,4,1,40,C,TYPE_A Definition → Case,運動器のfact_recall。重要度5、Safety1、臨床推論2。別経路での確認価値を評価。,
KN1157,視床痛は脳卒中後中枢性疼痛で、灼熱感、締めつけ、アロディニアなど神経障害性疼痛を呈する,B,8,内科学,8,Q1170,False,5,1,2,5,4,5,4,1,40,C,TYPE_A Definition → Case,内科学のfact_recall。重要度5、Safety1、臨床推論2。別経路での確認価値を評価。,
KN1159,原発性自然気胸は若年・やせ型・高身長の男性に多く、再発も少なくない,B,8,内科学,8,Q1172,False,5,1,2,5,4,5,4,1,40,C,TYPE_A Definition → Case,内科学のfact_recall。重要度5、Safety1、臨床推論2。別経路での確認価値を評価。,
KN1160,糸球体基底膜肥厚や糸球体硬化が進み、末期腎不全へ至る,B,8,内科学,8,Q1173,False,5,1,2,5,4,5,4,1,40,C,TYPE_A Definition → Case,内科学のfact_recall。重要度5、Safety1、臨床推論2。別経路での確認価値を評価。,
KN1162,PTH低下により低カルシウム血症となり、神経筋興奮性が高まってテタニーを生じる,B,8,内科学,8,Q1175,False,5,1,2,5,4,5,4,1,40,C,TYPE_A Definition → Case,内科学のfact_recall。重要度5、Safety1、臨床推論2。別経路での確認価値を評価。,
KN1165,Down症候群とネコ鳴き症候群はいずれも染色体異常で、知的障害を伴うことが多い,B,8,内科学,8,Q1178,False,5,1,2,5,4,5,4,1,40,C,TYPE_A Definition → Case,内科学のfact_recall。重要度5、Safety1、臨床推論2。別経路での確認価値を評価。,
KN1172,IADLは買物、調理、掃除、金銭管理、交通機関利用など生活を自立して営むための手段的活動,C,18,理学療法治療各論,18,Q1185,False,5,1,2,5,4,5,4,1,40,C,TYPE_A Definition → Case,理学療法治療各論のfact_recall。重要度5、Safety1、臨床推論2。別経路での確認価値を評価。,
KN1173,ラジオ体操第1は全身を連続して動かす運動で、約4METs程度の中等度活動に相当する,C,18,理学療法治療各論,18,Q1186,False,5,1,2,5,4,5,4,1,40,C,TYPE_A Definition → Case,理学療法治療各論のfact_recall。重要度5、Safety1、臨床推論2。別経路での確認価値を評価。,
KN1180,2010 ACR/EULAR分類基準は関節病変、血清学的検査、急性期反応物質、症状持続期間から点数化する,C,16,運動器,16,Q1194,False,5,1,2,5,4,5,4,1,40,C,TYPE_A Definition → Case,運動器のfact_recall。重要度5、Safety1、臨床推論2。別経路での確認価値を評価。,
KN1183,中等度有酸素運動では活動筋の血管拡張により総末梢血管抵抗が低下する,C,18,理学療法治療各論,18,Q1197,False,5,1,2,5,4,5,4,1,40,C,TYPE_A Definition → Case,理学療法治療各論のfact_recall。重要度5、Safety1、臨床推論2。別経路での確認価値を評価。,
KN1184,腹圧性尿失禁は咳・くしゃみ・跳躍など腹圧上昇時に漏れ、骨盤底筋訓練が第一選択の保存療法として有効,C,18,理学療法治療各論,18,Q1198,False,5,1,2,5,4,5,4,1,40,C,TYPE_A Definition → Case,理学療法治療各論のfact_recall。重要度5、Safety1、臨床推論2。別経路での確認価値を評価。,
KN1213,Perthes病は小児の大腿骨頭骨端への血流障害による無腐性壊死で、片側性が多い,B,8,内科学,8,Q1228,False,5,1,2,5,4,5,4,1,40,C,TYPE_A Definition → Case,内科学のfact_recall。重要度5、Safety1、臨床推論2。別経路での確認価値を評価。,
KN1216,肝不全では門脈圧亢進や低アルブミン血症により腹水が貯留する,B,8,内科学,8,Q1231,False,5,1,2,5,4,5,4,1,40,C,TYPE_A Definition → Case,内科学のfact_recall。重要度5、Safety1、臨床推論2。別経路での確認価値を評価。,
KN1225,重力を除去した肢位で膝伸展・膝屈曲を評価するため、両者とも側臥位など同じ重力除去肢位となる,C,17,理学療法評価各論,17,Q1240,False,5,1,2,5,4,5,4,1,40,C,TYPE_A Definition → Case,理学療法評価各論のfact_recall。重要度5、Safety1、臨床推論2。別経路での確認価値を評価。,
KN1226,GCSのE2は疼痛刺激で開眼する,C,17,理学療法評価各論,17,Q1241,False,5,1,2,5,4,5,4,1,40,C,TYPE_A Definition → Case,理学療法評価各論のfact_recall。重要度5、Safety1、臨床推論2。別経路での確認価値を評価。,
KN1228,膝蓋腱、脛骨内側面、腓腹筋部など耐圧部で荷重し、脛骨稜・粗面・末端など骨突出部は除圧する,C,18,理学療法治療各論,18,Q1243,False,5,1,2,5,4,5,4,1,40,C,TYPE_A Definition → Case,理学療法治療各論のfact_recall。重要度5、Safety1、臨床推論2。別経路での確認価値を評価。,
KN1230,、立位で股関節伸展位を保ちながら膝だけを屈曲する、より分離した運動が可能になる,C,17,理学療法評価各論,17,Q1245,False,5,1,2,5,4,5,4,1,40,C,TYPE_A Definition → Case,理学療法評価各論のfact_recall。重要度5、Safety1、臨床推論2。別経路での確認価値を評価。,
KN1234,温度変化に対する神経線維の影響は線維径や髄鞘の有無で異なり、薄い有髄線維であるAδ線維は無髄C線維より伝導速度変化の影響を受けやすい,C,18,理学療法治療各論,18,Q1249,False,5,1,2,5,4,5,4,1,40,C,TYPE_A Definition → Case,理学療法治療各論のfact_recall。重要度5、Safety1、臨床推論2。別経路での確認価値を評価。,
KN1236,腰椎椎間板ヘルニアで進行性筋力低下や膀胱直腸障害など重篤な神経障害があれば手術を考慮する,C,16,運動器,16,Q1251,False,5,1,2,5,4,5,4,1,40,C,TYPE_A Definition → Case,運動器のfact_recall。重要度5、Safety1、臨床推論2。別経路での確認価値を評価。,
KN1238,SF-36は健康関連QOLを8下位尺度で評価し、その一つに『体の痛み（Bodily Pain）』がある,C,17,理学療法評価各論,17,Q1253,False,5,1,2,5,4,5,4,1,40,C,TYPE_A Definition → Case,理学療法評価各論のfact_recall。重要度5、Safety1、臨床推論2。別経路での確認価値を評価。,
KN1239,北欧で知的障害者を施設隔離せず一般社会と同等の生活条件へ近づけようとした運動がノーマライゼーション,C,18,理学療法治療各論,18,Q1254,False,5,1,2,5,4,5,4,1,40,C,TYPE_A Definition → Case,理学療法治療各論のfact_recall。重要度5、Safety1、臨床推論2。別経路での確認価値を評価。,
KN1263,C6まで機能残存ならC5の肘屈筋とC6の手関節伸筋が使用できる,B,8,内科学,8,Q1279,False,5,1,2,5,4,5,4,1,40,C,TYPE_A Definition → Case,内科学のfact_recall。重要度5、Safety1、臨床推論2。別経路での確認価値を評価。,
KN1267,関節リウマチでは尺側偏位、スワンネック、ボタン穴、ムチランス（オペラグラス）などがみられる,C,16,運動器,16,Q1283,False,5,1,2,5,4,5,4,1,40,C,TYPE_A Definition → Case,運動器のfact_recall。重要度5、Safety1、臨床推論2。別経路での確認価値を評価。,
KN1268,CRPS type Iは明らかな末梢神経損傷を伴わないCRPSで、肩手症候群やSudeck骨萎縮が代表例,C,16,運動器,16,Q1284,False,5,1,2,5,4,5,4,1,40,C,TYPE_A Definition → Case,運動器のfact_recall。重要度5、Safety1、臨床推論2。別経路での確認価値を評価。,
KN1269,結節性多発動脈炎は中小動脈の壊死性血管炎で、B型肝炎などとの関連が知られる,B,8,内科学,8,Q1285,False,5,1,2,5,4,5,4,1,40,C,TYPE_A Definition → Case,内科学のfact_recall。重要度5、Safety1、臨床推論2。別経路での確認価値を評価。,
KN1270,腎疾患と原因の組合せ,B,8,内科学,8,Q1286,False,5,1,2,5,4,5,4,1,40,C,TYPE_A Definition → Case,内科学のfact_recall。重要度5、Safety1、臨床推論2。別経路での確認価値を評価。,
KN1271,気道炎症を抑える吸入ステロイドが長期管理の中心薬となる,B,8,内科学,8,Q1287,False,5,1,2,5,4,5,4,1,40,C,TYPE_A Definition → Case,内科学のfact_recall。重要度5、Safety1、臨床推論2。別経路での確認価値を評価。,
KN1273,中枢神経症状として頭痛、けいれん、精神症状、気分変動などを生じうる,B,8,内科学,8,Q1289,False,5,1,2,5,4,5,4,1,40,C,TYPE_A Definition → Case,内科学のfact_recall。重要度5、Safety1、臨床推論2。別経路での確認価値を評価。,
KN1274,Wallenberg症候群は延髄外側梗塞による後天性神経症候群で、知的障害の発症原因とはならない,B,8,内科学,8,Q1290,False,5,1,2,5,4,5,4,1,40,C,TYPE_A Definition → Case,内科学のfact_recall。重要度5、Safety1、臨床推論2。別経路での確認価値を評価。,
KN1276,鉄欠乏はむずむず脚症候群の重要な関連因子で、夜間安静時に下肢の不快感と動かしたい衝動が出現する,B,8,内科学,8,Q1292,False,5,1,2,5,4,5,4,1,40,C,TYPE_A Definition → Case,内科学のfact_recall。重要度5、Safety1、臨床推論2。別経路での確認価値を評価。,
KN1280,対応のある2群で非正規分布の連続変数を比較する場合、Wilcoxon符号付順位検定を用いる,C,18,理学療法治療各論,18,Q1296,False,5,1,2,5,4,5,4,1,40,C,TYPE_A Definition → Case,理学療法治療各論のfact_recall。重要度5、Safety1、臨床推論2。別経路での確認価値を評価。,
KN1290,IL運動は障害者自身が生活の主体となり、介助を受けながらでも自己決定・自己選択して地域で暮らす権利を重視する,C,18,理学療法治療各論,18,Q1309,False,5,1,2,5,4,5,4,1,40,C,TYPE_A Definition → Case,理学療法治療各論のfact_recall。重要度5、Safety1、臨床推論2。別経路での確認価値を評価。,
KN1309,対称性緊張性頸反射は出生直後から明瞭な反射ではなく、生後数か月頃に出現してその後統合される,B,8,内科学,8,Q1329,False,5,1,2,5,4,5,4,1,40,C,TYPE_A Definition → Case,内科学のfact_recall。重要度5、Safety1、臨床推論2。別経路での確認価値を評価。,
KN1312,正中神経が圧迫され、母指球筋萎縮や母指〜環指橈側のしびれがみられる,C,16,運動器,16,Q1332,False,5,1,2,5,4,5,4,1,40,C,TYPE_A Definition → Case,運動器のfact_recall。重要度5、Safety1、臨床推論2。別経路での確認価値を評価。,
KN1315,ノンレム睡眠は成人睡眠時間の大部分を占め、深睡眠を含む,B,8,内科学,8,Q1335,False,5,1,2,5,4,5,4,1,40,C,TYPE_A Definition → Case,内科学のfact_recall。重要度5、Safety1、臨床推論2。別経路での確認価値を評価。,
KN1352,オピオイドのモルヒネは腸管蠕動を抑制し、便秘を非常に起こしやすい,B,8,内科学,8,Q1375,False,5,1,2,5,4,5,4,1,40,C,TYPE_A Definition → Case,内科学のfact_recall。重要度5、Safety1、臨床推論2。別経路での確認価値を評価。,
KN1354,骨粗鬆症の危険因子には不動、エストロゲン低下、副甲状腺機能亢進、ステロイド長期投与などがある,C,16,運動器,16,Q1377,False,5,1,2,5,4,5,4,1,40,C,TYPE_A Definition → Case,運動器のfact_recall。重要度5、Safety1、臨床推論2。別経路での確認価値を評価。,
KN1406,TATは曖昧な絵から物語を作らせる投影法の人格検査,C,17,理学療法評価各論,17,Q1431,False,5,1,2,5,4,5,4,1,40,C,TYPE_A Definition → Case,理学療法評価各論のfact_recall。重要度5、Safety1、臨床推論2。別経路での確認価値を評価。,
KN1407,長期安静では結合組織の短縮・線維化が進み、関節周囲の結合組織が増加する,B,8,内科学,8,Q1432,False,5,1,2,5,4,5,4,1,40,C,TYPE_A Definition → Case,内科学のfact_recall。重要度5、Safety1、臨床推論2。別経路での確認価値を評価。,
KN1408,関節強直や高度変形を認める,C,16,運動器,16,Q1433,False,5,1,2,5,4,5,4,1,40,C,TYPE_A Definition → Case,運動器のfact_recall。重要度5、Safety1、臨床推論2。別経路での確認価値を評価。,
KN1412,胃全摘後は内因子欠如でビタミンB12吸収障害を生じ、悪性貧血となる,B,8,内科学,8,Q1437,False,5,1,2,5,4,5,4,1,40,C,TYPE_A Definition → Case,内科学のfact_recall。重要度5、Safety1、臨床推論2。別経路での確認価値を評価。,
KN1413,疼痛と可動域制限により結髪・結帯動作が困難となる,C,16,運動器,16,Q1438,False,5,1,2,5,4,5,4,1,40,C,TYPE_A Definition → Case,運動器のfact_recall。重要度5、Safety1、臨床推論2。別経路での確認価値を評価。,
KN1435,長期有酸素運動ではHDLコレステロールが増加し、TG・内臓脂肪・LDLは低下方向,C,18,理学療法治療各論,18,Q1460,False,5,1,2,5,4,5,4,1,40,C,TYPE_A Definition → Case,理学療法治療各論のfact_recall。重要度5、Safety1、臨床推論2。別経路での確認価値を評価。,
KN1436,SF-36が8下位尺度から健康関連QOLを評価すること,C,18,理学療法治療各論,18,Q1461,False,5,1,2,5,4,5,4,1,40,C,TYPE_A Definition → Case,理学療法治療各論のfact_recall。重要度5、Safety1、臨床推論2。別経路での確認価値を評価。,
KN1441,慢性疼痛は生物心理社会的要因が複雑に関与するため多職種介入が望ましい,C,18,理学療法治療各論,18,Q1466,False,5,1,2,5,4,5,4,1,40,C,TYPE_A Definition → Case,理学療法治療各論のfact_recall。重要度5、Safety1、臨床推論2。別経路での確認価値を評価。,
KN1444,外的視覚・聴覚刺激に応じた運動準備には運動前野が重要,C,18,理学療法治療各論,18,Q1469,False,5,1,2,5,4,5,4,1,40,C,TYPE_A Definition → Case,理学療法治療各論のfact_recall。重要度5、Safety1、臨床推論2。別経路での確認価値を評価。,
KN1447,air trappingにより機能的残気量と全肺気量が増加する,B,8,内科学,8,Q1472,False,5,1,2,5,4,5,4,1,40,C,TYPE_A Definition → Case,内科学のfact_recall。重要度5、Safety1、臨床推論2。別経路での確認価値を評価。,
KN1473,Kienböck病は月状骨無腐性壊死で、20〜40歳代男性に多い,B,8,内科学,8,Q1498,False,5,1,2,5,4,5,4,1,40,C,TYPE_A Definition → Case,内科学のfact_recall。重要度5、Safety1、臨床推論2。別経路での確認価値を評価。,
KN1475,多発性硬化症は中枢神経の感覚路障害、CIDPは末梢神経障害で感覚障害を伴う,B,8,内科学,8,Q1500,False,5,1,2,5,4,5,4,1,40,C,TYPE_A Definition → Case,内科学のfact_recall。重要度5、Safety1、臨床推論2。別経路での確認価値を評価。,
KN1476,慢性腎臓病の臨床所見,B,8,内科学,8,Q1501,False,5,1,2,5,4,5,4,1,40,C,TYPE_A Definition → Case,内科学のfact_recall。重要度5、Safety1、臨床推論2。別経路での確認価値を評価。,
KN1477,診断を理解し受け入れ、早期から適切な説明とリハを受けられるほど予後がよい,B,8,内科学,8,Q1502,False,5,1,2,5,4,5,4,1,40,C,TYPE_A Definition → Case,内科学のfact_recall。重要度5、Safety1、臨床推論2。別経路での確認価値を評価。,
KN1492,疼痛と廃用により大腿四頭筋萎縮を認める,C,16,運動器,16,Q1517,False,5,1,2,5,4,5,4,1,40,C,TYPE_A Definition → Case,運動器のfact_recall。重要度5、Safety1、臨床推論2。別経路での確認価値を評価。,
KN1497,がん性疼痛は身体・心理・社会的要因を含む全人的苦痛として捉え、精神的ケアも疼痛マネジメントに含める,B,8,内科学,8,Q1522,False,5,1,2,5,4,5,4,1,40,C,TYPE_A Definition → Case,内科学のfact_recall。重要度5、Safety1、臨床推論2。別経路での確認価値を評価。,
KN1528,TNM分類は原発腫瘍T、所属リンパ節N、遠隔転移Mで病期を表す国際的な共通枠組みである,B,8,内科学,8,Q1554,False,5,1,2,5,4,5,4,1,40,C,TYPE_A Definition → Case,内科学のfact_recall。重要度5、Safety1、臨床推論2。別経路での確認価値を評価。,
KN1529,ホメオスターシスの統合中枢は視床下部で、自律神経・内分泌・体温・摂食などを調節する,B,8,内科学,8,Q1555,False,5,1,2,5,4,5,4,1,40,C,TYPE_A Definition → Case,内科学のfact_recall。重要度5、Safety1、臨床推論2。別経路での確認価値を評価。,
KN1530,納豆はビタミンKを多く含み、ワルファリンの抗凝固作用を弱める,B,8,内科学,8,Q1556,False,5,1,2,5,4,5,4,1,40,C,TYPE_A Definition → Case,内科学のfact_recall。重要度5、Safety1、臨床推論2。別経路での確認価値を評価。,
KN1532,腓腹筋を圧迫しても足関節底屈が起こらないThompson test陽性となる,B,8,内科学,8,Q1558,False,5,1,2,5,4,5,4,1,40,C,TYPE_A Definition → Case,内科学のfact_recall。重要度5、Safety1、臨床推論2。別経路での確認価値を評価。,
KN0243,刺激強度増加に伴うH反射減弱とM波増大,B,9,神経医学,9,Q244,False,4,1,2,5,4,5,5,1,39,C,TYPE_A Definition → Case,神経医学のfact_recall。重要度4、Safety1、臨床推論2。別経路での確認価値を評価。,
KN0275,筋紡錘Ia求心性線維による筋長・変化速度の検出,B,9,神経医学,9,Q276,False,4,1,2,5,4,5,5,1,39,C,TYPE_A Definition → Case,神経医学のfact_recall。重要度4、Safety1、臨床推論2。別経路での確認価値を評価。,
KN0290,温度刺激検査のCOWS原則,B,9,神経医学,9,Q292,False,4,1,2,5,4,5,5,1,39,C,TYPE_A Definition → Case,神経医学のfact_recall。重要度4、Safety1、臨床推論2。別経路での確認価値を評価。,
KN0291,ALSにおける上位・下位運動ニューロン徴候の併存,B,9,神経医学,9,Q293,False,4,1,2,5,4,5,5,1,39,C,TYPE_A Definition → Case,神経医学のfact_recall。重要度4、Safety1、臨床推論2。別経路での確認価値を評価。,
KN0299,末梢性顔面神経麻痺で額・閉眼も障害される特徴,B,9,神経医学,9,Q301,False,4,1,2,5,4,5,5,1,39,C,TYPE_A Definition → Case,神経医学のfact_recall。重要度4、Safety1、臨床推論2。別経路での確認価値を評価。,
KN0334,二分脊椎で注意するラテックスアレルギー,B,11,小児学,11,Q337,False,4,1,2,5,4,5,5,1,39,C,TYPE_A Definition → Case,小児学のfact_recall。重要度4、Safety1、臨床推論2。別経路での確認価値を評価。,
KN0403,乳児筋性斜頸で胸鎖乳突筋短縮により制限される頸部運動,B,11,小児学,11,Q409,False,4,1,2,5,4,5,5,1,39,C,TYPE_A Definition → Case,小児学のfact_recall。重要度4、Safety1、臨床推論2。別経路での確認価値を評価。,
KN0443,Ponseti法の連続矯正ギプスと必要時アキレス腱切腱,B,11,小児学,11,Q451,False,4,1,2,5,4,5,5,1,39,C,TYPE_A Definition → Case,小児学のfact_recall。重要度4、Safety1、臨床推論2。別経路での確認価値を評価。,
KN0450,創傷治癒増殖期の肉芽形成・血管新生・上皮化,B,7,病理学,7,Q458,False,4,1,2,5,4,5,5,1,39,C,TYPE_A Definition → Case,病理学のfact_recall。重要度4、Safety1、臨床推論2。別経路での確認価値を評価。,
KN0507,関節を他動的に動かしたときの正常な最終域感と関節運動の組合せの基本事項,C,13,基礎運動学,13,Q515,False,5,1,2,5,4,5,3,1,39,C,TYPE_A Definition → Case,基礎運動学のfact_recall。重要度5、Safety1、臨床推論2。別経路での確認価値を評価。,
KN0538,トロンビンは凝固カスケードでプロトロンビンから生成され、フィブリノゲンをフィブリンへ変換する中心的凝固酵素である,A,2,生理学,2,Q546,False,4,1,2,5,4,5,4,2,39,C,TYPE_A Definition → Case,生理学のfact_recall。重要度4、Safety1、臨床推論2。別経路での確認価値を評価。,short_question_context
KN0543,肩甲骨の運動とそれに作用する筋の組合せの基本事項,C,13,基礎運動学,13,Q551,False,5,1,2,5,4,5,3,1,39,C,TYPE_A Definition → Case,基礎運動学のfact_recall。重要度5、Safety1、臨床推論2。別経路での確認価値を評価。,
KN0544,前腕回外に作用する筋,C,13,基礎運動学,13,Q552,False,5,1,2,5,4,5,3,1,39,C,TYPE_A Definition → Case,基礎運動学のfact_recall。重要度5、Safety1、臨床推論2。別経路での確認価値を評価。,
KN0545,股関節の運動とそれに作用する筋の組合せの基本事項,C,13,基礎運動学,13,Q553,False,5,1,2,5,4,5,3,1,39,C,TYPE_A Definition → Case,基礎運動学のfact_recall。重要度5、Safety1、臨床推論2。別経路での確認価値を評価。,
KN0546,内側縦アーチは中足指節関節を伸展すると足底腱膜が巻き上げられるwindlass機構によって高くなる,C,13,基礎運動学,13,Q554,False,5,1,2,5,4,5,3,1,39,C,TYPE_A Definition → Case,基礎運動学のfact_recall。重要度5、Safety1、臨床推論2。別経路での確認価値を評価。,
KN0547,フィードバックの説明の基本事項,A,5,教育学,5,Q555,False,4,1,2,5,4,5,5,1,39,C,TYPE_A Definition → Case,教育学のfact_recall。重要度4、Safety1、臨床推論2。別経路での確認価値を評価。,
KN0603,肩関節の運動とそれに作用する筋の組合せの基本事項,C,13,基礎運動学,13,Q611,False,5,1,2,5,4,5,3,1,39,C,TYPE_A Definition → Case,基礎運動学のfact_recall。重要度5、Safety1、臨床推論2。別経路での確認価値を評価。,
KN0604,虫様筋はMP関節を屈曲し、IP関節を伸展する,C,13,基礎運動学,13,Q612,False,5,1,2,5,4,5,3,1,39,C,TYPE_A Definition → Case,基礎運動学のfact_recall。重要度5、Safety1、臨床推論2。別経路での確認価値を評価。,
KN0605,外側半月板は外側側副靱帯と膝窩筋腱で隔てられ直接付着しないため可動性が大きい,C,13,基礎運動学,13,Q613,False,5,1,2,5,4,5,3,1,39,C,TYPE_A Definition → Case,基礎運動学のfact_recall。重要度5、Safety1、臨床推論2。別経路での確認価値を評価。,
KN0606,足部内がえしは内反と内転を伴い、後脛骨筋と前脛骨筋が作用する,C,13,基礎運動学,13,Q614,False,5,1,2,5,4,5,3,1,39,C,TYPE_A Definition → Case,基礎運動学のfact_recall。重要度5、Safety1、臨床推論2。別経路での確認価値を評価。,
KN0607,成人の安静開脚立位の基本事項,C,13,基礎運動学,13,Q615,False,5,1,2,5,4,5,3,1,39,C,TYPE_A Definition → Case,基礎運動学のfact_recall。重要度5、Safety1、臨床推論2。別経路での確認価値を評価。,
KN0611,意識せずに技能や習慣として再生される記憶は手続き記憶で、非陳述記憶に分類される,A,3,心理学,3,Q619,False,4,1,2,5,4,5,5,1,39,C,TYPE_A Definition → Case,心理学のfact_recall。重要度4、Safety1、臨床推論2。別経路での確認価値を評価。,
KN0612,老年期の課題は「自我の統合 対 絶望」である,A,4,人間発達学,4,Q620,False,4,1,2,5,4,5,5,1,39,C,TYPE_A Definition → Case,人間発達学のfact_recall。重要度4、Safety1、臨床推論2。別経路での確認価値を評価。,
KN0649,姿勢反射の成熟が遅れ、対称性緊張性頸反射などの原始反射が長く残存して随意運動を妨げることがある,A,4,人間発達学,4,Q657,False,4,1,2,5,4,5,5,1,39,C,TYPE_A Definition → Case,人間発達学のfact_recall。重要度4、Safety1、臨床推論2。別経路での確認価値を評価。,
KN0671,膝蓋骨は大腿四頭筋腱内の種子骨で、膝伸展機構のモーメントアームを大きくし、大腿四頭筋の作用効率を高める,C,13,基礎運動学,13,Q679,False,5,1,2,5,4,5,3,1,39,C,TYPE_A Definition → Case,基礎運動学のfact_recall。重要度5、Safety1、臨床推論2。別経路での確認価値を評価。,
KN0672,大腿骨外側顆の後方移動量が内側顆より大きく、終末伸展時のスクリューホーム運動につながる,C,13,基礎運動学,13,Q680,False,5,1,2,5,4,5,3,1,39,C,TYPE_A Definition → Case,基礎運動学のfact_recall。重要度5、Safety1、臨床推論2。別経路での確認価値を評価。,
KN0673,原問の図ではAが立位、Bが前傾座位、Cが通常座位を示す,C,13,基礎運動学,13,Q681,False,5,1,2,5,4,5,3,1,39,C,TYPE_A Definition → Case,基礎運動学のfact_recall。重要度5、Safety1、臨床推論2。別経路での確認価値を評価。,
KN0674,腹筋群が腹圧を高めて横隔膜を押し上げ、内肋間筋が肋骨を下制する,C,13,基礎運動学,13,Q682,False,5,1,2,5,4,5,3,1,39,C,TYPE_A Definition → Case,基礎運動学のfact_recall。重要度5、Safety1、臨床推論2。別経路での確認価値を評価。,
KN0678,成人期後期では経験と知識を基盤にした判断力は保たれやすい一方、記銘や処理速度など一部認知機能は低下し始める,A,3,心理学,3,Q686,False,4,1,2,5,4,5,5,1,39,C,TYPE_A Definition → Case,心理学のfact_recall。重要度4、Safety1、臨床推論2。別経路での確認価値を評価。,
KN0684,JDDST-Rの個人・社会領域では、乳児期に自分でビスケットを食べる行動が比較的早期に獲得される,A,4,人間発達学,4,Q692,False,4,1,2,5,4,5,5,1,39,C,TYPE_A Definition → Case,人間発達学のfact_recall。重要度4、Safety1、臨床推論2。別経路での確認価値を評価。,
KN0720,Down症候群では筋緊張低下と関節弛緩性により、殿部を床につけて移動するshufflingなど独特の移動様式がみられることがある,A,4,人間発達学,4,Q728,False,4,1,2,5,4,5,5,1,39,C,TYPE_A Definition → Case,人間発達学のfact_recall。重要度4、Safety1、臨床推論2。別経路での確認価値を評価。,
KN0740,肩甲上腕リズムにより上腕骨約60°、肩甲骨上方回旋約30°が目安となる,C,13,基礎運動学,13,Q748,False,5,1,2,5,4,5,3,1,39,C,TYPE_A Definition → Case,基礎運動学のfact_recall。重要度5、Safety1、臨床推論2。別経路での確認価値を評価。,
KN0741,骨盤前面の両上前腸骨棘と恥骨結合を結ぶ面がほぼ前額面と一致する,C,13,基礎運動学,13,Q749,False,5,1,2,5,4,5,3,1,39,C,TYPE_A Definition → Case,基礎運動学のfact_recall。重要度5、Safety1、臨床推論2。別経路での確認価値を評価。,
KN0745,障害受容の過程では抑うつ状態にある患者へ一方的・積極的な指導を押しつけるのではなく、感情を受け止めながら支持的に関わることが重要である,A,3,心理学,3,Q753,False,4,1,2,5,4,5,5,1,39,C,TYPE_A Definition → Case,心理学のfact_recall。重要度4、Safety1、臨床推論2。別経路での確認価値を評価。,
KN0747,バイオフィードバックは生理反応を視覚・聴覚情報として本人へ返し、望ましい反応を強化するオペラント条件づけを利用した方法である,A,3,心理学,3,Q755,False,4,1,2,5,4,5,5,1,39,C,TYPE_A Definition → Case,心理学のfact_recall。重要度4、Safety1、臨床推論2。別経路での確認価値を評価。,
KN0750,足底把握反射は乳児期後半まで残存し、通常9〜12か月頃に消失する,A,4,人間発達学,4,Q758,False,4,1,2,5,4,5,5,1,39,C,TYPE_A Definition → Case,人間発達学のfact_recall。重要度4、Safety1、臨床推論2。別経路での確認価値を評価。,
KN0751,頭囲拡大、頭皮静脈怒張、大泉門膨隆とともに、眼球が下方へ偏位して上方に強膜が見える落陽現象がみられる,A,4,人間発達学,4,Q759,False,4,1,2,5,4,5,5,1,39,C,TYPE_A Definition → Case,人間発達学のfact_recall。重要度4、Safety1、臨床推論2。別経路での確認価値を評価。,
KN0814,膝関節屈曲に作用する筋,C,13,基礎運動学,13,Q823,False,5,1,2,5,4,5,3,1,39,C,TYPE_A Definition → Case,基礎運動学のfact_recall。重要度5、Safety1、臨床推論2。別経路での確認価値を評価。,
KN0821,処理速度、記銘、注意などは低下しやすいが、語彙や言語理解など結晶性知能は比較的保たれる,A,4,人間発達学,4,Q830,False,4,1,2,5,4,5,5,1,39,C,TYPE_A Definition → Case,人間発達学のfact_recall。重要度4、Safety1、臨床推論2。別経路での確認価値を評価。,
KN0824,原始反射の中では足底把握反射が9〜12か月頃まで残り、Moro反射やATNRなどより消失が遅い,A,4,人間発達学,4,Q833,False,4,1,2,5,4,5,5,1,39,C,TYPE_A Definition → Case,人間発達学のfact_recall。重要度4、Safety1、臨床推論2。別経路での確認価値を評価。,
KN0885,長母指伸筋は足関節背屈、後脛骨筋は内がえしに作用する,C,13,基礎運動学,13,Q894,False,5,1,2,5,4,5,3,1,39,C,TYPE_A Definition → Case,基礎運動学のfact_recall。重要度5、Safety1、臨床推論2。別経路での確認価値を評価。,
KN0886,半腱様筋は股関節伸展・内転・内旋、膝関節屈曲・内旋に作用する,C,13,基礎運動学,13,Q895,False,5,1,2,5,4,5,3,1,39,C,TYPE_A Definition → Case,基礎運動学のfact_recall。重要度5、Safety1、臨床推論2。別経路での確認価値を評価。,
KN0887,胸鎖乳突筋や斜角筋など補助吸気筋が働く,C,13,基礎運動学,13,Q896,False,5,1,2,5,4,5,3,1,39,C,TYPE_A Definition → Case,基礎運動学のfact_recall。重要度5、Safety1、臨床推論2。別経路での確認価値を評価。,
KN0893,患者の転移感情は治療者側の感情反応である逆転移を誘発しうる,A,3,心理学,3,Q902,False,4,1,2,5,4,5,5,1,39,C,TYPE_A Definition → Case,心理学のfact_recall。重要度4、Safety1、臨床推論2。別経路での確認価値を評価。,
KN0894,成人中期の課題は生殖性（世代性）対停滞である,A,3,心理学,3,Q903,False,4,1,2,5,4,5,5,1,39,C,TYPE_A Definition → Case,心理学のfact_recall。重要度4、Safety1、臨床推論2。別経路での確認価値を評価。,
KN0916,運動学習は既習課題との類似性や転移の影響を受ける,C,13,基礎運動学,13,Q925,False,5,1,2,5,4,5,3,1,39,C,TYPE_A Definition → Case,基礎運動学のfact_recall。重要度5、Safety1、臨床推論2。別経路での確認価値を評価。,
KN0917,加齢では肺弾性収縮力低下や胸郭硬化により残気量が増加する,A,4,人間発達学,4,Q926,False,4,1,2,5,4,5,5,1,39,C,TYPE_A Definition → Case,人間発達学のfact_recall。重要度4、Safety1、臨床推論2。別経路での確認価値を評価。,
KN0950,嚥下時、甲状舌骨筋は舌骨を固定した条件で喉頭を挙上する一方、甲状軟骨を固定すると舌骨下降にも働く,C,13,基礎運動学,13,Q959,False,5,1,2,5,4,5,3,1,39,C,TYPE_A Definition → Case,基礎運動学のfact_recall。重要度5、Safety1、臨床推論2。別経路での確認価値を評価。,
KN0952,上肢の筋と作用の組合せ,C,13,基礎運動学,13,Q961,False,5,1,2,5,4,5,3,1,39,C,TYPE_A Definition → Case,基礎運動学のfact_recall。重要度5、Safety1、臨床推論2。別経路での確認価値を評価。,
KN0953,なく、動作のやり方・運動パターンに関する情報,C,13,基礎運動学,13,Q962,False,5,1,2,5,4,5,3,1,39,C,TYPE_A Definition → Case,基礎運動学のfact_recall。重要度5、Safety1、臨床推論2。別経路での確認価値を評価。,
KN0957,認知療法はAaron T. Beckがうつ病などの治療法として体系化した,A,3,心理学,3,Q966,False,4,1,2,5,4,5,5,1,39,C,TYPE_A Definition → Case,心理学のfact_recall。重要度4、Safety1、臨床推論2。別経路での確認価値を評価。,
KN1023,頭板状筋は片側収縮で頭頸部を同側へ回旋する,C,13,基礎運動学,13,Q1033,False,5,1,2,5,4,5,3,1,39,C,TYPE_A Definition → Case,基礎運動学のfact_recall。重要度5、Safety1、臨床推論2。別経路での確認価値を評価。,
KN1029,障害受容過程はショック期の後に否認期が続くと整理されるため、一般的に2番目は否認期である,A,3,心理学,3,Q1039,False,4,1,2,5,4,5,5,1,39,C,TYPE_A Definition → Case,心理学のfact_recall。重要度4、Safety1、臨床推論2。別経路での確認価値を評価。,
KN1046,加齢では末梢血管抵抗や慢性炎症に関連する炎症性サイトカインが増加しやすい,A,4,人間発達学,4,Q1056,False,4,1,2,5,4,5,5,1,39,C,TYPE_A Definition → Case,人間発達学のfact_recall。重要度4、Safety1、臨床推論2。別経路での確認価値を評価。,
KN1078,手関節橈屈に作用する筋,C,13,基礎運動学,13,Q1089,False,5,1,2,5,4,5,3,1,39,C,TYPE_A Definition → Case,基礎運動学のfact_recall。重要度5、Safety1、臨床推論2。別経路での確認価値を評価。,
KN1079,膝屈曲終末域では大腿後面と下腿後面の軟部組織が接触し、これが屈曲制限因子となる,C,13,基礎運動学,13,Q1090,False,5,1,2,5,4,5,3,1,39,C,TYPE_A Definition → Case,基礎運動学のfact_recall。重要度5、Safety1、臨床推論2。別経路での確認価値を評価。,
KN1082,NSAIDsはプロスタグランジン産生を抑制し、胃粘膜防御を低下させるため胃潰瘍・消化管出血を起こしうる,B,7,病理学,7,Q1093|Q1312,False,5,1,2,4,4,5,5,1,39,C,TYPE_A Definition → Case,病理学のfact_recall。重要度5、Safety1、臨床推論2。別経路での確認価値を評価。,
KN1090,喃語は生後6か月頃からみられる,A,4,人間発達学,4,Q1101,False,4,1,2,5,4,5,5,1,39,C,TYPE_A Definition → Case,人間発達学のfact_recall。重要度4、Safety1、臨床推論2。別経路での確認価値を評価。,
KN1143,前鋸筋は僧帽筋と協働して肩甲骨を上方回旋させ、上肢挙上を可能にする,C,13,基礎運動学,13,Q1156,False,5,1,2,5,4,5,3,1,39,C,TYPE_A Definition → Case,基礎運動学のfact_recall。重要度5、Safety1、臨床推論2。別経路での確認価値を評価。,
KN1144,足底筋と腓腹筋はいずれも膝関節と足関節をまたぎ、膝屈曲と足関節底屈に作用する,C,13,基礎運動学,13,Q1157,False,5,1,2,5,4,5,3,1,39,C,TYPE_A Definition → Case,基礎運動学のfact_recall。重要度5、Safety1、臨床推論2。別経路での確認価値を評価。,
KN1186,手の外来筋は前腕から起こり腱が手に入る筋,A,1,解剖学,1,Q1200,False,4,1,2,5,4,5,4,2,39,C,TYPE_A Definition → Case,解剖学のfact_recall。重要度4、Safety1、臨床推論2。別経路での確認価値を評価。,short_question_context
KN1199,手指の筋と作用の組合せ,C,13,基礎運動学,13,Q1213,False,5,1,2,5,4,5,3,1,39,C,TYPE_A Definition → Case,基礎運動学のfact_recall。重要度5、Safety1、臨床推論2。別経路での確認価値を評価。,
KN1200,懸垂位からゆっくり体を下降する際、肩関節は屈曲方向へ動くのを広背筋など肩伸展筋が遠心性に制動する,C,13,基礎運動学,13,Q1214,False,5,1,2,5,4,5,3,1,39,C,TYPE_A Definition → Case,基礎運動学のfact_recall。重要度5、Safety1、臨床推論2。別経路での確認価値を評価。,
KN1206,1〜3歳頃は肛門期で、排泄のコントロールが中心課題となる,A,4,人間発達学,4,Q1220,False,4,1,2,5,4,5,5,1,39,C,TYPE_A Definition → Case,人間発達学のfact_recall。重要度4、Safety1、臨床推論2。別経路での確認価値を評価。,
KN1211,刺激反対側下肢が伸展する,A,4,人間発達学,4,Q1226,False,4,1,2,5,4,5,5,1,39,C,TYPE_A Definition → Case,人間発達学のfact_recall。重要度4、Safety1、臨床推論2。別経路での確認価値を評価。,
KN1240,皮質骨の外表面は骨膜で覆われ、血管・神経を含み骨形成や修復にも関与する,A,1,解剖学,1,Q1255,False,4,1,2,5,4,5,4,2,39,C,TYPE_A Definition → Case,解剖学のfact_recall。重要度4、Safety1、臨床推論2。別経路での確認価値を評価。,short_question_context
KN1254,上腕筋は肩関節をまたがず前腕回旋にもほぼ影響されず、肘関節屈曲を主作用とする,C,13,基礎運動学,13,Q1270,False,5,1,2,5,4,5,3,1,39,C,TYPE_A Definition → Case,基礎運動学のfact_recall。重要度5、Safety1、臨床推論2。別経路での確認価値を評価。,
KN1257,練習課題と実際に必要な基準課題の類似性が高いほど、学習の転移が起こりやすい,C,13,基礎運動学,13,Q1273,False,5,1,2,5,4,5,3,1,39,C,TYPE_A Definition → Case,基礎運動学のfact_recall。重要度5、Safety1、臨床推論2。別経路での確認価値を評価。,
KN1260,即時記憶は数秒〜数十秒程度情報を保持する機能で、数字の順唱が代表的検査,A,3,心理学,3,Q1276,False,4,1,2,5,4,5,5,1,39,C,TYPE_A Definition → Case,心理学のfact_recall。重要度4、Safety1、臨床推論2。別経路での確認価値を評価。,
KN1261,成人前期の課題は親密性対孤立で、他者との深い関係を築くことが中心,A,4,人間発達学,4,Q1277,False,4,1,2,5,4,5,5,1,39,C,TYPE_A Definition → Case,人間発達学のfact_recall。重要度4、Safety1、臨床推論2。別経路での確認価値を評価。,
KN1265,生後12か月以前には人見知りが出現し、コップを自分で持って飲む行動もみられるようになる,A,4,人間発達学,4,Q1281,False,4,1,2,5,4,5,5,1,39,C,TYPE_A Definition → Case,人間発達学のfact_recall。重要度4、Safety1、臨床推論2。別経路での確認価値を評価。,
KN1281,紙や鉛筆を使わず暗算するには、数値を一時保持しながら操作するワーキングメモリーが必要である,A,3,心理学,3,Q1297,False,4,1,2,5,4,5,5,1,39,C,TYPE_A Definition → Case,心理学のfact_recall。重要度4、Safety1、臨床推論2。別経路での確認価値を評価。,
KN1307,JDDST-Rで母指と示指によるつまみ動作の75%通過時期はおよそ12〜13か月に含まれる,A,4,人間発達学,4,Q1327,False,4,1,2,5,4,5,5,1,39,C,TYPE_A Definition → Case,人間発達学のfact_recall。重要度4、Safety1、臨床推論2。別経路での確認価値を評価。,
KN1321,小脳は運動指令と感覚フィードバックを比較し、予測的制御に用いる内部モデル形成に重要な役割を担う,C,13,基礎運動学,13,Q1341,False,5,1,2,5,4,5,3,1,39,C,TYPE_A Definition → Case,基礎運動学のfact_recall。重要度5、Safety1、臨床推論2。別経路での確認価値を評価。,
KN1332,特別支援学校の教育環境,A,5,教育学,5,Q1352,False,4,1,2,5,4,5,5,1,39,C,TYPE_A Definition → Case,教育学のfact_recall。重要度4、Safety1、臨床推論2。別経路での確認価値を評価。,
KN1343,膝関節は解剖学的には顆状関節として扱われ、終末伸展ではスクリューホーム運動により脛骨が大腿骨に対して外旋する,C,13,基礎運動学,13,Q1366,False,5,1,2,5,4,5,3,1,39,C,TYPE_A Definition → Case,基礎運動学のfact_recall。重要度5、Safety1、臨床推論2。別経路での確認価値を評価。,
KN1344,成人立位の身体重心は第2仙椎前方付近にあり、矢状面の重心線は大転子近傍を通る,C,13,基礎運動学,13,Q1367,False,5,1,2,5,4,5,3,1,39,C,TYPE_A Definition → Case,基礎運動学のfact_recall。重要度5、Safety1、臨床推論2。別経路での確認価値を評価。,
KN1348,Freudの心理性的発達で6〜12歳頃は潜在期,A,4,人間発達学,4,Q1371,False,4,1,2,5,4,5,5,1,39,C,TYPE_A Definition → Case,人間発達学のfact_recall。重要度4、Safety1、臨床推論2。別経路での確認価値を評価。,
KN1376,日本最初の理学療法士養成校は1963年に開設され、1960年代に該当する,A,5,教育学,5,Q1400,False,4,1,2,5,4,5,5,1,39,C,TYPE_A Definition → Case,教育学のfact_recall。重要度4、Safety1、臨床推論2。別経路での確認価値を評価。,
KN1397,胸鎖乳突筋は両側収縮で頸部屈曲、頭部は上位頸椎で伸展方向にも作用しうる,C,13,基礎運動学,13,Q1422,False,5,1,2,5,4,5,3,1,39,C,TYPE_A Definition → Case,基礎運動学のfact_recall。重要度5、Safety1、臨床推論2。別経路での確認価値を評価。,
KN1398,大腿骨頸体角は約120〜130°で、恥骨大腿靱帯は股関節伸展で緊張する,C,13,基礎運動学,13,Q1423,False,5,1,2,5,4,5,3,1,39,C,TYPE_A Definition → Case,基礎運動学のfact_recall。重要度5、Safety1、臨床推論2。別経路での確認価値を評価。,
KN1399,安静立位では重心線が膝関節中心のやや前方を通ることで少ない筋活動で安定する,C,13,基礎運動学,13,Q1424,False,5,1,2,5,4,5,3,1,39,C,TYPE_A Definition → Case,基礎運動学のfact_recall。重要度5、Safety1、臨床推論2。別経路での確認価値を評価。,
KN1404,将来行うべき予定を適切な時点で思い出す記憶は展望記憶,A,3,心理学,3,Q1429,False,4,1,2,5,4,5,5,1,39,C,TYPE_A Definition → Case,心理学のfact_recall。重要度4、Safety1、臨床推論2。別経路での確認価値を評価。,
KN1405,Piagetで0〜2歳頃は感覚運動期,A,4,人間発達学,4,Q1430,False,4,1,2,5,4,5,5,1,39,C,TYPE_A Definition → Case,人間発達学のfact_recall。重要度4、Safety1、臨床推論2。別経路での確認価値を評価。,
KN1409,加齢で骨塩量は低下する,A,4,人間発達学,4,Q1434,False,4,1,2,5,4,5,5,1,39,C,TYPE_A Definition → Case,人間発達学のfact_recall。重要度4、Safety1、臨床推論2。別経路での確認価値を評価。,
KN1452,腹直筋は左右の筋腹の間に白線があり、腹壁正中を形成する,A,1,解剖学,1,Q1477,False,4,1,2,5,4,5,4,2,39,C,TYPE_A Definition → Case,解剖学のfact_recall。重要度4、Safety1、臨床推論2。別経路での確認価値を評価。,short_question_context
KN1469,自販機の手順では『つり銭を確認する』際に金額や購入結果を言語的に意識できる陳述記憶が関わる,A,3,心理学,3,Q1494,False,4,1,2,5,4,5,5,1,39,C,TYPE_A Definition → Case,心理学のfact_recall。重要度4、Safety1、臨床推論2。別経路での確認価値を評価。,
KN1517,長腓骨筋は足関節底屈と足部外がえしに作用する,C,13,基礎運動学,13,Q1543,False,5,1,2,5,4,5,3,1,39,C,TYPE_A Definition → Case,基礎運動学のfact_recall。重要度5、Safety1、臨床推論2。別経路での確認価値を評価。,
KN0161,受傷直後で腫脹と疼痛がある急性期に寒冷療法を行うと、組織温度の低下に伴って神経伝導速度が低下し、疼痛の軽減が期待できる,C,18,理学療法治療各論,18,Q162,False,4,1,2,5,4,5,4,1,38,C,TYPE_A Definition → Case,理学療法治療各論のfact_recall。重要度4、Safety1、臨床推論2。別経路での確認価値を評価。,
KN0259,MIPが反映する吸気筋力,B,8,内科学,8,Q260,False,4,1,2,5,4,5,4,1,38,C,TYPE_A Definition → Case,内科学のfact_recall。重要度4、Safety1、臨床推論2。別経路での確認価値を評価。,
KN0277,変形性膝関節症の荷重時痛・休息時軽減,C,16,運動器,16,Q278,False,4,1,2,5,4,5,4,1,38,C,TYPE_A Definition → Case,運動器のfact_recall。重要度4、Safety1、臨床推論2。別経路での確認価値を評価。,
KN0288,Cohenのκ係数による評価者間一致度,A,6,医学概論,6,Q290|Q420,False,3,4,2,4,4,5,2,1,38,C,TYPE_A Definition → Case,医学概論のfact_recall。重要度3、Safety4、臨床推論2。別経路での確認価値を評価。,
KN0306,変形性股関節症で早期に制限されやすい内旋,C,16,運動器,16,Q308,False,4,1,2,5,4,5,4,1,38,C,TYPE_A Definition → Case,運動器のfact_recall。重要度4、Safety1、臨床推論2。別経路での確認価値を評価。,
KN0325,外側上顆炎で疼痛を誘発する手関節伸展抵抗運動,C,17,理学療法評価各論,17,Q327,False,4,1,2,5,4,5,4,1,38,C,TYPE_A Definition → Case,理学療法評価各論のfact_recall。重要度4、Safety1、臨床推論2。別経路での確認価値を評価。,
KN0335,痙直型両麻痺のはさみ脚歩行に関与する股関節内転筋群,C,17,理学療法評価各論,17,Q338,False,4,1,2,5,4,5,4,1,38,C,TYPE_A Definition → Case,理学療法評価各論のfact_recall。重要度4、Safety1、臨床推論2。別経路での確認価値を評価。,
KN0338,車椅子座面前縁と膝窩の適切なクリアランス,C,18,理学療法治療各論,18,Q341,False,4,1,2,5,4,5,4,1,38,C,TYPE_A Definition → Case,理学療法治療各論のfact_recall。重要度4、Safety1、臨床推論2。別経路での確認価値を評価。,
KN0339,尺骨神経麻痺の鉤爪変形に対するMP過伸展防止スプリント,C,18,理学療法治療各論,18,Q342,False,4,1,2,5,4,5,4,1,38,C,TYPE_A Definition → Case,理学療法治療各論のfact_recall。重要度4、Safety1、臨床推論2。別経路での確認価値を評価。,
KN0341,運動点への電極配置で最小刺激強度の筋収縮を得る,C,18,理学療法治療各論,18,Q344,False,4,1,2,5,4,5,4,1,38,C,TYPE_A Definition → Case,理学療法治療各論のfact_recall。重要度4、Safety1、臨床推論2。別経路での確認価値を評価。,
KN0343,前庭動眼反射による頭部回旋時の視線安定化,C,17,理学療法評価各論,17,Q346,False,4,1,2,5,4,5,4,1,38,C,TYPE_A Definition → Case,理学療法評価各論のfact_recall。重要度4、Safety1、臨床推論2。別経路での確認価値を評価。,
KN0346,ICF環境因子の識別,C,17,理学療法評価各論,17,Q349,False,4,1,2,5,4,5,4,1,38,C,TYPE_A Definition → Case,理学療法評価各論のfact_recall。重要度4、Safety1、臨床推論2。別経路での確認価値を評価。,
KN0347,遅発性筋痛の発症時期と特徴,C,17,理学療法評価各論,17,Q350,False,4,1,2,5,4,5,4,1,38,C,TYPE_A Definition → Case,理学療法評価各論のfact_recall。重要度4、Safety1、臨床推論2。別経路での確認価値を評価。,
KN0378,MMT grade 2の判定,C,17,理学療法評価各論,17,Q383,False,4,1,2,5,4,5,4,1,38,C,TYPE_A Definition → Case,理学療法評価各論のfact_recall。重要度4、Safety1、臨床推論2。別経路での確認価値を評価。,
KN0399,FIM認知5項目の構成,C,17,理学療法評価各論,17,Q405,False,4,1,2,5,4,5,4,1,38,C,TYPE_A Definition → Case,理学療法評価各論のfact_recall。重要度4、Safety1、臨床推論2。別経路での確認価値を評価。,
KN0412,インセンティブスパイロメトリによる深吸気・肺胞拡張の促進,C,18,理学療法治療各論,18,Q419,False,4,1,2,5,4,5,4,1,38,C,TYPE_A Definition → Case,理学療法治療各論のfact_recall。重要度4、Safety1、臨床推論2。別経路での確認価値を評価。,
KN0417,有病率低下で陰性的中率が高くなる原則,C,17,理学療法評価各論,17,Q425,False,4,1,2,5,4,5,4,1,38,C,TYPE_A Definition → Case,理学療法評価各論のfact_recall。重要度4、Safety1、臨床推論2。別経路での確認価値を評価。,
KN0434,癒着性肩関節包炎のcapsular pattern,C,16,運動器,16,Q442,False,4,1,2,5,4,5,4,1,38,C,TYPE_A Definition → Case,運動器のfact_recall。重要度4、Safety1、臨床推論2。別経路での確認価値を評価。,
KN0526,外胚葉からは神経系や表皮が発生する,A,1,解剖学,1,Q534,False,4,1,2,5,4,5,4,1,38,C,TYPE_A Definition → Case,解剖学のfact_recall。重要度4、Safety1、臨床推論2。別経路での確認価値を評価。,
KN0527,体表から触知しやすい骨指標として胸骨角と舟状骨粗面がある,A,1,解剖学,1,Q535,False,4,1,2,5,4,5,4,1,38,C,TYPE_A Definition → Case,解剖学のfact_recall。重要度4、Safety1、臨床推論2。別経路での確認価値を評価。,
KN0528,回旋筋腱板は棘上筋、棘下筋、小円筋、肩甲下筋の4筋で構成され、上腕骨頭を関節窩へ安定させる,A,1,解剖学,1,Q536,False,4,1,2,5,4,5,4,1,38,C,TYPE_A Definition → Case,解剖学のfact_recall。重要度4、Safety1、臨床推論2。別経路での確認価値を評価。,
KN0529,僧帽筋は後頭骨・項靱帯に加え、第7頸椎から第12胸椎の棘突起などから起こるため胸椎に付着する,A,1,解剖学,1,Q537,False,4,1,2,5,4,5,4,1,38,C,TYPE_A Definition → Case,解剖学のfact_recall。重要度4、Safety1、臨床推論2。別経路での確認価値を評価。,
KN0530,大内転筋は内転部とハムストリング部で神経支配が異なり、前者は閉鎖神経、後者は坐骨神経脛骨部から支配を受ける,A,1,解剖学,1,Q538,False,4,1,2,5,4,5,4,1,38,C,TYPE_A Definition → Case,解剖学のfact_recall。重要度4、Safety1、臨床推論2。別経路での確認価値を評価。,
KN0531,脳血管とその還流域の組合せの基本事項,A,1,解剖学,1,Q539,False,4,1,2,5,4,5,4,1,38,C,TYPE_A Definition → Case,解剖学のfact_recall。重要度4、Safety1、臨床推論2。別経路での確認価値を評価。,
KN0532,大脳辺縁系とその働きの組合せの基本事項,A,1,解剖学,1,Q540,False,4,1,2,5,4,5,4,1,38,C,TYPE_A Definition → Case,解剖学のfact_recall。重要度4、Safety1、臨床推論2。別経路での確認価値を評価。,
KN0533,カルシトニンは甲状腺傍濾胞細胞から、パラトルモン（PTH）は副甲状腺から分泌されるため、同一臓器から分泌される組合せではない,A,2,生理学,2,Q541,False,4,1,2,5,4,5,4,1,38,C,TYPE_A Definition → Case,生理学のfact_recall。重要度4、Safety1、臨床推論2。別経路での確認価値を評価。,
KN0534,虹彩には瞳孔を拡大させる瞳孔散大筋と、縮小させる瞳孔括約筋がある,A,1,解剖学,1,Q542,False,4,1,2,5,4,5,4,1,38,C,TYPE_A Definition → Case,解剖学のfact_recall。重要度4、Safety1、臨床推論2。別経路での確認価値を評価。,
KN0535,活動電位の脱分極では主にNa+が細胞内へ流入し、再分極ではK+が細胞外へ流出する,A,2,生理学,2,Q543,False,4,1,2,5,4,5,4,1,38,C,TYPE_A Definition → Case,生理学のfact_recall。重要度4、Safety1、臨床推論2。別経路での確認価値を評価。,
KN0539,胃液分泌は胃壁伸展による局所・迷走神経反射や、G細胞から分泌されるガストリンによって促進される,A,2,生理学,2,Q547,False,4,1,2,5,4,5,4,1,38,C,TYPE_A Definition → Case,生理学のfact_recall。重要度4、Safety1、臨床推論2。別経路での確認価値を評価。,
KN0540,腎小体の糸球体で血液が濾過され、尿細管で再吸収・分泌が行われる,A,2,生理学,2,Q548,False,4,1,2,5,4,5,4,1,38,C,TYPE_A Definition → Case,生理学のfact_recall。重要度4、Safety1、臨床推論2。別経路での確認価値を評価。,
KN0541,老化に伴う生理機能の変化の基本事項,A,2,生理学,2,Q549,False,4,1,2,5,4,5,4,1,38,C,TYPE_A Definition → Case,生理学のfact_recall。重要度4、Safety1、臨床推論2。別経路での確認価値を評価。,
KN0542,立位の安定性は、重心が支持基底面内に保たれ、各身体部分の重心線が適切に整列し、余分な姿勢制御トルクが少ないほど高まる,A,2,生理学,2,Q550,False,4,1,2,5,4,5,4,1,38,C,TYPE_A Definition → Case,生理学のfact_recall。重要度4、Safety1、臨床推論2。別経路での確認価値を評価。,
KN0585,上腕骨小結節には肩甲下筋腱が付着する,A,1,解剖学,1,Q593,False,4,1,2,5,4,5,4,1,38,C,TYPE_A Definition → Case,解剖学のfact_recall。重要度4、Safety1、臨床推論2。別経路での確認価値を評価。,
KN0586,長腓骨筋は下腿外側の比較的浅層にあり、皮下直下で筋腹を触知しやすい,A,1,解剖学,1,Q594,False,4,1,2,5,4,5,4,1,38,C,TYPE_A Definition → Case,解剖学のfact_recall。重要度4、Safety1、臨床推論2。別経路での確認価値を評価。,
KN0587,腕神経叢の後神経束からは腋窩神経と橈骨神経などが分岐する,A,1,解剖学,1,Q595,False,4,1,2,5,4,5,4,1,38,C,TYPE_A Definition → Case,解剖学のfact_recall。重要度4、Safety1、臨床推論2。別経路での確認価値を評価。,
KN0588,舌下神経は第12脳神経で、舌筋の運動を支配する純運動性脳神経である,A,1,解剖学,1,Q596,False,4,1,2,5,4,5,4,1,38,C,TYPE_A Definition → Case,解剖学のfact_recall。重要度4、Safety1、臨床推論2。別経路での確認価値を評価。,
KN0589,脛骨と腓骨の両方の付着筋,A,1,解剖学,1,Q597,False,4,1,2,5,4,5,4,1,38,C,TYPE_A Definition → Case,解剖学のfact_recall。重要度4、Safety1、臨床推論2。別経路での確認価値を評価。,
KN0590,脳梁は左右大脳半球を連絡する有髄神経線維束で白質に分類される,A,1,解剖学,1,Q598,False,4,1,2,5,4,5,4,1,38,C,TYPE_A Definition → Case,解剖学のfact_recall。重要度4、Safety1、臨床推論2。別経路での確認価値を評価。,
KN0592,食道と胃の境界部には噴門が位置する,A,1,解剖学,1,Q600,False,4,1,2,5,4,5,4,1,38,C,TYPE_A Definition → Case,解剖学のfact_recall。重要度4、Safety1、臨床推論2。別経路での確認価値を評価。,
KN0594,中心小体は微小管形成中心として紡錘体形成に関与し、細胞分裂開始時の染色体分配に重要である,A,1,解剖学,1,Q602,False,4,1,2,5,4,5,4,1,38,C,TYPE_A Definition → Case,解剖学のfact_recall。重要度4、Safety1、臨床推論2。別経路での確認価値を評価。,
KN0595,四肢からの感覚神経伝導路の特徴,A,2,生理学,2,Q603,False,4,1,2,5,4,5,4,1,38,C,TYPE_A Definition → Case,生理学のfact_recall。重要度4、Safety1、臨床推論2。別経路での確認価値を評価。,
KN0596,運動時は活動筋への血流が大きく増え、心拍出量・静脈還流も増加する,A,2,生理学,2,Q604,False,4,1,2,5,4,5,4,1,38,C,TYPE_A Definition → Case,生理学のfact_recall。重要度4、Safety1、臨床推論2。別経路での確認価値を評価。,
KN0599,ペプシンは胃内で蛋白質をポリペプチドへ分解し、リパーゼは脂肪を脂肪酸とグリセリンへ分解する,A,2,生理学,2,Q607,False,4,1,2,5,4,5,4,1,38,C,TYPE_A Definition → Case,生理学のfact_recall。重要度4、Safety1、臨床推論2。別経路での確認価値を評価。,
KN0600,排便中枢は仙髄にあり、大脳皮質から随意的な抑制・促通を受ける,A,2,生理学,2,Q608,False,4,1,2,5,4,5,4,1,38,C,TYPE_A Definition → Case,生理学のfact_recall。重要度4、Safety1、臨床推論2。別経路での確認価値を評価。,
KN0602,RMRは基礎代謝量を基準として活動時の代謝増加を表す指標である,A,2,生理学,2,Q610,False,4,1,2,5,4,5,4,1,38,C,TYPE_A Definition → Case,生理学のfact_recall。重要度4、Safety1、臨床推論2。別経路での確認価値を評価。,
KN0623,リンパ浮腫では蛋白に富む間質液が貯留し、皮膚バリア低下も加わって蜂窩織炎を繰り返しやすい,B,8,内科学,8,Q631|Q1227,False,5,1,2,4,4,5,4,1,38,C,TYPE_A Definition → Case,内科学のfact_recall。重要度5、Safety1、臨床推論2。別経路での確認価値を評価。,
KN0624,フェニルケトン尿症はフェニルアラニン水酸化酵素異常による先天代謝異常で、未治療では知的障害をきたす,A,2,生理学,2,Q632,False,4,1,2,5,4,5,4,1,38,C,TYPE_A Definition → Case,生理学のfact_recall。重要度4、Safety1、臨床推論2。別経路での確認価値を評価。,
KN0627,欠神発作は過換気で誘発されやすい,B,8,内科学,8|9,Q635|Q1235,False,5,1,2,4,4,5,4,1,38,C,TYPE_A Definition → Case,内科学のfact_recall。重要度5、Safety1、臨床推論2。別経路での確認価値を評価。,
KN0653,環椎は椎体を欠き、前弓・後弓と外側塊からなる,A,1,解剖学,1,Q661,False,4,1,2,5,4,5,4,1,38,C,TYPE_A Definition → Case,解剖学のfact_recall。重要度4、Safety1、臨床推論2。別経路での確認価値を評価。,
KN0654,脳神経と支配筋の組合せ,A,1,解剖学,1,Q662,False,4,1,2,5,4,5,4,1,38,C,TYPE_A Definition → Case,解剖学のfact_recall。重要度4、Safety1、臨床推論2。別経路での確認価値を評価。,
KN0655,中小脳脚は橋と小脳を連絡する線維束であり、中脳と小脳を連絡するのは上小脳脚である,A,1,解剖学,1,Q663,False,4,1,2,5,4,5,4,1,38,C,TYPE_A Definition → Case,解剖学のfact_recall。重要度4、Safety1、臨床推論2。別経路での確認価値を評価。,
KN0656,第7胸椎付近の水平断では、心臓の最前面を形成する右心室が最も腹側に位置する,A,1,解剖学,1,Q664,False,4,1,2,5,4,5,4,1,38,C,TYPE_A Definition → Case,解剖学のfact_recall。重要度4、Safety1、臨床推論2。別経路での確認価値を評価。,
KN0657,食道には咽頭食道移行部、大動脈弓・左主気管支交差部、横隔膜食道裂孔付近の生理的狭窄があり、3が正しい,A,1,解剖学,1,Q665,False,4,1,2,5,4,5,4,1,38,C,TYPE_A Definition → Case,解剖学のfact_recall。重要度4、Safety1、臨床推論2。別経路での確認価値を評価。,
KN0658,Henle係蹄は尿細管の一部であり、静脈へ直接つながる構造ではない,A,1,解剖学,1,Q666,False,4,1,2,5,4,5,4,1,38,C,TYPE_A Definition → Case,解剖学のfact_recall。重要度4、Safety1、臨床推論2。別経路での確認価値を評価。,
KN0659,バソプレシン（ADH）は視床下部の視索上核・室傍核で合成され、下垂体後葉から放出される,A,2,生理学,2,Q667,False,4,1,2,5,4,5,4,1,38,C,TYPE_A Definition → Case,生理学のfact_recall。重要度4、Safety1、臨床推論2。別経路での確認価値を評価。,
KN0660,尺骨神経は肘後内側で上腕骨内側上顆と肘頭の間を通り、体表から触知しやすい,A,1,解剖学,1,Q668,False,4,1,2,5,4,5,4,1,38,C,TYPE_A Definition → Case,解剖学のfact_recall。重要度4、Safety1、臨床推論2。別経路での確認価値を評価。,
KN0661,核DNAの全塩基配列を含む概念として扱う,A,2,生理学,2,Q669,False,4,1,2,5,4,5,4,1,38,C,TYPE_A Definition → Case,生理学のfact_recall。重要度4、Safety1、臨床推論2。別経路での確認価値を評価。,
KN0662,ATPがミオシン頭部で加水分解され、そのエネルギーで頭部が起き上がり、アクチンとの結合・パワーストロークを行う,A,2,生理学,2,Q670,False,4,1,2,5,4,5,4,1,38,C,TYPE_A Definition → Case,生理学のfact_recall。重要度4、Safety1、臨床推論2。別経路での確認価値を評価。,
KN0664,毛様体筋が弛緩して水晶体が薄くなり、遠方視に適した状態となる,A,2,生理学,2,Q672,False,4,1,2,5,4,5,4,1,38,C,TYPE_A Definition → Case,生理学のfact_recall。重要度4、Safety1、臨床推論2。別経路での確認価値を評価。,
KN0665,心室筋活動電位の再分極相ではK+が細胞外へ流出するK電流が中心となる,A,2,生理学,2,Q673,False,4,1,2,5,4,5,4,1,38,C,TYPE_A Definition → Case,生理学のfact_recall。重要度4、Safety1、臨床推論2。別経路での確認価値を評価。,
KN0667,嚥下反射により軟口蓋挙上、喉頭挙上、声門閉鎖、喉頭蓋反転が起こり、食塊を食道へ送る,A,2,生理学,2,Q675,False,4,1,2,5,4,5,4,1,38,C,TYPE_A Definition → Case,生理学のfact_recall。重要度4、Safety1、臨床推論2。別経路での確認価値を評価。,
KN0668,アルドステロンは遠位尿細管から集合管でNa+再吸収を促進し、水分保持に関与する,A,2,生理学,2,Q676,False,4,1,2,5,4,5,4,1,38,C,TYPE_A Definition → Case,生理学のfact_recall。重要度4、Safety1、臨床推論2。別経路での確認価値を評価。,
KN0669,METは1MET＝安静座位時の酸素摂取量（約3.5mL/kg/分）を基準とする,A,2,生理学,2,Q677,False,4,1,2,5,4,5,4,1,38,C,TYPE_A Definition → Case,生理学のfact_recall。重要度4、Safety1、臨床推論2。別経路での確認価値を評価。,
KN0670,前鋸筋は肩甲骨内側縁から胸郭へ作用し、肩甲骨を胸壁へ固定する,A,2,生理学,2,Q678,False,4,1,2,5,4,5,4,1,38,C,TYPE_A Definition → Case,生理学のfact_recall。重要度4、Safety1、臨床推論2。別経路での確認価値を評価。,
KN0706,歩行速度・歩幅が低下し、両脚支持期が延長、腕振りも減少する,C,15,動作分析学,15,Q714,False,5,1,2,5,4,5,2,1,38,C,TYPE_A Definition → Case,動作分析学のfact_recall。重要度5、Safety1、臨床推論2。別経路での確認価値を評価。,
KN0723,Lisfranc関節は中足骨基部と楔状骨・立方骨からなる足根中足関節である,A,1,解剖学,1,Q731,False,4,1,2,5,4,5,4,1,38,C,TYPE_A Definition → Case,解剖学のfact_recall。重要度4、Safety1、臨床推論2。別経路での確認価値を評価。,
KN0724,視覚路は網膜から視神経、視交叉、視索を経て外側膝状体で中継し、視放線を通って後頭葉視覚野へ至る,A,1,解剖学,1,Q732,False,4,1,2,5,4,5,4,1,38,C,TYPE_A Definition → Case,解剖学のfact_recall。重要度4、Safety1、臨床推論2。別経路での確認価値を評価。,
KN0726,筋と支配神経との組合せ,A,1,解剖学,1,Q734,False,4,1,2,5,4,5,4,1,38,C,TYPE_A Definition → Case,解剖学のfact_recall。重要度4、Safety1、臨床推論2。別経路での確認価値を評価。,
KN0727,右房室弁は三尖弁であり、冠状動脈は上行大動脈基部の大動脈洞から分岐する,A,1,解剖学,1,Q735,False,4,1,2,5,4,5,4,1,38,C,TYPE_A Definition → Case,解剖学のfact_recall。重要度4、Safety1、臨床推論2。別経路での確認価値を評価。,
KN0728,口腔粘膜は重層扁平上皮で覆われ、機械的刺激に耐える構造をもつ,A,1,解剖学,1,Q736,False,4,1,2,5,4,5,4,1,38,C,TYPE_A Definition → Case,解剖学のfact_recall。重要度4、Safety1、臨床推論2。別経路での確認価値を評価。,
KN0729,主膵管は胆管と合流または近接して大十二指腸乳頭から十二指腸へ開口する,A,1,解剖学,1,Q737,False,4,1,2,5,4,5,4,1,38,C,TYPE_A Definition → Case,解剖学のfact_recall。重要度4、Safety1、臨床推論2。別経路での確認価値を評価。,
KN0731,皮膚の痛覚・温度覚など侵害刺激は自由神経終末で受容される,A,2,生理学,2,Q739,False,4,1,2,5,4,5,4,1,38,C,TYPE_A Definition → Case,生理学のfact_recall。重要度4、Safety1、臨床推論2。別経路での確認価値を評価。,
KN0732,副交感神経線維を含む脳神経は動眼・顔面・舌咽・迷走神経である,A,2,生理学,2,Q740,False,4,1,2,5,4,5,4,1,38,C,TYPE_A Definition → Case,生理学のfact_recall。重要度4、Safety1、臨床推論2。別経路での確認価値を評価。,
KN0733,刺激伝導系は洞房結節、房室結節、房室束、脚、Purkinje線維などの特殊心筋からなる,A,2,生理学,2,Q741,False,4,1,2,5,4,5,4,1,38,C,TYPE_A Definition → Case,生理学のfact_recall。重要度4、Safety1、臨床推論2。別経路での確認価値を評価。,
KN0734,線維素溶解ではプラスミノゲンがプラスミンへ活性化され、フィブリンを分解する,A,2,生理学,2,Q742,False,4,1,2,5,4,5,4,1,38,C,TYPE_A Definition → Case,生理学のfact_recall。重要度4、Safety1、臨床推論2。別経路での確認価値を評価。,
KN0735,嚥下中枢が存在する部位,A,2,生理学,2,Q743,False,4,1,2,5,4,5,4,1,38,C,TYPE_A Definition → Case,生理学のfact_recall。重要度4、Safety1、臨床推論2。別経路での確認価値を評価。,
KN0736,外肛門括約筋は随意性の横紋筋で陰部神経支配である,A,2,生理学,2,Q744,False,4,1,2,5,4,5,4,1,38,C,TYPE_A Definition → Case,生理学のfact_recall。重要度4、Safety1、臨床推論2。別経路での確認価値を評価。,
KN0737,アドレナリンは肝・筋のグリコーゲン分解や糖新生を促進し、血糖を上昇させる,A,2,生理学,2,Q745,False,4,1,2,5,4,5,4,1,38,C,TYPE_A Definition → Case,生理学のfact_recall。重要度4、Safety1、臨床推論2。別経路での確認価値を評価。,
KN0738,通常速度約4km/hの歩行はおよそ3METs前後で、3〜4METs程度の中等度未満の活動に相当する,A,2,生理学,2,Q746,False,4,1,2,5,4,5,4,1,38,C,TYPE_A Definition → Case,生理学のfact_recall。重要度4、Safety1、臨床推論2。別経路での確認価値を評価。,
KN0739,内側直筋は眼球を内転させる外眼筋で、動眼神経支配である,A,2,生理学,2,Q747,False,4,1,2,5,4,5,4,1,38,C,TYPE_A Definition → Case,生理学のfact_recall。重要度4、Safety1、臨床推論2。別経路での確認価値を評価。,
KN0796,迷走神経は副交感神経線維を含み、心拍数低下、消化管運動促進など自律神経機能を担う,A,2,生理学,2,Q804,False,4,1,2,5,4,5,4,1,38,C,TYPE_A Definition → Case,生理学のfact_recall。重要度4、Safety1、臨床推論2。別経路での確認価値を評価。,
KN0798,関節と関節構造の組合せ,A,1,解剖学,1,Q806,False,4,1,2,5,4,5,4,1,38,C,TYPE_A Definition → Case,解剖学のfact_recall。重要度4、Safety1、臨床推論2。別経路での確認価値を評価。,
KN0799,尺側手根屈筋腱は手根管を通らず、豆状骨などへ付着する,A,1,解剖学,1,Q807,False,4,1,2,5,4,5,4,1,38,C,TYPE_A Definition → Case,解剖学のfact_recall。重要度4、Safety1、臨床推論2。別経路での確認価値を評価。,
KN0800,腰神経叢からは大腿神経、閉鎖神経などが分岐する,A,1,解剖学,1,Q808,False,4,1,2,5,4,5,4,1,38,C,TYPE_A Definition → Case,解剖学のfact_recall。重要度4、Safety1、臨床推論2。別経路での確認価値を評価。,
KN0801,肝静脈と腎静脈は下大静脈へ直接流入する,A,1,解剖学,1,Q809,False,4,1,2,5,4,5,4,1,38,C,TYPE_A Definition → Case,解剖学のfact_recall。重要度4、Safety1、臨床推論2。別経路での確認価値を評価。,
KN0802,気管支壁には平滑筋があり、気道径調節に関与する,A,1,解剖学,1,Q810,False,4,1,2,5,4,5,4,1,38,C,TYPE_A Definition → Case,解剖学のfact_recall。重要度4、Safety1、臨床推論2。別経路での確認価値を評価。,
KN0803,膵臓は大部分が後腹膜臓器である,A,1,解剖学,1,Q811,False,4,1,2,5,4,5,4,1,38,C,TYPE_A Definition → Case,解剖学のfact_recall。重要度4、Safety1、臨床推論2。別経路での確認価値を評価。,
KN0804,卵管粘膜には線毛上皮があり、卵子・受精卵の輸送に関与する,A,1,解剖学,1,Q812,False,4,1,2,5,4,5,4,1,38,C,TYPE_A Definition → Case,解剖学のfact_recall。重要度4、Safety1、臨床推論2。別経路での確認価値を評価。,
KN0806,筋小胞体から放出されたCa2+はトロポニンCへ結合し、トロポミオシンの位置を変えてアクチンとミオシンの架橋形成を可能にする,A,2,生理学,2,Q814,False,4,1,2,5,4,5,4,1,38,C,TYPE_A Definition → Case,生理学のfact_recall。重要度4、Safety1、臨床推論2。別経路での確認価値を評価。,
KN0808,トロンビンとフィブリノゲンは凝固系に直接関与する,A,2,生理学,2,Q817,False,4,1,2,5,4,5,4,1,38,C,TYPE_A Definition → Case,生理学のfact_recall。重要度4、Safety1、臨床推論2。別経路での確認価値を評価。,
KN0809,排便の随意制御は骨格筋である外肛門括約筋を介し、陰部神経が支配する,A,2,生理学,2,Q818,False,4,1,2,5,4,5,4,1,38,C,TYPE_A Definition → Case,生理学のfact_recall。重要度4、Safety1、臨床推論2。別経路での確認価値を評価。,
KN0810,Na+、水、ブドウ糖、アミノ酸など多くの物質が再吸収される,A,2,生理学,2,Q819,False,4,1,2,5,4,5,4,1,38,C,TYPE_A Definition → Case,生理学のfact_recall。重要度4、Safety1、臨床推論2。別経路での確認価値を評価。,
KN0811,体温調節中枢は視床下部にあり、皮膚や中枢の温度情報を統合して発汗・血管反応・ふるえなどを調節する,A,2,生理学,2,Q820,False,4,1,2,5,4,5,4,1,38,C,TYPE_A Definition → Case,生理学のfact_recall。重要度4、Safety1、臨床推論2。別経路での確認価値を評価。,
KN0813,内在筋プラス肢位はMP関節屈曲、PIP・DIP関節伸展である,A,2,生理学,2,Q822,False,4,1,2,5,4,5,4,1,38,C,TYPE_A Definition → Case,生理学のfact_recall。重要度4、Safety1、臨床推論2。別経路での確認価値を評価。,
KN0815,歩行速度を上げると歩幅と歩行率が増え、立脚時間・両脚支持時間は短くなる,C,15,動作分析学,15,Q824,False,5,1,2,5,4,5,2,1,38,C,TYPE_A Definition → Case,動作分析学のfact_recall。重要度5、Safety1、臨床推論2。別経路での確認価値を評価。,
KN0863,80m/分は約4.8km/hの歩行で、一般に3〜4METs程度に相当する,C,15,動作分析学,15,Q872,False,5,1,2,5,4,5,2,1,38,C,TYPE_A Definition → Case,動作分析学のfact_recall。重要度5、Safety1、臨床推論2。別経路での確認価値を評価。,
KN0865,被殻は尾状核などとともに大脳基底核を構成する,A,1,解剖学,1,Q874,False,4,1,2,5,4,5,4,1,38,C,TYPE_A Definition → Case,解剖学のfact_recall。重要度4、Safety1、臨床推論2。別経路での確認価値を評価。,
KN0866,乳腺上皮は外胚葉由来、松果体は神経外胚葉由来であるため1・4が正しい,A,1,解剖学,1,Q875,False,4,1,2,5,4,5,4,1,38,C,TYPE_A Definition → Case,解剖学のfact_recall。重要度4、Safety1、臨床推論2。別経路での確認価値を評価。,
KN0867,中間楔状骨は近位で舟状骨、遠位で第2中足骨と関節する,A,1,解剖学,1,Q876,False,4,1,2,5,4,5,4,1,38,C,TYPE_A Definition → Case,解剖学のfact_recall。重要度4、Safety1、臨床推論2。別経路での確認価値を評価。,
KN0868,筋皮神経は烏口腕筋、上腕二頭筋、上腕筋を支配する,A,1,解剖学,1,Q877,False,4,1,2,5,4,5,4,1,38,C,TYPE_A Definition → Case,解剖学のfact_recall。重要度4、Safety1、臨床推論2。別経路での確認価値を評価。,
KN0869,左冠状動脈前下行枝は前壁と心室中隔前方約2/3を灌流する,A,1,解剖学,1,Q878,False,4,1,2,5,4,5,4,1,38,C,TYPE_A Definition → Case,解剖学のfact_recall。重要度4、Safety1、臨床推論2。別経路での確認価値を評価。,
KN0870,後脛骨動脈は内果後方で触知する,A,1,解剖学,1,Q879,False,4,1,2,5,4,5,4,1,38,C,TYPE_A Definition → Case,解剖学のfact_recall。重要度4、Safety1、臨床推論2。別経路での確認価値を評価。,
KN0871,胃大弯から大網が垂れ下がり、横行結腸と連続する,A,1,解剖学,1,Q880,False,4,1,2,5,4,5,4,1,38,C,TYPE_A Definition → Case,解剖学のfact_recall。重要度4、Safety1、臨床推論2。別経路での確認価値を評価。,
KN0872,男性尿道は前立腺を貫いて走行するため4が正しい,A,1,解剖学,1,Q881,False,4,1,2,5,4,5,4,1,38,C,TYPE_A Definition → Case,解剖学のfact_recall。重要度4、Safety1、臨床推論2。別経路での確認価値を評価。,
KN0873,膜半規管は膜迷路の一部で内耳に含まれる,A,1,解剖学,1,Q882,False,4,1,2,5,4,5,4,1,38,C,TYPE_A Definition → Case,解剖学のfact_recall。重要度4、Safety1、臨床推論2。別経路での確認価値を評価。,
KN0874,Scarpa三角には腸腰筋と恥骨筋などが床を形成し、体表から触知可能である,A,1,解剖学,1,Q883,False,4,1,2,5,4,5,4,1,38,C,TYPE_A Definition → Case,解剖学のfact_recall。重要度4、Safety1、臨床推論2。別経路での確認価値を評価。,
KN0875,リボソームはrRNAと蛋白質から構成され、DNAを構成成分としない,A,2,生理学,2,Q884,False,4,1,2,5,4,5,4,1,38,C,TYPE_A Definition → Case,生理学のfact_recall。重要度4、Safety1、臨床推論2。別経路での確認価値を評価。,
KN0876,運動神経終末からアセチルコリンが放出され、ニコチン性受容体へ結合する,A,2,生理学,2,Q885,False,4,1,2,5,4,5,4,1,38,C,TYPE_A Definition → Case,生理学のfact_recall。重要度4、Safety1、臨床推論2。別経路での確認価値を評価。,
KN0877,一次運動野は中心前回にありBrodmann 4野に相当する,A,1,解剖学,1,Q886,False,4,1,2,5,4,5,4,1,38,C,TYPE_A Definition → Case,解剖学のfact_recall。重要度4、Safety1、臨床推論2。別経路での確認価値を評価。,
KN0878,筋紡錘の求心性線維は一次終末のIa群と二次終末のII群,A,2,生理学,2,Q887,False,4,1,2,5,4,5,4,1,38,C,TYPE_A Definition → Case,生理学のfact_recall。重要度4、Safety1、臨床推論2。別経路での確認価値を評価。,
KN0879,心室収縮期には房室弁が閉鎖し、駆出期に大動脈弁・肺動脈弁が開く,A,2,生理学,2,Q888,False,4,1,2,5,4,5,4,1,38,C,TYPE_A Definition → Case,生理学のfact_recall。重要度4、Safety1、臨床推論2。別経路での確認価値を評価。,
KN0880,三叉神経下顎枝は咀嚼筋を支配して下顎運動を担う,A,1,解剖学,1,Q889,False,4,1,2,5,4,5,4,1,38,C,TYPE_A Definition → Case,解剖学のfact_recall。重要度4、Safety1、臨床推論2。別経路での確認価値を評価。,
KN0881,排尿筋が弛緩し、内尿道括約筋が収縮して蓄尿を促す,A,2,生理学,2,Q890,False,4,1,2,5,4,5,4,1,38,C,TYPE_A Definition → Case,生理学のfact_recall。重要度4、Safety1、臨床推論2。別経路での確認価値を評価。,
KN0882,性的刺激による勃起には大脳辺縁系や視床下部など中枢神経系が関与し、副交感神経を介して陰茎血流が増加する,A,1,解剖学,1,Q891,False,4,1,2,5,4,5,4,1,38,C,TYPE_A Definition → Case,解剖学のfact_recall。重要度4、Safety1、臨床推論2。別経路での確認価値を評価。,
KN0884,前腕回内には円回内筋・方形回内筋が主に働くが、腕橈骨筋は前腕を中間位へ戻す作用があり、回外位からは回内方向に働く,A,2,生理学,2,Q893,False,4,1,2,5,4,5,4,1,38,C,TYPE_A Definition → Case,生理学のfact_recall。重要度4、Safety1、臨床推論2。別経路での確認価値を評価。,
KN0933,大菱形骨は近位で舟状骨、遠位で第1・2中手骨などと関節する,A,1,解剖学,1,Q942,False,4,1,2,5,4,5,4,1,38,C,TYPE_A Definition → Case,解剖学のfact_recall。重要度4、Safety1、臨床推論2。別経路での確認価値を評価。,
KN0934,上腕二頭筋は橈骨粗面へ停止し、肘屈曲と前腕回外に作用する,A,1,解剖学,1,Q943,False,4,1,2,5,4,5,4,1,38,C,TYPE_A Definition → Case,解剖学のfact_recall。重要度4、Safety1、臨床推論2。別経路での確認価値を評価。,
KN0935,第56回午前53問は「2つ選べ」の設問だが、厚生労働省は3・4、3・5、4・5の3通りの解答を正解として採点した,A,1,解剖学,1,Q944,False,4,1,2,5,4,5,4,1,38,C,TYPE_A Definition → Case,解剖学のfact_recall。重要度4、Safety1、臨床推論2。別経路での確認価値を評価。,
KN0937,頸動脈小体の化学受容情報は舌咽神経のHering神経を介して延髄へ伝わる,A,1,解剖学,1,Q946,False,4,1,2,5,4,5,4,1,38,C,TYPE_A Definition → Case,解剖学のfact_recall。重要度4、Safety1、臨床推論2。別経路での確認価値を評価。,
KN0938,冠静脈洞は心筋からの静脈血を集め右心房へ開口する,A,1,解剖学,1,Q947,False,4,1,2,5,4,5,4,1,38,C,TYPE_A Definition → Case,解剖学のfact_recall。重要度4、Safety1、臨床推論2。別経路での確認価値を評価。,
KN0939,奇静脈系は胸壁静脈を集め、上・下大静脈系を側副的に連絡する,A,1,解剖学,1,Q948,False,4,1,2,5,4,5,4,1,38,C,TYPE_A Definition → Case,解剖学のfact_recall。重要度4、Safety1、臨床推論2。別経路での確認価値を評価。,
KN0941,アブミ骨底は卵円窓（前庭窓）にはまり、振動を内耳へ伝える,A,1,解剖学,1,Q950,False,4,1,2,5,4,5,4,1,38,C,TYPE_A Definition → Case,解剖学のfact_recall。重要度4、Safety1、臨床推論2。別経路での確認価値を評価。,
KN0942,Golgi装置は蛋白質の修飾・選別・輸送に関与し、リボソームを形成する場ではない,A,2,生理学,2,Q951,False,4,1,2,5,4,5,4,1,38,C,TYPE_A Definition → Case,生理学のfact_recall。重要度4、Safety1、臨床推論2。別経路での確認価値を評価。,
KN0943,伸張反射の受容器は筋紡錘で、筋長と伸張速度を感知する,A,2,生理学,2,Q952,False,4,1,2,5,4,5,4,1,38,C,TYPE_A Definition → Case,生理学のfact_recall。重要度4、Safety1、臨床推論2。別経路での確認価値を評価。,
KN0944,毛細血管内の血流速度は総断面積が最大のため最も遅い,A,2,生理学,2,Q953,False,4,1,2,5,4,5,4,1,38,C,TYPE_A Definition → Case,生理学のfact_recall。重要度4、Safety1、臨床推論2。別経路での確認価値を評価。,
KN0946,ノルアドレナリンはβ1受容体などを介して心筋収縮力を増加させる,A,2,生理学,2,Q955,False,4,1,2,5,4,5,4,1,38,C,TYPE_A Definition → Case,生理学のfact_recall。重要度4、Safety1、臨床推論2。別経路での確認価値を評価。,
KN0947,セクレチンは十二指腸から分泌され、膵管細胞の重炭酸に富む膵液分泌を促進する,A,2,生理学,2,Q956,False,4,1,2,5,4,5,4,1,38,C,TYPE_A Definition → Case,生理学のfact_recall。重要度4、Safety1、臨床推論2。別経路での確認価値を評価。,
KN0948,蓄尿時には陰部神経が外尿道括約筋を収縮させ、尿禁制を保つ,A,2,生理学,2,Q957,False,4,1,2,5,4,5,4,1,38,C,TYPE_A Definition → Case,生理学のfact_recall。重要度4、Safety1、臨床推論2。別経路での確認価値を評価。,
KN0949,コルチゾールには日内変動があり、早朝に高く夜間に低い,A,2,生理学,2,Q958,False,4,1,2,5,4,5,4,1,38,C,TYPE_A Definition → Case,生理学のfact_recall。重要度4、Safety1、臨床推論2。別経路での確認価値を評価。,
KN0982,前遊脚期は反対側の初期接地から同側の足趾離地までである,C,15,動作分析学,15,Q992,False,5,1,2,5,4,5,2,1,38,C,TYPE_A Definition → Case,動作分析学のfact_recall。重要度5、Safety1、臨床推論2。別経路での確認価値を評価。,
KN0988,鶏歩（steppage gait）は足関節背屈筋麻痺で生じ、総腓骨神経麻痺が代表的原因,C,15,動作分析学,15,Q998,False,5,1,2,5,4,5,2,1,38,C,TYPE_A Definition → Case,動作分析学のfact_recall。重要度5、Safety1、臨床推論2。別経路での確認価値を評価。,
KN1011,橈骨神経は肘筋と回外筋を支配する,A,1,解剖学,1,Q1021,False,4,1,2,5,4,5,4,1,38,C,TYPE_A Definition → Case,解剖学のfact_recall。重要度4、Safety1、臨床推論2。別経路での確認価値を評価。,
KN1012,DNAの塩基はA、G、C、Tで、ウラシルはRNAに含まれる,A,1,解剖学,1,Q1022,False,4,1,2,5,4,5,4,1,38,C,TYPE_A Definition → Case,解剖学のfact_recall。重要度4、Safety1、臨床推論2。別経路での確認価値を評価。,
KN1014,唾液分泌は交感神経・副交感神経のどちらの刺激でも促進されるが、分泌量や性状が異なる,A,2,生理学,2,Q1024,False,4,1,2,5,4,5,4,1,38,C,TYPE_A Definition → Case,生理学のfact_recall。重要度4、Safety1、臨床推論2。別経路での確認価値を評価。,
KN1015,痙縮では伸張反射は亢進する,A,2,生理学,2,Q1025,False,4,1,2,5,4,5,4,1,38,C,TYPE_A Definition → Case,生理学のfact_recall。重要度4、Safety1、臨床推論2。別経路での確認価値を評価。,
KN1016,心筋は骨格筋より受動的な静止張力が大きく、活動電位は長い不応期を持つ,A,2,生理学,2,Q1026,False,4,1,2,5,4,5,4,1,38,C,TYPE_A Definition → Case,生理学のfact_recall。重要度4、Safety1、臨床推論2。別経路での確認価値を評価。,
KN1017,直腸伸展による求心性情報は骨盤神経を介して仙髄排便中枢へ伝わり便意・排便反射に関与する,A,2,生理学,2,Q1027,False,4,1,2,5,4,5,4,1,38,C,TYPE_A Definition → Case,生理学のfact_recall。重要度4、Safety1、臨床推論2。別経路での確認価値を評価。,
KN1018,体温には日内変動があり早朝低く午後高い,A,2,生理学,2,Q1028,False,4,1,2,5,4,5,4,1,38,C,TYPE_A Definition → Case,生理学のfact_recall。重要度4、Safety1、臨床推論2。別経路での確認価値を評価。,
KN1019,第56回午後67問は、厚生労働省が2と5の複数選択肢を正解として採点した問題である,A,2,生理学,2,Q1029,False,4,1,2,5,4,5,4,1,38,C,TYPE_A Definition → Case,生理学のfact_recall。重要度4、Safety1、臨床推論2。別経路での確認価値を評価。,
KN1020,グルカゴンとバソプレッシンはペプチド系で水溶性ホルモン,A,2,生理学,2,Q1030,False,4,1,2,5,4,5,4,1,38,C,TYPE_A Definition → Case,生理学のfact_recall。重要度4、Safety1、臨床推論2。別経路での確認価値を評価。,
KN1021,脂質利用の割合が増えるため、「20分以上では脂質より糖質が利用される」と一律にする記述は誤り,A,2,生理学,2,Q1031,False,4,1,2,5,4,5,4,1,38,C,TYPE_A Definition → Case,生理学のfact_recall。重要度4、Safety1、臨床推論2。別経路での確認価値を評価。,
KN1022,肩甲上腕リズムを概ね2:1とすると、150°挙上時の肩甲上腕関節の寄与は約100°となる,A,2,生理学,2,Q1032,False,4,1,2,5,4,5,4,1,38,C,TYPE_A Definition → Case,生理学のfact_recall。重要度4、Safety1、臨床推論2。別経路での確認価値を評価。,
KN1024,腕神経叢後神経束から橈骨神経と腋窩神経が分岐するため、上腕三頭筋と三角筋で筋力低下を生じる,A,1,解剖学,1,Q1034,False,4,1,2,5,4,5,4,1,38,C,TYPE_A Definition → Case,解剖学のfact_recall。重要度4、Safety1、臨床推論2。別経路での確認価値を評価。,
KN1057,スワンネック変形のPIP過伸展・DIP屈曲,C,18,理学療法治療各論,18,Q1067|Q1391,False,5,1,2,4,4,5,4,1,38,C,TYPE_A Definition → Case,理学療法治療各論のfact_recall。重要度5、Safety1、臨床推論2。別経路での確認価値を評価。,
KN1062,第57回午前51問は「2つ選べ」の設問だが、厚生労働省は1・3、1・4、3・4の3通りの解答を正解として採点した,A,1,解剖学,1,Q1072,False,4,1,2,5,4,5,4,1,38,C,TYPE_A Definition → Case,解剖学のfact_recall。重要度4、Safety1、臨床推論2。別経路での確認価値を評価。,
KN1063,半月板の外縁（red zone）は血行があり、内縁は無血管に近い,A,1,解剖学,1,Q1073,False,4,1,2,5,4,5,4,1,38,C,TYPE_A Definition → Case,解剖学のfact_recall。重要度4、Safety1、臨床推論2。別経路での確認価値を評価。,
KN1064,腕橈骨筋反射の反射中枢は主にC5・C6であり、C8・T1ではない,A,1,解剖学,1,Q1074,False,4,1,2,5,4,5,4,1,38,C,TYPE_A Definition → Case,解剖学のfact_recall。重要度4、Safety1、臨床推論2。別経路での確認価値を評価。,
KN1065,瞳孔散大筋は交感神経支配で、節前ニューロンは上位胸髄（主にT1付近）から出る,A,1,解剖学,1,Q1075,False,4,1,2,5,4,5,4,1,38,C,TYPE_A Definition → Case,解剖学のfact_recall。重要度4、Safety1、臨床推論2。別経路での確認価値を評価。,
KN1066,輪状甲状筋のみ上喉頭神経外枝支配で、他の内喉頭筋は反回神経支配である,A,1,解剖学,1,Q1076,False,4,1,2,5,4,5,4,1,38,C,TYPE_A Definition → Case,解剖学のfact_recall。重要度4、Safety1、臨床推論2。別経路での確認価値を評価。,
KN1067,右房室弁が三尖弁であること,A,1,解剖学,1,Q1077,False,4,1,2,5,4,5,4,1,38,C,TYPE_A Definition → Case,解剖学のfact_recall。重要度4、Safety1、臨床推論2。別経路での確認価値を評価。,
KN1068,胃体部には胃底腺が分布し、食道胃接合部に噴門がある,A,1,解剖学,1,Q1078,False,4,1,2,5,4,5,4,1,38,C,TYPE_A Definition → Case,解剖学のfact_recall。重要度4、Safety1、臨床推論2。別経路での確認価値を評価。,
KN1069,角膜から入った光は前眼房→瞳孔→水晶体→硝子体→網膜の順に通過する,A,1,解剖学,1,Q1080,False,4,1,2,5,4,5,4,1,38,C,TYPE_A Definition → Case,解剖学のfact_recall。重要度4、Safety1、臨床推論2。別経路での確認価値を評価。,
KN1070,単一刺激で生じるのは単収縮であり、強縮には高頻度の反復刺激が必要,A,2,生理学,2,Q1081,False,4,1,2,5,4,5,4,1,38,C,TYPE_A Definition → Case,生理学のfact_recall。重要度4、Safety1、臨床推論2。別経路での確認価値を評価。,
KN1071,シナプス前終末が脱分極すると電位依存性Ca2+チャネルが開き、Ca2+流入が神経伝達物質放出を誘発する,A,2,生理学,2,Q1082,False,4,1,2,5,4,5,4,1,38,C,TYPE_A Definition → Case,生理学のfact_recall。重要度4、Safety1、臨床推論2。別経路での確認価値を評価。,
KN1072,Type I線維は酸化系優位で疲労しにくく、ミトコンドリア・ミオグロビンが多い,A,2,生理学,2,Q1083,False,4,1,2,5,4,5,4,1,38,C,TYPE_A Definition → Case,生理学のfact_recall。重要度4、Safety1、臨床推論2。別経路での確認価値を評価。,
KN1073,Bリンパ球が形質細胞へ分化して抗体を産生するため、選択肢ではリンパ球が該当する,A,2,生理学,2,Q1084,False,4,1,2,5,4,5,4,1,38,C,TYPE_A Definition → Case,生理学のfact_recall。重要度4、Safety1、臨床推論2。別経路での確認価値を評価。,
KN1074,胆汁酸は肝臓でコレステロールから合成される,A,2,生理学,2,Q1085,False,4,1,2,5,4,5,4,1,38,C,TYPE_A Definition → Case,生理学のfact_recall。重要度4、Safety1、臨床推論2。別経路での確認価値を評価。,
KN1075,直腸伸展により仙髄の排便中枢が活動し、骨盤神経を介する副交感刺激で直腸収縮と内肛門括約筋弛緩が起こる,A,2,生理学,2,Q1086,False,4,1,2,5,4,5,4,1,38,C,TYPE_A Definition → Case,生理学のfact_recall。重要度4、Safety1、臨床推論2。別経路での確認価値を評価。,
KN1076,月経期は黄体ホルモン低下に伴い基礎体温が低温相へ移行するため、「高温相になる」が誤り,A,2,生理学,2,Q1087,False,4,1,2,5,4,5,4,1,38,C,TYPE_A Definition → Case,生理学のfact_recall。重要度4、Safety1、臨床推論2。別経路での確認価値を評価。,
KN1077,安静時代謝量は基礎代謝量より一般に大きい,A,2,生理学,2,Q1088,False,4,1,2,5,4,5,4,1,38,C,TYPE_A Definition → Case,生理学のfact_recall。重要度4、Safety1、臨床推論2。別経路での確認価値を評価。,
KN1098,Lewy小体型認知症では後頭葉、特に視覚関連領域の血流・代謝低下が特徴的で、幻視との関連も深い,A,2,生理学,2,Q1109,False,4,1,2,5,4,5,4,1,38,C,TYPE_A Definition → Case,生理学のfact_recall。重要度4、Safety1、臨床推論2。別経路での確認価値を評価。,
KN1127,橈骨手根関節は楕円関節で、屈伸と橈尺屈の2軸運動が可能,A,1,解剖学,1,Q1138,False,4,1,2,5,4,5,4,1,38,C,TYPE_A Definition → Case,解剖学のfact_recall。重要度4、Safety1、臨床推論2。別経路での確認価値を評価。,
KN1128,顎二腹筋は中間腱が線維性滑車を介して方向を変え、上斜筋は眼窩内の滑車を通るため筋滑車をもつ,A,1,解剖学,1,Q1139,False,4,1,2,5,4,5,4,1,38,C,TYPE_A Definition → Case,解剖学のfact_recall。重要度4、Safety1、臨床推論2。別経路での確認価値を評価。,
KN1129,顔面神経核は橋に位置する,A,1,解剖学,1,Q1140,False,4,1,2,5,4,5,4,1,38,C,TYPE_A Definition → Case,解剖学のfact_recall。重要度4、Safety1、臨床推論2。別経路での確認価値を評価。,
KN1130,純運動性脳神経は滑車神経、外転神経、舌下神経など,A,1,解剖学,1,Q1141,False,4,1,2,5,4,5,4,1,38,C,TYPE_A Definition → Case,解剖学のfact_recall。重要度4、Safety1、臨床推論2。別経路での確認価値を評価。,
KN1131,腕頭動脈は大動脈弓から右側だけに分岐する一側性の動脈,A,1,解剖学,1,Q1143,False,4,1,2,5,4,5,4,1,38,C,TYPE_A Definition → Case,解剖学のfact_recall。重要度4、Safety1、臨床推論2。別経路での確認価値を評価。,
KN1132,腎臓はエリスロポエチンを産生し、赤血球産生を促進する,A,1,解剖学,1,Q1144,False,4,1,2,5,4,5,4,1,38,C,TYPE_A Definition → Case,解剖学のfact_recall。重要度4、Safety1、臨床推論2。別経路での確認価値を評価。,
KN1133,臓側胸膜と壁側胸膜は肺門部で連続している,A,1,解剖学,1,Q1145,False,4,1,2,5,4,5,4,1,38,C,TYPE_A Definition → Case,解剖学のfact_recall。重要度4、Safety1、臨床推論2。別経路での確認価値を評価。,
KN1135,3塩基の組合せであるコドンが1つのアミノ酸を指定する,A,2,生理学,2,Q1147,False,4,1,2,5,4,5,4,1,38,C,TYPE_A Definition → Case,生理学のfact_recall。重要度4、Safety1、臨床推論2。別経路での確認価値を評価。,
KN1136,深部腱反射は筋紡錘Ia求心性線維から入力され、α運動ニューロンを介して錘外筋を収縮させる,A,2,生理学,2,Q1148,False,4,1,2,5,4,5,4,1,38,C,TYPE_A Definition → Case,生理学のfact_recall。重要度4、Safety1、臨床推論2。別経路での確認価値を評価。,
KN1137,膵臓は交感神経と副交感神経の双方から自律神経支配を受ける,A,2,生理学,2,Q1149,False,4,1,2,5,4,5,4,1,38,C,TYPE_A Definition → Case,生理学のfact_recall。重要度4、Safety1、臨床推論2。別経路での確認価値を評価。,
KN1139,唾液中のアミラーゼはデンプンなど糖質の分解を開始する,A,2,生理学,2,Q1151,False,4,1,2,5,4,5,4,1,38,C,TYPE_A Definition → Case,生理学のfact_recall。重要度4、Safety1、臨床推論2。別経路での確認価値を評価。,
KN1140,近位尿細管ではH+や有機酸・塩基などが尿細管腔へ分泌される,A,2,生理学,2,Q1152,False,4,1,2,5,4,5,4,1,38,C,TYPE_A Definition → Case,生理学のfact_recall。重要度4、Safety1、臨床推論2。別経路での確認価値を評価。,
KN1141,強制吸気では横隔膜と外肋間筋が働き、必要に応じ補助吸気筋も動員される,A,2,生理学,2,Q1154,False,4,1,2,5,4,5,4,1,38,C,TYPE_A Definition → Case,生理学のfact_recall。重要度4、Safety1、臨床推論2。別経路での確認価値を評価。,
KN1142,筋と作用の組合せ,A,2,生理学,2,Q1155,False,4,1,2,5,4,5,4,1,38,C,TYPE_A Definition → Case,生理学のfact_recall。重要度4、Safety1、臨床推論2。別経路での確認価値を評価。,
KN1145,正常歩行では足関節は荷重応答で底屈、立脚中期に背屈、立脚後期に底屈、遊脚期に背屈し、底背屈がそれぞれ2回現れる,C,15,動作分析学,15,Q1158,False,5,1,2,5,4,5,2,1,38,C,TYPE_A Definition → Case,動作分析学のfact_recall。重要度5、Safety1、臨床推論2。別経路での確認価値を評価。,
KN1174,純感覚性脳神経は嗅神経、視神経、内耳神経,A,1,解剖学,1,Q1187,False,4,1,2,5,4,5,4,1,38,C,TYPE_A Definition → Case,解剖学のfact_recall。重要度4、Safety1、臨床推論2。別経路での確認価値を評価。,
KN1188,大動脈弓から直接分岐するのは腕頭動脈、左総頸動脈、左鎖骨下動脈,A,1,解剖学,1,Q1202,False,4,1,2,5,4,5,4,1,38,C,TYPE_A Definition → Case,解剖学のfact_recall。重要度4、Safety1、臨床推論2。別経路での確認価値を評価。,
KN1189,腎臓は傍糸球体細胞からレニン、間質細胞などからエリスロポエチンを分泌する,A,2,生理学,2,Q1203,False,4,1,2,5,4,5,4,1,38,C,TYPE_A Definition → Case,生理学のfact_recall。重要度4、Safety1、臨床推論2。別経路での確認価値を評価。,
KN1190,深指屈筋は前腕尺側部で尺側手根屈筋などの位置関係に注意すれば筋腹を触知できる,A,1,解剖学,1,Q1204,False,4,1,2,5,4,5,4,1,38,C,TYPE_A Definition → Case,解剖学のfact_recall。重要度4、Safety1、臨床推論2。別経路での確認価値を評価。,
KN1191,広背筋は胸腰筋膜や腸骨稜後部などから起始し、上腕骨小結節稜へ停止する,A,1,解剖学,1,Q1205,False,4,1,2,5,4,5,4,1,38,C,TYPE_A Definition → Case,解剖学のfact_recall。重要度4、Safety1、臨床推論2。別経路での確認価値を評価。,
KN1192,粗面小胞体にはリボソームが付着し、分泌蛋白・膜蛋白などの蛋白質合成が行われる,A,2,生理学,2,Q1206,False,4,1,2,5,4,5,4,1,38,C,TYPE_A Definition → Case,生理学のfact_recall。重要度4、Safety1、臨床推論2。別経路での確認価値を評価。,
KN1193,γ運動ニューロン活動が高まると錘内筋が収縮して筋紡錘感受性が高まり、伸張反射は亢進方向,A,2,生理学,2,Q1207,False,4,1,2,5,4,5,4,1,38,C,TYPE_A Definition → Case,生理学のfact_recall。重要度4、Safety1、臨床推論2。別経路での確認価値を評価。,
KN1194,陰部神経による外尿道括約筋の随意制御と、下腹神経による蓄尿時の交感神経制御が関与する,A,2,生理学,2,Q1208,False,4,1,2,5,4,5,4,1,38,C,TYPE_A Definition → Case,生理学のfact_recall。重要度4、Safety1、臨床推論2。別経路での確認価値を評価。,
KN1195,アドレナリンとグルカゴンはいずれも肝グリコーゲン分解や糖新生を促し血糖を上昇させる,A,2,生理学,2,Q1209,False,4,1,2,5,4,5,4,1,38,C,TYPE_A Definition → Case,生理学のfact_recall。重要度4、Safety1、臨床推論2。別経路での確認価値を評価。,
KN1196,排卵を直接誘発するのはLHサージ,A,1,解剖学,1,Q1210,False,4,1,2,5,4,5,4,1,38,C,TYPE_A Definition → Case,解剖学のfact_recall。重要度4、Safety1、臨床推論2。別経路での確認価値を評価。,
KN1197,肺活量VCは全肺気量TLCから残気量RVを引いて求められるため、最低限必要なのは全肺気量と残気量,A,2,生理学,2,Q1211,False,4,1,2,5,4,5,4,1,38,C,TYPE_A Definition → Case,生理学のfact_recall。重要度4、Safety1、臨床推論2。別経路での確認価値を評価。,
KN1198,内側縦アーチの動的支持で最も重要な筋の一つが後脛骨筋,A,2,生理学,2,Q1212,False,4,1,2,5,4,5,4,1,38,C,TYPE_A Definition → Case,生理学のfact_recall。重要度4、Safety1、臨床推論2。別経路での確認価値を評価。,
KN1201,踵接地後の足関節底屈を前脛骨筋が遠心性に制御し、立脚中期までの脛骨前傾を下腿三頭筋が遠心性に制御する,C,15,動作分析学,15,Q1215,False,5,1,2,5,4,5,2,1,38,C,TYPE_A Definition → Case,動作分析学のfact_recall。重要度5、Safety1、臨床推論2。別経路での確認価値を評価。,
KN1215,糖尿病性多発ニューロパチーの左右対称・遠位優位の靴下型感覚障害,B,8,内科学,8,Q1230|Q1526,False,5,1,2,4,4,5,4,1,38,C,TYPE_A Definition → Case,内科学のfact_recall。重要度5、Safety1、臨床推論2。別経路での確認価値を評価。,
KN1224,正常歩行で単脚支持となるのは立脚中期から立脚終期,C,15,動作分析学,15,Q1239,False,5,1,2,5,4,5,2,1,38,C,TYPE_A Definition → Case,動作分析学のfact_recall。重要度5、Safety1、臨床推論2。別経路での確認価値を評価。,
KN1235,解糖系は細胞質でグルコースを分解しATPを産生する無酸素性エネルギー供給系,A,2,生理学,2,Q1250,False,4,1,2,5,4,5,4,1,38,C,TYPE_A Definition → Case,生理学のfact_recall。重要度4、Safety1、臨床推論2。別経路での確認価値を評価。,
KN1241,前骨間神経は正中神経の運動枝で、長母指屈筋、方形回内筋、深指屈筋橈側部などを支配する,A,1,解剖学,1,Q1256,False,4,1,2,5,4,5,4,1,38,C,TYPE_A Definition → Case,解剖学のfact_recall。重要度4、Safety1、臨床推論2。別経路での確認価値を評価。,
KN1242,眼球運動を直接支配する脳神経は動眼・滑車・外転神経,A,1,解剖学,1,Q1257,False,4,1,2,5,4,5,4,1,38,C,TYPE_A Definition → Case,解剖学のfact_recall。重要度4、Safety1、臨床推論2。別経路での確認価値を評価。,
KN1244,左肺内側面には心臓や大動脈弓・下行大動脈による圧痕がみられる,A,1,解剖学,1,Q1259,False,4,1,2,5,4,5,4,1,38,C,TYPE_A Definition → Case,解剖学のfact_recall。重要度4、Safety1、臨床推論2。別経路での確認価値を評価。,
KN1246,耳管は中耳腔と上咽頭を連絡し、中耳圧を外気圧に調整する,A,1,解剖学,1,Q1261,False,4,1,2,5,4,5,4,1,38,C,TYPE_A Definition → Case,解剖学のfact_recall。重要度4、Safety1、臨床推論2。別経路での確認価値を評価。,
KN1247,距骨は下方で踵骨、前方で舟状骨と関節する,A,1,解剖学,1,Q1262,False,4,1,2,5,4,5,4,1,38,C,TYPE_A Definition → Case,解剖学のfact_recall。重要度4、Safety1、臨床推論2。別経路での確認価値を評価。,
KN1248,一回拍出量増加などで最大心拍出量が増え、活動筋の毛細血管密度も増加する,A,2,生理学,2,Q1264,False,4,1,2,5,4,5,4,1,38,C,TYPE_A Definition → Case,生理学のfact_recall。重要度4、Safety1、臨床推論2。別経路での確認価値を評価。,
KN1249,副交感神経は心臓の房室伝導を抑制し、伝導速度を低下させる,A,2,生理学,2,Q1265,False,4,1,2,5,4,5,4,1,38,C,TYPE_A Definition → Case,生理学のfact_recall。重要度4、Safety1、臨床推論2。別経路での確認価値を評価。,
KN1250,血球とその働きの組合せ,A,2,生理学,2,Q1266,False,4,1,2,5,4,5,4,1,38,C,TYPE_A Definition → Case,生理学のfact_recall。重要度4、Safety1、臨床推論2。別経路での確認価値を評価。,
KN1251,迷走神経刺激は胃酸分泌を促進し、壁細胞から分泌される内因子は回腸でのビタミンB12吸収に不可欠,A,2,生理学,2,Q1267,False,4,1,2,5,4,5,4,1,38,C,TYPE_A Definition → Case,生理学のfact_recall。重要度4、Safety1、臨床推論2。別経路での確認価値を評価。,
KN1252,筋と作用の組合せ,A,2,生理学,2,Q1268,False,4,1,2,5,4,5,4,1,38,C,TYPE_A Definition → Case,生理学のfact_recall。重要度4、Safety1、臨床推論2。別経路での確認価値を評価。,
KN1253,前鋸筋は肩甲骨を外転・上方回旋させ、上肢屈曲・挙上時に肩甲骨を胸郭へ安定させる,A,2,生理学,2,Q1269,False,4,1,2,5,4,5,4,1,38,C,TYPE_A Definition → Case,生理学のfact_recall。重要度4、Safety1、臨床推論2。別経路での確認価値を評価。,
KN1293,肩甲背神経は菱形筋を主に支配し、肩甲挙筋にも運動枝を与える,A,1,解剖学,1,Q1313,False,4,1,2,5,4,5,4,1,38,C,TYPE_A Definition → Case,解剖学のfact_recall。重要度4、Safety1、臨床推論2。別経路での確認価値を評価。,
KN1294,左反回神経は大動脈弓を回り込んで上行するため、鎖骨下動脈を回る右側より走行が長い,A,1,解剖学,1,Q1314,False,4,1,2,5,4,5,4,1,38,C,TYPE_A Definition → Case,解剖学のfact_recall。重要度4、Safety1、臨床推論2。別経路での確認価値を評価。,
KN1295,総頸動脈と椎骨動脈は左右一対存在する,A,1,解剖学,1,Q1315,False,4,1,2,5,4,5,4,1,38,C,TYPE_A Definition → Case,解剖学のfact_recall。重要度4、Safety1、臨床推論2。別経路での確認価値を評価。,
KN1297,筋収縮では必要張力に応じ活動する運動単位数を増やす『動員』が起こり、1個の運動ニューロンに属する筋線維は活動電位でほぼ同時に収縮する,A,2,生理学,2,Q1317,False,4,1,2,5,4,5,4,1,38,C,TYPE_A Definition → Case,生理学のfact_recall。重要度4、Safety1、臨床推論2。別経路での確認価値を評価。,
KN1298,骨盤神経はS2〜4由来の副交感神経線維を含み、膀胱・直腸など骨盤内臓器を支配する,A,2,生理学,2,Q1318,False,4,1,2,5,4,5,4,1,38,C,TYPE_A Definition → Case,生理学のfact_recall。重要度4、Safety1、臨床推論2。別経路での確認価値を評価。,
KN1299,肺拡散能はガス交換面積と血液側のヘモグロビン量などに影響される,A,2,生理学,2,Q1319,False,4,1,2,5,4,5,4,1,38,C,TYPE_A Definition → Case,生理学のfact_recall。重要度4、Safety1、臨床推論2。別経路での確認価値を評価。,
KN1300,線維素溶解系で働く因子,A,2,生理学,2,Q1320,False,4,1,2,5,4,5,4,1,38,C,TYPE_A Definition → Case,生理学のfact_recall。重要度4、Safety1、臨床推論2。別経路での確認価値を評価。,
KN1301,IgGは胎盤を通過し、胎児・新生児へ受動免疫を与える,A,2,生理学,2,Q1321,False,4,1,2,5,4,5,4,1,38,C,TYPE_A Definition → Case,生理学のfact_recall。重要度4、Safety1、臨床推論2。別経路での確認価値を評価。,
KN1302,肝臓はアンモニアを尿素へ変換し、薬物・毒物を代謝する,A,2,生理学,2,Q1322,False,4,1,2,5,4,5,4,1,38,C,TYPE_A Definition → Case,生理学のfact_recall。重要度4、Safety1、臨床推論2。別経路での確認価値を評価。,
KN1303,筋と下顎の運動の組合せ,A,2,生理学,2,Q1323,False,4,1,2,5,4,5,4,1,38,C,TYPE_A Definition → Case,生理学のfact_recall。重要度4、Safety1、臨床推論2。別経路での確認価値を評価。,
KN1329,立脚相後半に最大活動を示すのは下腿三頭筋で、立脚終期の前方推進と脛骨前傾制御に強く活動する,C,15,動作分析学,15,Q1349,False,5,1,2,5,4,5,2,1,38,C,TYPE_A Definition → Case,動作分析学のfact_recall。重要度5、Safety1、臨床推論2。別経路での確認価値を評価。,
KN1334,滑車神経は上斜筋のみを支配する,A,1,解剖学,1,Q1355,False,4,1,2,5,4,5,4,1,38,C,TYPE_A Definition → Case,解剖学のfact_recall。重要度4、Safety1、臨床推論2。別経路での確認価値を評価。,
KN1335,腋窩神経は腕神経叢後神経束から分岐し、三角筋・小円筋と肩外側部皮膚感覚を支配する,A,1,解剖学,1,Q1356,False,4,1,2,5,4,5,4,1,38,C,TYPE_A Definition → Case,解剖学のfact_recall。重要度4、Safety1、臨床推論2。別経路での確認価値を評価。,
KN1336,甲状腺C細胞はカルシトニンを分泌し、血中カルシウム濃度を低下させる方向に働く,A,2,生理学,2,Q1357,False,4,1,2,5,4,5,4,1,38,C,TYPE_A Definition → Case,生理学のfact_recall。重要度4、Safety1、臨床推論2。別経路での確認価値を評価。,
KN1338,中心小体は中心体を構成し、細胞分裂時に紡錘体形成へ関与する,A,1,解剖学,1,Q1359,False,4,1,2,5,4,5,4,1,38,C,TYPE_A Definition → Case,解剖学のfact_recall。重要度4、Safety1、臨床推論2。別経路での確認価値を評価。,
KN1340,副腎髄質のクロム親和性細胞は交感神経節後ニューロンに相当し、交感神経節前線維から直接刺激を受ける,A,2,生理学,2,Q1361,False,4,1,2,5,4,5,4,1,38,C,TYPE_A Definition → Case,生理学のfact_recall。重要度4、Safety1、臨床推論2。別経路での確認価値を評価。,
KN1341,局所低酸素により肺細動脈が収縮し、換気不良部への血流を減らす低酸素性肺血管収縮が起こる,A,2,生理学,2,Q1362,False,4,1,2,5,4,5,4,1,38,C,TYPE_A Definition → Case,生理学のfact_recall。重要度4、Safety1、臨床推論2。別経路での確認価値を評価。,
KN1342,体温調節中枢は間脳の視床下部にある,A,2,生理学,2,Q1364,False,4,1,2,5,4,5,4,1,38,C,TYPE_A Definition → Case,生理学のfact_recall。重要度4、Safety1、臨床推論2。別経路での確認価値を評価。,
KN1368,慢性炎症では代謝亢進により基礎代謝量が増加する,A,2,生理学,2,Q1392,False,4,1,2,5,4,5,4,1,38,C,TYPE_A Definition → Case,生理学のfact_recall。重要度4、Safety1、臨床推論2。別経路での確認価値を評価。,
KN1377,登はん性起立（Gowers徴候）はDuchenne型筋ジストロフィーに典型的,C,15,動作分析学,15,Q1401,False,5,1,2,5,4,5,2,1,38,C,TYPE_A Definition → Case,動作分析学のfact_recall。重要度5、Safety1、臨床推論2。別経路での確認価値を評価。,
KN1378,荷重応答期は床反力が膝後方を通り屈曲モーメントを生じるため、大腿四頭筋による膝伸展モーメントが最大となる,C,15,動作分析学,15,Q1402,False,5,1,2,5,4,5,2,1,38,C,TYPE_A Definition → Case,動作分析学のfact_recall。重要度5、Safety1、臨床推論2。別経路での確認価値を評価。,
KN1383,肩関節と股関節にはそれぞれ関節唇があり関節窩を深くする,A,1,解剖学,1,Q1407,False,4,1,2,5,4,5,4,1,38,C,TYPE_A Definition → Case,解剖学のfact_recall。重要度4、Safety1、臨床推論2。別経路での確認価値を評価。,
KN1384,副神経は胸鎖乳突筋・僧帽筋を支配する純運動性脳神経,A,1,解剖学,1,Q1408,False,4,1,2,5,4,5,4,1,38,C,TYPE_A Definition → Case,解剖学のfact_recall。重要度4、Safety1、臨床推論2。別経路での確認価値を評価。,
KN1385,母指内転筋は尺骨神経深枝支配,A,1,解剖学,1,Q1409,False,4,1,2,5,4,5,4,1,38,C,TYPE_A Definition → Case,解剖学のfact_recall。重要度4、Safety1、臨床推論2。別経路での確認価値を評価。,
KN1386,食道は左主気管支と交差する部位で圧迫され、生理的狭窄を形成する,A,1,解剖学,1,Q1410,False,4,1,2,5,4,5,4,1,38,C,TYPE_A Definition → Case,解剖学のfact_recall。重要度4、Safety1、臨床推論2。別経路での確認価値を評価。,
KN1387,下垂体後葉からはオキシトシンとバソプレシンが放出される,A,2,生理学,2,Q1411,False,4,1,2,5,4,5,4,1,38,C,TYPE_A Definition → Case,生理学のfact_recall。重要度4、Safety1、臨床推論2。別経路での確認価値を評価。,
KN1388,黄斑中心窩には錐体が高密度に存在し、色覚・高視力を担う,A,1,解剖学,1,Q1412,False,4,1,2,5,4,5,4,1,38,C,TYPE_A Definition → Case,解剖学のfact_recall。重要度4、Safety1、臨床推論2。別経路での確認価値を評価。,
KN1389,被殻へは中大脳動脈のレンズ核線条体動脈が分布する,A,1,解剖学,1,Q1413,False,4,1,2,5,4,5,4,1,38,C,TYPE_A Definition → Case,解剖学のfact_recall。重要度4、Safety1、臨床推論2。別経路での確認価値を評価。,
KN1390,Ⅰ型線維は遅筋で発生張力は小さめだが、酸化能・ミオグロビン・ミトコンドリアが多く疲労しにくい,A,2,生理学,2,Q1415,False,4,1,2,5,4,5,4,1,38,C,TYPE_A Definition → Case,生理学のfact_recall。重要度4、Safety1、臨床推論2。別経路での確認価値を評価。,
KN1391,自律神経の節前線維末端では交感・副交感ともアセチルコリンが放出される,A,2,生理学,2,Q1416,False,4,1,2,5,4,5,4,1,38,C,TYPE_A Definition → Case,生理学のfact_recall。重要度4、Safety1、臨床推論2。別経路での確認価値を評価。,
KN1393,胆汁は弱アルカリ性で脂肪の乳化を助ける,A,2,生理学,2,Q1418,False,4,1,2,5,4,5,4,1,38,C,TYPE_A Definition → Case,生理学のfact_recall。重要度4、Safety1、臨床推論2。別経路での確認価値を評価。,
KN1394,分泌期は排卵後から月経まで約14日で、10日間とする1が誤り,A,2,生理学,2,Q1419,False,4,1,2,5,4,5,4,1,38,C,TYPE_A Definition → Case,生理学のfact_recall。重要度4、Safety1、臨床推論2。別経路での確認価値を評価。,
KN1395,運動単位は1個のα運動ニューロンとその支配筋線維群で、同一運動単位の筋線維は同時に興奮する,A,2,生理学,2,Q1420,False,4,1,2,5,4,5,4,1,38,C,TYPE_A Definition → Case,生理学のfact_recall。重要度4、Safety1、臨床推論2。別経路での確認価値を評価。,
KN1400,正常歩行では立脚中期に身体重心が支持脚側へ最も側方移動する,C,15,動作分析学,15,Q1425,False,5,1,2,5,4,5,2,1,38,C,TYPE_A Definition → Case,動作分析学のfact_recall。重要度5、Safety1、臨床推論2。別経路での確認価値を評価。,
KN1443,完全型腕神経叢損傷では肩から手指まで広範な運動・感覚障害を生じる,A,1,解剖学,1,Q1468,False,4,1,2,5,4,5,4,1,38,C,TYPE_A Definition → Case,解剖学のfact_recall。重要度4、Safety1、臨床推論2。別経路での確認価値を評価。,
KN1453,中心後回には一次体性感覚野が位置する,A,1,解剖学,1,Q1478,False,4,1,2,5,4,5,4,1,38,C,TYPE_A Definition → Case,解剖学のfact_recall。重要度4、Safety1、臨床推論2。別経路での確認価値を評価。,
KN1454,動脈壁は内膜・中膜・外膜の3層からなる,A,1,解剖学,1,Q1479,False,4,1,2,5,4,5,4,1,38,C,TYPE_A Definition → Case,解剖学のfact_recall。重要度4、Safety1、臨床推論2。別経路での確認価値を評価。,
KN1456,身体構造と神経の組合せ,A,1,解剖学,1,Q1481,False,4,1,2,5,4,5,4,1,38,C,TYPE_A Definition → Case,解剖学のfact_recall。重要度4、Safety1、臨床推論2。別経路での確認価値を評価。,
KN1457,骨格筋線維内の筋原線維はZ線で区切られる筋節（sarcomere）が反復する構造,A,2,生理学,2,Q1482,False,4,1,2,5,4,5,4,1,38,C,TYPE_A Definition → Case,生理学のfact_recall。重要度4、Safety1、臨床推論2。別経路での確認価値を評価。,
KN1458,Golgi装置は細胞小器官であり感覚受容器ではない,A,2,生理学,2,Q1483,False,4,1,2,5,4,5,4,1,38,C,TYPE_A Definition → Case,生理学のfact_recall。重要度4、Safety1、臨床推論2。別経路での確認価値を評価。,
KN1459,長期持久力トレーニングでも最大心拍数は年齢依存性が強く、変化しにくい,A,2,生理学,2,Q1484,False,4,1,2,5,4,5,4,1,38,C,TYPE_A Definition → Case,生理学のfact_recall。重要度4、Safety1、臨床推論2。別経路での確認価値を評価。,
KN1460,交感神経節前線維末端からはアセチルコリンが放出される,A,2,生理学,2,Q1485,False,4,1,2,5,4,5,4,1,38,C,TYPE_A Definition → Case,生理学のfact_recall。重要度4、Safety1、臨床推論2。別経路での確認価値を評価。,
KN1461,トロンビンはフィブリノゲンをフィブリンへ変換し血栓を形成する,A,2,生理学,2,Q1486,False,4,1,2,5,4,5,4,1,38,C,TYPE_A Definition → Case,生理学のfact_recall。重要度4、Safety1、臨床推論2。別経路での確認価値を評価。,
KN1462,副腎皮質ステロイドはCa吸収を低下させ、リンの過剰摂取も腸管Ca吸収を妨げうる,A,2,生理学,2,Q1487,False,4,1,2,5,4,5,4,1,38,C,TYPE_A Definition → Case,生理学のfact_recall。重要度4、Safety1、臨床推論2。別経路での確認価値を評価。,
KN1463,アルドステロンはNa・水貯留を介し、コルチゾールも血管反応性維持などを通じ昇圧作用をもつ,A,2,生理学,2,Q1488,False,4,1,2,5,4,5,4,1,38,C,TYPE_A Definition → Case,生理学のfact_recall。重要度4、Safety1、臨床推論2。別経路での確認価値を評価。,
KN1464,食事誘発性熱産生は蛋白質で最も大きく、脂質で小さい,A,2,生理学,2,Q1489,False,4,1,2,5,4,5,4,1,38,C,TYPE_A Definition → Case,生理学のfact_recall。重要度4、Safety1、臨床推論2。別経路での確認価値を評価。,
KN1465,ワットは仕事率の単位で、仕事そのものはジュール,A,2,生理学,2,Q1490,False,4,1,2,5,4,5,4,1,38,C,TYPE_A Definition → Case,生理学のfact_recall。重要度4、Safety1、臨床推論2。別経路での確認価値を評価。,
KN1466,腕尺関節と母指IP関節はいずれも蝶番関節で1軸性,A,2,生理学,2,Q1491,False,4,1,2,5,4,5,4,1,38,C,TYPE_A Definition → Case,生理学のfact_recall。重要度4、Safety1、臨床推論2。別経路での確認価値を評価。,
KN1493,運動時のエネルギー供給,A,2,生理学,2,Q1518,False,4,1,2,5,4,5,4,1,38,C,TYPE_A Definition → Case,生理学のfact_recall。重要度4、Safety1、臨床推論2。別経路での確認価値を評価。,
KN1495,ケイデンスは単位時間あたりの歩数で、通常『歩/分』,C,15,動作分析学,15,Q1520,False,5,1,2,5,4,5,2,1,38,C,TYPE_A Definition → Case,動作分析学のfact_recall。重要度5、Safety1、臨床推論2。別経路での確認価値を評価。,
KN1503,損傷髄節以下の対側に温痛覚障害が生じる,A,1,解剖学,1,Q1529,False,4,1,2,5,4,5,4,1,38,C,TYPE_A Definition → Case,解剖学のfact_recall。重要度4、Safety1、臨床推論2。別経路での確認価値を評価。,
KN1504,後索内側毛帯路の内側毛帯は脳幹を上行し視床VPLへ投射する,A,1,解剖学,1,Q1530,False,4,1,2,5,4,5,4,1,38,C,TYPE_A Definition → Case,解剖学のfact_recall。重要度4、Safety1、臨床推論2。別経路での確認価値を評価。,
KN1505,橈骨神経は腕神経叢後神経束から分岐し、腕橈骨筋を支配する,A,1,解剖学,1,Q1531,False,4,1,2,5,4,5,4,1,38,C,TYPE_A Definition → Case,解剖学のfact_recall。重要度4、Safety1、臨床推論2。別経路での確認価値を評価。,
KN1506,三叉神経は橋外側から出る,A,1,解剖学,1,Q1532,False,4,1,2,5,4,5,4,1,38,C,TYPE_A Definition → Case,解剖学のfact_recall。重要度4、Safety1、臨床推論2。別経路での確認価値を評価。,
KN1507,広背筋は腕神経叢後神経束由来の胸背神経に支配される,A,1,解剖学,1,Q1533,False,4,1,2,5,4,5,4,1,38,C,TYPE_A Definition → Case,解剖学のfact_recall。重要度4、Safety1、臨床推論2。別経路での確認価値を評価。,
KN1508,後大脳動脈の穿通枝は視床へ血流を供給する,A,1,解剖学,1,Q1534,False,4,1,2,5,4,5,4,1,38,C,TYPE_A Definition → Case,解剖学のfact_recall。重要度4、Safety1、臨床推論2。別経路での確認価値を評価。,
KN1510,平滑筋は不随意筋で、骨格筋に比べ収縮が遅く持続性が高い,A,2,生理学,2,Q1536,False,4,1,2,5,4,5,4,1,38,C,TYPE_A Definition → Case,生理学のfact_recall。重要度4、Safety1、臨床推論2。別経路での確認価値を評価。,
KN1511,アナフィラキシーではIgEで感作された肥満細胞からヒスタミンなどが放出される,A,2,生理学,2,Q1537,False,4,1,2,5,4,5,4,1,38,C,TYPE_A Definition → Case,生理学のfact_recall。重要度4、Safety1、臨床推論2。別経路での確認価値を評価。,
KN1512,食事で胃が拡張すると胃大腸反射が起こり、大腸蠕動が促進される,A,2,生理学,2,Q1538,False,4,1,2,5,4,5,4,1,38,C,TYPE_A Definition → Case,生理学のfact_recall。重要度4、Safety1、臨床推論2。別経路での確認価値を評価。,
KN1513,肝臓は高い代謝活動により主要な熱産生臓器であり、深部にも温度受容器が存在する,A,2,生理学,2,Q1539,False,4,1,2,5,4,5,4,1,38,C,TYPE_A Definition → Case,生理学のfact_recall。重要度4、Safety1、臨床推論2。別経路での確認価値を評価。,
KN1514,射精は主に交感神経活動で精管・精囊・前立腺が収縮し、同時に膀胱頸部（内尿道括約筋）が収縮して精液の膀胱内逆流を防ぐ,A,1,解剖学,1,Q1540,False,4,1,2,5,4,5,4,1,38,C,TYPE_A Definition → Case,解剖学のfact_recall。重要度4、Safety1、臨床推論2。別経路での確認価値を評価。,
KN1516,前鋸筋と僧帽筋上部線維はいずれも肩甲骨上方回旋に関与し、上肢挙上を助ける,A,2,生理学,2,Q1542,False,4,1,2,5,4,5,4,1,38,C,TYPE_A Definition → Case,生理学のfact_recall。重要度4、Safety1、臨床推論2。別経路での確認価値を評価。,
KN1519,ハムストリングスなどが遠心性に活動し、前方へ振り出された下肢を減速する,C,15,動作分析学,15,Q1545,False,5,1,2,5,4,5,2,1,38,C,TYPE_A Definition → Case,動作分析学のfact_recall。重要度5、Safety1、臨床推論2。別経路での確認価値を評価。,
KN0235,結果の知識〈KR〉としてのフィードバック,C,13,基礎運動学,13,Q236,False,4,1,2,5,4,5,3,1,37,C,TYPE_A Definition → Case,基礎運動学のfact_recall。重要度4、Safety1、臨床推論2。別経路での確認価値を評価。,
KN0264,前方重心移動を制御する足関節戦略と下腿三頭筋,C,13,基礎運動学,13,Q265,False,4,1,2,5,4,5,3,1,37,C,TYPE_A Definition → Case,基礎運動学のfact_recall。重要度4、Safety1、臨床推論2。別経路での確認価値を評価。,
KN0271,肩甲上腕リズム2:1の基本,C,13,基礎運動学,13,Q272,False,4,1,2,5,4,5,3,1,37,C,TYPE_A Definition → Case,基礎運動学のfact_recall。重要度4、Safety1、臨床推論2。別経路での確認価値を評価。,
KN0283,力×モーメントアームによる関節モーメント算出,C,13,基礎運動学,13,Q285,False,4,1,2,5,4,5,3,1,37,C,TYPE_A Definition → Case,基礎運動学のfact_recall。重要度4、Safety1、臨床推論2。別経路での確認価値を評価。,
KN0294,Moro反射の消失時期,A,4,人間発達学,4,Q296,False,3,1,2,5,4,5,5,1,37,C,TYPE_A Definition → Case,人間発達学のfact_recall。重要度3、Safety1、臨床推論2。別経路での確認価値を評価。,
KN0342,相反抑制による拮抗筋活動の抑制,C,13,基礎運動学,13,Q345,False,4,1,2,5,4,5,3,1,37,C,TYPE_A Definition → Case,基礎運動学のfact_recall。重要度4、Safety1、臨床推論2。別経路での確認価値を評価。,
KN0404,STNR頸部屈曲時の上肢屈曲・下肢伸展反応,A,4,人間発達学,4,Q410,False,3,1,2,5,4,5,5,1,37,C,TYPE_A Definition → Case,人間発達学のfact_recall。重要度3、Safety1、臨床推論2。別経路での確認価値を評価。,
KN0483,在胎32週で出生しており、満期40週より8週早い,A,4,人間発達学,4,Q491,False,3,1,2,5,4,5,5,1,37,C,TYPE_A Definition → Case,人間発達学のfact_recall。重要度3、Safety1、臨床推論2。別経路での確認価値を評価。,
KN0601,プロラクチンによる乳汁産生促進,A,2,生理学,2,Q609|Q1153|Q1263,False,4,1,2,4,4,5,4,2,37,C,TYPE_A Definition → Case,生理学のfact_recall。重要度4、Safety1、臨床推論2。別経路での確認価値を評価。,multiple_node_descriptions
KN1080,遠心性収縮は筋が張力を出しながら伸張される収縮,C,13,基礎運動学,13,Q1091|Q1544,False,5,1,2,4,4,5,3,1,37,C,TYPE_A Definition → Case,基礎運動学のfact_recall。重要度5、Safety1、臨床推論2。別経路での確認価値を評価。,
KN1151,障害受容の5段階の順序,A,3,心理学,3|8,Q1164|Q1221,False,4,1,2,4,4,5,5,1,37,C,TYPE_A Definition → Case,心理学のfact_recall。重要度4、Safety1、臨床推論2。別経路での確認価値を評価。,
KN1256,矢状面の重心線は耳垂付近、肩峰付近、大転子や膝関節のやや前方、外果のやや前方を通る,C,13,基礎運動学,13,Q1272|Q1457,False,5,1,2,4,4,5,3,1,37,C,TYPE_A Definition → Case,基礎運動学のfact_recall。重要度5、Safety1、臨床推論2。別経路での確認価値を評価。,
KN1337,半規管は内リンパ流と膨大部稜で頭部の角加速度を感知する,A,1,解剖学,1|2,Q954|Q1358|Q1535,False,4,1,2,4,4,5,4,2,37,C,TYPE_A Definition → Case,解剖学のfact_recall。重要度4、Safety1、臨床推論2。別経路での確認価値を評価。,multiple_node_descriptions
KN0238,Fickの原理による酸素摂取量の算出,A,2,生理学,2,Q239,False,3,1,2,5,4,5,4,1,36,C,TYPE_A Definition → Case,生理学のfact_recall。重要度3、Safety1、臨床推論2。別経路での確認価値を評価。,
KN0284,骨粗鬆症のTスコア−2.5以下の判定基準,C,16,運動器,16|17,Q286|Q413,False,4,1,2,4,4,5,4,1,36,C,TYPE_A Definition → Case,運動器のfact_recall。重要度4、Safety1、臨床推論2。別経路での確認価値を評価。,
KN0289,タイプI筋線維の高ミトコンドリア・耐疲労特性,A,2,生理学,2,Q291,False,3,1,2,5,4,5,4,1,36,C,TYPE_A Definition → Case,生理学のfact_recall。重要度3、Safety1、臨床推論2。別経路での確認価値を評価。,
KN0296,V-slope法による換気性作業閾値の判定,A,2,生理学,2,Q298,False,3,1,2,5,4,5,4,1,36,C,TYPE_A Definition → Case,生理学のfact_recall。重要度3、Safety1、臨床推論2。別経路での確認価値を評価。,
KN0300,歩行率と歩幅から歩行速度を算出する,C,15,動作分析学,15,Q302,False,4,1,2,5,4,5,2,1,36,C,TYPE_A Definition → Case,動作分析学のfact_recall。重要度4、Safety1、臨床推論2。別経路での確認価値を評価。,
KN0302,下垂足FESで総腓骨神経を刺激して背屈を補助する,C,15,動作分析学,15,Q304,False,4,1,2,5,4,5,2,1,36,C,TYPE_A Definition → Case,動作分析学のfact_recall。重要度4、Safety1、臨床推論2。別経路での確認価値を評価。,
KN0340,水中で排除水量に応じて生じる浮力,A,2,生理学,2,Q343,False,3,1,2,5,4,5,4,1,36,C,TYPE_A Definition → Case,生理学のfact_recall。重要度3、Safety1、臨床推論2。別経路での確認価値を評価。,
KN0368,10RMの定義とレジスタンストレーニング負荷設定,A,2,生理学,2,Q373,False,3,1,2,5,4,5,4,1,36,C,TYPE_A Definition → Case,生理学のfact_recall。重要度3、Safety1、臨床推論2。別経路での確認価値を評価。,
KN0376,ISNCSCIにおけるC7 key muscle,A,1,解剖学,1,Q381,False,3,1,2,5,4,5,4,1,36,C,TYPE_A Definition → Case,解剖学のfact_recall。重要度3、Safety1、臨床推論2。別経路での確認価値を評価。,
KN0492,Fried frailty phenotypeの5構成要素,C,15,動作分析学,15,Q500,False,4,1,2,5,4,5,2,1,36,C,TYPE_A Definition → Case,動作分析学のfact_recall。重要度4、Safety1、臨床推論2。別経路での確認価値を評価。,
KN0503,グルコースが解糖系を通ってピルビン酸となり、酸素供給が不十分な条件では乳酸へ変換される,A,2,生理学,2,Q511|Q892,False,4,1,2,4,4,5,4,1,36,C,TYPE_A Definition → Case,生理学のfact_recall。重要度4、Safety1、臨床推論2。別経路での確認価値を評価。,
KN0522,三次予防は、すでに発症した疾病や障害について機能低下・合併症・再発を防ぎ、社会復帰を促す段階である,A,6,医学概論,6,Q530,False,4,1,2,5,4,5,2,1,36,C,TYPE_A Definition → Case,医学概論のfact_recall。重要度4、Safety1、臨床推論2。別経路での確認価値を評価。,
KN0524,Heinrich の法則の特徴,A,6,医学概論,6,Q532,False,4,1,2,5,4,5,2,1,36,C,TYPE_A Definition → Case,医学概論のfact_recall。重要度4、Safety1、臨床推論2。別経路での確認価値を評価。,
KN0593,ネフロンは腎小体と尿細管からなり、腎小体は糸球体とBowman嚢で構成される,A,1,解剖学,1,Q601|Q1260,False,4,1,2,4,4,5,4,1,36,C,TYPE_A Definition → Case,解剖学のfact_recall。重要度4、Safety1、臨床推論2。別経路での確認価値を評価。,
KN0597,交感神経の作用,A,2,生理学,2,Q605|Q815,False,4,1,2,4,4,5,4,1,36,C,TYPE_A Definition → Case,生理学のfact_recall。重要度4、Safety1、臨床推論2。別経路での確認価値を評価。,
KN0699,提示された研究デザインの中では、対象を無作為に割り付けて介入効果を比較する無作為化比較試験が最もバイアスを抑えやすく、エビデンスレベルが高い,A,6,医学概論,6,Q707,False,4,1,2,5,4,5,2,1,36,C,TYPE_A Definition → Case,医学概論のfact_recall。重要度4、Safety1、臨床推論2。別経路での確認価値を評価。,
KN0725,上斜筋は滑車神経支配である,A,1,解剖学,1,Q733|Q949,False,4,1,2,4,4,5,4,1,36,C,TYPE_A Definition → Case,解剖学のfact_recall。重要度4、Safety1、臨床推論2。別経路での確認価値を評価。,
KN0805,副腎髄質からのアドレナリン・ノルアドレナリン分泌,A,2,生理学,2,Q813|Q1079,False,4,1,2,4,4,5,4,1,36,C,TYPE_A Definition → Case,生理学のfact_recall。重要度4、Safety1、臨床推論2。別経路での確認価値を評価。,
KN0812,広背筋の肩関節伸展・内転・内旋作用,A,2,生理学,2|13,Q821|Q1365,False,4,1,2,4,4,5,4,1,36,C,TYPE_A Definition → Case,生理学のfact_recall。重要度4、Safety1、臨床推論2。別経路での確認価値を評価。,
KN0839,対応のない2群で、連続変数が正規分布する場合は独立2標本のStudentのt検定を用いる,A,6,医学概論,6,Q848,False,4,1,2,5,4,5,2,1,36,C,TYPE_A Definition → Case,医学概論のfact_recall。重要度4、Safety1、臨床推論2。別経路での確認価値を評価。,
KN0922,股関節外転筋機能低下によるTrendelenburg徴候,C,15,動作分析学,15|16,Q931|Q1299,False,5,1,2,4,4,5,2,1,36,C,TYPE_A Definition → Case,動作分析学のfact_recall。重要度5、Safety1、臨床推論2。別経路での確認価値を評価。,
KN0979,ICFは心身機能・身体構造、活動、参加、環境因子などが相互作用するモデルで、活動・参加の第一評価点は実行状況を表す,A,6,医学概論,6,Q989,False,4,1,2,5,4,5,2,1,36,C,TYPE_A Definition → Case,医学概論のfact_recall。重要度4、Safety1、臨床推論2。別経路での確認価値を評価。,
KN1013,角膜反射の求心路は三叉神経第1枝、遠心路は顔面神経である,A,2,生理学,2|8,Q1023|Q1553,False,4,1,2,4,4,5,4,1,36,C,TYPE_A Definition → Case,生理学のfact_recall。重要度4、Safety1、臨床推論2。別経路での確認価値を評価。,
KN1104,インシデントレポートを再発防止に生かす報告文化の理解,A,6,医学概論,6,Q1115,False,4,1,2,5,4,5,2,1,36,C,TYPE_A Definition → Case,医学概論のfact_recall。重要度4、Safety1、臨床推論2。別経路での確認価値を評価。,
KN1124,ICFコアセットは特定疾患・状況で重要なICF項目を選んだもので、脳卒中用などが開発されている,A,6,医学概論,6,Q1135,False,4,1,2,5,4,5,2,1,36,C,TYPE_A Definition → Case,医学概論のfact_recall。重要度4、Safety1、臨床推論2。別経路での確認価値を評価。,
KN1134,ミトコンドリアでの酸化的リン酸化によるATP産生,A,1,解剖学,1|2,Q1146|Q1414,False,4,1,2,4,4,5,4,1,36,C,TYPE_A Definition → Case,解剖学のfact_recall。重要度4、Safety1、臨床推論2。別経路での確認価値を評価。,
KN1171,コホート研究とケースコントロール研究はいずれも研究者が介入を割り付けない観察研究,A,6,医学概論,6,Q1184,False,4,1,2,5,4,5,2,1,36,C,TYPE_A Definition → Case,医学概論のfact_recall。重要度4、Safety1、臨床推論2。別経路での確認価値を評価。,
KN1382,無作為割付により既知・未知の交絡因子を群間で均衡化しやすい,A,6,医学概論,6,Q1406,False,4,1,2,5,4,5,2,1,36,C,TYPE_A Definition → Case,医学概論のfact_recall。重要度4、Safety1、臨床推論2。別経路での確認価値を評価。,
KN1437,正規分布を仮定した3群以上の平均値比較には一元配置分散分析を用いる,A,6,医学概論,6,Q1462,False,4,1,2,5,4,5,2,1,36,C,TYPE_A Definition → Case,医学概論のfact_recall。重要度4、Safety1、臨床推論2。別経路での確認価値を評価。,
KN1451,個人情報を保護し、患者の自己決定権を尊重することが基本となる,A,6,医学概論,6,Q1476,False,4,1,2,5,4,5,2,1,36,C,TYPE_A Definition → Case,医学概論のfact_recall。重要度4、Safety1、臨床推論2。別経路での確認価値を評価。,
KN1471,ICFの生物心理社会モデルには心身機能・身体構造、活動、参加、環境因子、個人因子が相互作用する,A,6,医学概論,6,Q1496,False,4,1,2,5,4,5,2,1,36,C,TYPE_A Definition → Case,医学概論のfact_recall。重要度4、Safety1、臨床推論2。別経路での確認価値を評価。,
KN1496,訪問リハビリテーションは利用可能なサービス・制度であり、ICFでは環境因子に分類される,A,6,医学概論,6,Q1521,False,4,1,2,5,4,5,2,1,36,C,TYPE_A Definition → Case,医学概論のfact_recall。重要度4、Safety1、臨床推論2。別経路での確認価値を評価。,
KN0169,通所リハビリテーションは、要介護認定者などが施設へ通い、医師の指示に基づいてリハビリテーションを受ける介護保険サービスである,A,6,医学概論,6,Q170,False,3,1,2,5,4,5,2,2,35,C,TYPE_A Definition → Case,医学概論のfact_recall。重要度3、Safety1、臨床推論2。別経路での確認価値を評価。,currentness_review_needed
KN0160,相対危険度は、曝露群の疾患発生割合を非曝露群の疾患発生割合で除して求める,A,6,医学概論,6,Q161,False,3,1,2,5,4,5,2,1,34,C,TYPE_A Definition → Case,医学概論のfact_recall。重要度3、Safety1、臨床推論2。別経路での確認価値を評価。,
KN0174,介入群と対照群を設け、対象者を無作為に各群へ割り付けて新しい運動療法の効果を比較する研究は無作為化比較試験である,A,6,医学概論,6,Q175,False,3,1,2,5,4,5,2,1,34,C,TYPE_A Definition → Case,医学概論のfact_recall。重要度3、Safety1、臨床推論2。別経路での確認価値を評価。,
KN0257,標本数増加による第2種過誤の低減と検出力向上,A,6,医学概論,6,Q258,False,3,1,2,5,4,5,2,1,34,C,TYPE_A Definition → Case,医学概論のfact_recall。重要度3、Safety1、臨床推論2。別経路での確認価値を評価。,
KN0269,Bland–Altman分析は2方法の測定値の差を縦軸、平均を横軸に示し、平均差による系統誤差と一致限界を評価する,A,6,医学概論,6,Q270,False,3,1,2,5,4,5,2,1,34,C,TYPE_A Definition → Case,医学概論のfact_recall。重要度3、Safety1、臨床推論2。別経路での確認価値を評価。,
KN0298,クロスオーバー試験で個体差を抑える設計特性,A,6,医学概論,6,Q300,False,3,1,2,5,4,5,2,1,34,C,TYPE_A Definition → Case,医学概論のfact_recall。重要度3、Safety1、臨床推論2。別経路での確認価値を評価。,
KN0303,intention-to-treat解析の原則,A,6,医学概論,6,Q305,False,3,1,2,5,4,5,2,1,34,C,TYPE_A Definition → Case,医学概論のfact_recall。重要度3、Safety1、臨床推論2。別経路での確認価値を評価。,
KN0308,I²統計量は、観察された効果量のばらつきのうち標本誤差ではなく研究間異質性による割合を示す,A,6,医学概論,6,Q310,False,3,1,2,5,4,5,2,1,34,C,TYPE_A Definition → Case,医学概論のfact_recall。重要度3、Safety1、臨床推論2。別経路での確認価値を評価。,
KN0344,MCIDが示す患者にとって意味のある最小変化,A,6,医学概論,6,Q347,False,3,1,2,5,4,5,2,1,34,C,TYPE_A Definition → Case,医学概論のfact_recall。重要度3、Safety1、臨床推論2。別経路での確認価値を評価。,
KN0352,打ち切りを扱い共変量調整するCox比例ハザード解析,A,6,医学概論,6,Q355,False,3,1,2,5,4,5,2,1,34,C,TYPE_A Definition → Case,医学概論のfact_recall。重要度3、Safety1、臨床推論2。別経路での確認価値を評価。,
KN0385,半構造化面接データの質的内容分析・テーマ抽出,A,6,医学概論,6,Q390,False,3,1,2,5,4,5,2,1,34,C,TYPE_A Definition → Case,医学概論のfact_recall。重要度3、Safety1、臨床推論2。別経路での確認価値を評価。,
KN0395,複数項目からなる質問票で、各項目が同一概念をどの程度一貫して測定しているかは内的一貫性で評価する,A,6,医学概論,6,Q400,False,3,1,2,5,4,5,2,1,34,C,TYPE_A Definition → Case,医学概論のfact_recall。重要度3、Safety1、臨床推論2。別経路での確認価値を評価。,
KN0422,名義尺度としてのカテゴリー変数の識別,A,6,医学概論,6,Q430,False,3,1,2,5,4,5,2,1,34,C,TYPE_A Definition → Case,医学概論のfact_recall。重要度3、Safety1、臨床推論2。別経路での確認価値を評価。,
KN0452,割付け隠蔽による選択バイアス抑制,A,6,医学概論,6,Q460,False,3,1,2,5,4,5,2,1,34,C,TYPE_A Definition → Case,医学概論のfact_recall。重要度3、Safety1、臨床推論2。別経路での確認価値を評価。,
KN0453,person-timeを用いた発生率計算,A,6,医学概論,6,Q461,False,3,1,2,5,4,5,2,1,34,C,TYPE_A Definition → Case,医学概論のfact_recall。重要度3、Safety1、臨床推論2。別経路での確認価値を評価。,
KN0454,ROC-AUCによる検査識別能,A,6,医学概論,6,Q462,False,3,1,2,5,4,5,2,1,34,C,TYPE_A Definition → Case,医学概論のfact_recall。重要度3、Safety1、臨床推論2。別経路での確認価値を評価。,
KN0456,異なる尺度の連続アウトカムを統合する標準化平均差,A,6,医学概論,6,Q464,False,3,1,2,5,4,5,2,1,34,C,TYPE_A Definition → Case,医学概論のfact_recall。重要度3、Safety1、臨床推論2。別経路での確認価値を評価。,
KN0795,ノーマライゼーションは障害の有無にかかわらず、地域で通常の生活を営める社会を目指す理念である,A,6,医学概論,6,Q803|Q1389,False,4,1,2,4,4,5,2,1,34,C,TYPE_A Definition → Case,医学概論のfact_recall。重要度4、Safety1、臨床推論2。別経路での確認価値を評価。,
KN1324,ICFの環境因子には製品・技術、自然環境、支援、人々の態度、サービス・制度などが含まれる,A,6,医学概論,6,Q1344|Q1390,False,4,1,2,4,4,5,2,1,34,C,TYPE_A Definition → Case,医学概論のfact_recall。重要度4、Safety1、臨床推論2。別経路での確認価値を評価。,
KN0205,Parkinson病のすくみ足に対する外的キューの活用,B,9,神経医学,9|15|18,Q206|Q273|Q1446,False,5,1,5,4,5,3,5,2,45,HOLD,TYPE_J Clinical case → Intervention choice,神経医学のintervention_selection。重要度5、Safety1、臨床推論5。別経路での確認価値を評価。,canonical Node spans more than two fields; multiple_node_descriptions
KN0609,ワルファリンによるビタミンK依存性凝固因子合成阻害,A,2,生理学,2|7|8,Q617|Q1225|Q1363,False,4,1,2,4,4,5,4,1,36,HOLD,TYPE_A Definition → Case,生理学のfact_recall。重要度4、Safety1、臨床推論2。別経路での確認価値を評価。,canonical Node spans more than two fields
